{"ts": "2026-06-14T09:00:04.819727", "event": "session_start", "session_sec": 0.0, "sec_since_checkpoint": 0.0, "store_size": 0, "vnn_nodes": 0, "vnn_archways": 0, "detail": null}
{"ts": "2026-06-14T09:10:10.885845", "event": "checkpoint:heartbeat", "session_sec": 606.1, "sec_since_checkpoint": 0.0, "store_size": 557, "vnn_nodes": 337, "vnn_archways": 788, "detail": null}
{"ts": "2026-06-14T09:20:20.059865", "event": "checkpoint:heartbeat", "session_sec": 1215.2, "sec_since_checkpoint": 0.0, "store_size": 885, "vnn_nodes": 791, "vnn_archways": 1720, "detail": null}
{"ts": "2026-06-14T09:22:21.723242", "event": "preserve:signal:SIGINT (Ctrl+C)", "session_sec": 1336.9, "sec_since_checkpoint": 121.7, "store_size": 975, "vnn_nodes": 872, "vnn_archways": 1906, "detail": null}
{"ts": "2026-06-14T09:22:55.492082", "event": "session_start", "session_sec": 0.0, "sec_since_checkpoint": 0.0, "store_size": 975, "vnn_nodes": 0, "vnn_archways": 0, "detail": null}
{"ts": "2026-06-14T09:23:36.940586", "event": "preserve:signal:SIGINT (Ctrl+C)", "session_sec": 41.4, "sec_since_checkpoint": 41.4, "store_size": 1004, "vnn_nodes": 113, "vnn_archways": 0, "detail": null}
{"ts": "2026-06-14T09:29:06.101411", "event": "session_start", "session_sec": 0.0, "sec_since_checkpoint": 0.0, "store_size": 1004, "vnn_nodes": 0, "vnn_archways": 0, "detail": null}
{"ts": "2026-06-14T09:29:47.002579", "event": "preserve:signal:SIGINT (Ctrl+C)", "session_sec": 40.9, "sec_since_checkpoint": 40.9, "store_size": 1020, "vnn_nodes": 60, "vnn_archways": 0, "detail": null}
{"ts": "2026-06-14T09:45:53.585376", "event": "session_start", "session_sec": 0.0, "sec_since_checkpoint": 0.0, "store_size": 1020, "vnn_nodes": 60, "vnn_archways": 0, "detail": null}
{"ts": "2026-06-14T09:46:47.060793", "event": "preserve:signal:SIGINT (Ctrl+C)", "session_sec": 53.5, "sec_since_checkpoint": 53.5, "store_size": 1041, "vnn_nodes": 66, "vnn_archways": 0, "detail": null}
{"ts": "2026-06-14T10:19:17.493986", "event": "session_start", "session_sec": 0.0, "sec_since_checkpoint": 0.0, "store_size": 1041, "vnn_nodes": 66, "vnn_archways": 0, "detail": null}
{"ts": "2026-06-14T10:29:59.497144", "event": "checkpoint:heartbeat", "session_sec": 642.0, "sec_since_checkpoint": 0.0, "store_size": 1422, "vnn_nodes": 10052, "vnn_archways": 54054, "detail": null}
{"ts": "2026-06-14T10:40:55.367473", "event": "checkpoint:heartbeat", "session_sec": 1297.9, "sec_since_checkpoint": 0.0, "store_size": 1632, "vnn_nodes": 10377, "vnn_archways": 54054, "detail": null}
{"ts": "2026-06-14T10:51:52.141648", "event": "checkpoint:heartbeat", "session_sec": 1954.6, "sec_since_checkpoint": 0.0, "store_size": 1830, "vnn_nodes": 10628, "vnn_archways": 54054, "detail": null}
{"ts": "2026-06-14T11:02:54.083799", "event": "checkpoint:heartbeat", "session_sec": 2616.6, "sec_since_checkpoint": 0.0, "store_size": 2025, "vnn_nodes": 10877, "vnn_archways": 54054, "detail": null}
{"ts": "2026-06-14T11:14:03.005134", "event": "checkpoint:heartbeat", "session_sec": 3285.5, "sec_since_checkpoint": 0.0, "store_size": 2217, "vnn_nodes": 11137, "vnn_archways": 54054, "detail": null}
{"ts": "2026-06-14T11:25:26.163103", "event": "checkpoint:heartbeat", "session_sec": 3968.7, "sec_since_checkpoint": 0.0, "store_size": 2424, "vnn_nodes": 11411, "vnn_archways": 54054, "detail": null}
{"ts": "2026-06-14T11:36:54.006835", "event": "checkpoint:heartbeat", "session_sec": 4656.5, "sec_since_checkpoint": 0.0, "store_size": 2619, "vnn_nodes": 11677, "vnn_archways": 54054, "detail": null}
{"ts": "2026-06-14T11:48:20.778295", "event": "checkpoint:heartbeat", "session_sec": 5343.3, "sec_since_checkpoint": 0.0, "store_size": 2813, "vnn_nodes": 11904, "vnn_archways": 54054, "detail": null}
{"ts": "2026-06-14T11:59:53.896867", "event": "checkpoint:heartbeat", "session_sec": 6036.4, "sec_since_checkpoint": 0.0, "store_size": 2999, "vnn_nodes": 12200, "vnn_archways": 54054, "detail": null}
{"ts": "2026-06-14T12:11:38.983410", "event": "checkpoint:heartbeat", "session_sec": 6741.5, "sec_since_checkpoint": 0.0, "store_size": 3166, "vnn_nodes": 12488, "vnn_archways": 54060, "detail": null}
{"ts": "2026-06-14T12:23:22.515821", "event": "checkpoint:heartbeat", "session_sec": 7445.0, "sec_since_checkpoint": 0.0, "store_size": 3331, "vnn_nodes": 12811, "vnn_archways": 54060, "detail": null}
{"ts": "2026-06-14T12:35:20.269769", "event": "checkpoint:heartbeat", "session_sec": 8162.8, "sec_since_checkpoint": 0.0, "store_size": 3511, "vnn_nodes": 13103, "vnn_archways": 54060, "detail": null}
{"ts": "2026-06-14T12:47:14.704035", "event": "checkpoint:heartbeat", "session_sec": 8877.2, "sec_since_checkpoint": 0.0, "store_size": 3669, "vnn_nodes": 13351, "vnn_archways": 54060, "detail": null}
{"ts": "2026-06-14T12:59:20.424723", "event": "checkpoint:heartbeat", "session_sec": 9602.9, "sec_since_checkpoint": 0.0, "store_size": 3815, "vnn_nodes": 13631, "vnn_archways": 54060, "detail": null}
{"ts": "2026-06-14T13:11:21.293539", "event": "checkpoint:heartbeat", "session_sec": 10323.8, "sec_since_checkpoint": 0.0, "store_size": 3972, "vnn_nodes": 13924, "vnn_archways": 54060, "detail": null}
{"ts": "2026-06-14T13:23:28.690420", "event": "checkpoint:heartbeat", "session_sec": 11051.2, "sec_since_checkpoint": 0.0, "store_size": 4134, "vnn_nodes": 14189, "vnn_archways": 54062, "detail": null}
{"ts": "2026-06-14T13:35:40.568223", "event": "checkpoint:heartbeat", "session_sec": 11783.1, "sec_since_checkpoint": 0.0, "store_size": 4301, "vnn_nodes": 14480, "vnn_archways": 54062, "detail": null}
{"ts": "2026-06-14T13:47:54.620579", "event": "checkpoint:heartbeat", "session_sec": 12517.1, "sec_since_checkpoint": 0.0, "store_size": 4466, "vnn_nodes": 14715, "vnn_archways": 54062, "detail": null}
{"ts": "2026-06-14T14:00:12.421383", "event": "checkpoint:heartbeat", "session_sec": 13254.9, "sec_since_checkpoint": 0.0, "store_size": 4597, "vnn_nodes": 14993, "vnn_archways": 54062, "detail": null}
{"ts": "2026-06-14T14:12:52.109803", "event": "checkpoint:heartbeat", "session_sec": 14014.6, "sec_since_checkpoint": 0.0, "store_size": 4713, "vnn_nodes": 15280, "vnn_archways": 54062, "detail": null}
{"ts": "2026-06-14T14:21:19.262549", "event": "preserve:signal:SIGINT (Ctrl+C)", "session_sec": 14521.8, "sec_since_checkpoint": 507.2, "store_size": 4759, "vnn_nodes": 15628, "vnn_archways": 54454, "detail": null}
{"ts": "2026-06-14T14:39:43.222448", "event": "session_start", "session_sec": 0.0, "sec_since_checkpoint": 0.0, "store_size": 4759, "vnn_nodes": 15628, "vnn_archways": 54454, "detail": null}
{"ts": "2026-06-14T14:42:02.936387", "event": "checkpoint:memory_pressure", "session_sec": 139.7, "sec_since_checkpoint": 0.0, "store_size": 4761, "vnn_nodes": 15629, "vnn_archways": 54454, "detail": null}
{"ts": "2026-06-14T14:44:20.750831", "event": "checkpoint:memory_pressure", "session_sec": 277.5, "sec_since_checkpoint": 0.0, "store_size": 4761, "vnn_nodes": 15629, "vnn_archways": 54454, "detail": null}
{"ts": "2026-06-14T14:46:37.840706", "event": "checkpoint:memory_pressure", "session_sec": 414.6, "sec_since_checkpoint": 0.0, "store_size": 4762, "vnn_nodes": 15638, "vnn_archways": 54454, "detail": null}
{"ts": "2026-06-14T15:00:12.755373", "event": "session_start", "session_sec": 0.0, "sec_since_checkpoint": 0.0, "store_size": 0, "vnn_nodes": 0, "vnn_archways": 0, "detail": null}
{"ts": "2026-06-14T15:00:24.362471", "event": "preserve:signal:SIGINT (Ctrl+C)", "session_sec": 11.6, "sec_since_checkpoint": 11.6, "store_size": 14, "vnn_nodes": 39, "vnn_archways": 0, "detail": null}
{"ts": "2026-06-14T19:28:38.092720", "event": "session_start", "session_sec": 0.0, "sec_since_checkpoint": 0.0, "store_size": 14, "vnn_nodes": 39, "vnn_archways": 0, "detail": null}
{"ts": "2026-06-14T19:37:22.943591", "event": "preserve:signal:SIGINT (Ctrl+C)", "session_sec": 524.9, "sec_since_checkpoint": 524.9, "store_size": 465, "vnn_nodes": 195, "vnn_archways": 160, "detail": null}
{"ts": "2026-06-14T20:10:27.515257", "event": "session_start", "session_sec": 0.0, "sec_since_checkpoint": 0.0, "store_size": 465, "vnn_nodes": 195, "vnn_archways": 160, "detail": null}
{"ts": "2026-06-14T20:18:50.098964", "event": "preserve:signal:SIGINT (Ctrl+C)", "session_sec": 502.6, "sec_since_checkpoint": 502.6, "store_size": 635, "vnn_nodes": 266, "vnn_archways": 310, "detail": null}
{"ts": "2026-06-15T12:08:53.807905", "event": "session_start", "session_sec": 0.0, "sec_since_checkpoint": 0.0, "store_size": 635, "vnn_nodes": 266, "vnn_archways": 310, "detail": null}
{"ts": "2026-06-15T12:12:08.890850", "event": "preserve:signal:SIGINT (Ctrl+C)", "session_sec": 195.1, "sec_since_checkpoint": 195.1, "store_size": 865, "vnn_nodes": 1935, "vnn_archways": 8948, "detail": null}
{"ts": "2026-06-15T12:41:32.188778", "event": "session_start", "session_sec": 0.0, "sec_since_checkpoint": 0.0, "store_size": 21679, "vnn_nodes": 5030, "vnn_archways": 11882, "detail": null}
{"ts": "2026-06-15T12:45:58.097304", "event": "preserve:finally", "session_sec": 265.9, "sec_since_checkpoint": 265.9, "store_size": 21683, "vnn_nodes": 5033, "vnn_archways": 11882, "detail": null}
{"ts": "2026-06-15T16:18:17.196005", "event": "session_start", "session_sec": 0.0, "sec_since_checkpoint": 0.0, "store_size": 865, "vnn_nodes": 1935, "vnn_archways": 8948, "detail": null}
{"ts": "2026-06-15T16:23:15.278151", "event": "preserve:finally", "session_sec": 298.1, "sec_since_checkpoint": 298.1, "store_size": 1020, "vnn_nodes": 4185, "vnn_archways": 20502, "detail": null}
{"ts": "2026-06-15T17:07:12.140738", "event": "session_start", "session_sec": 0.0, "sec_since_checkpoint": 0.0, "store_size": 1020, "vnn_nodes": 4185, "vnn_archways": 20502, "detail": null}
{"ts": "2026-06-15T17:17:39.838211", "event": "checkpoint:heartbeat", "session_sec": 627.7, "sec_since_checkpoint": 0.0, "store_size": 1054, "vnn_nodes": 5248, "vnn_archways": 20998, "detail": null}
{"ts": "2026-06-15T17:21:02.681385", "event": "preserve:finally", "session_sec": 830.5, "sec_since_checkpoint": 202.8, "store_size": 1072, "vnn_nodes": 5902, "vnn_archways": 21078, "detail": null}
{"ts": "2026-06-15T17:51:00.297041", "event": "session_start", "session_sec": 0.0, "sec_since_checkpoint": 0.0, "store_size": 1072, "vnn_nodes": 5902, "vnn_archways": 21078, "detail": null}
{"ts": "2026-06-15T18:01:31.187331", "event": "checkpoint:heartbeat", "session_sec": 630.9, "sec_since_checkpoint": 0.0, "store_size": 1167, "vnn_nodes": 8264, "vnn_archways": 26238, "detail": null}
{"ts": "2026-06-15T18:05:05.441558", "event": "preserve:finally", "session_sec": 845.1, "sec_since_checkpoint": 214.3, "store_size": 1184, "vnn_nodes": 8518, "vnn_archways": 26244, "detail": null}
{"ts": "2026-06-15T18:10:42.555895", "event": "session_start", "session_sec": 0.0, "sec_since_checkpoint": 0.0, "store_size": 1184, "vnn_nodes": 8518, "vnn_archways": 26244, "detail": null}
{"ts": "2026-06-15T18:11:36.292894", "event": "preserve:finally", "session_sec": 53.7, "sec_since_checkpoint": 53.7, "store_size": 1187, "vnn_nodes": 8519, "vnn_archways": 26244, "detail": null}
{"ts": "2026-06-15T18:12:13.035983", "event": "session_start", "session_sec": 0.0, "sec_since_checkpoint": 0.0, "store_size": 1187, "vnn_nodes": 8519, "vnn_archways": 26244, "detail": null}
{"ts": "2026-06-15T18:13:44.273726", "event": "preserve:finally", "session_sec": 91.2, "sec_since_checkpoint": 91.2, "store_size": 1195, "vnn_nodes": 8524, "vnn_archways": 26244, "detail": null}
{"ts": "2026-06-16T16:30:15.853366", "event": "session_start", "session_sec": 0.0, "sec_since_checkpoint": 0.0, "store_size": 0, "vnn_nodes": 0, "vnn_archways": 0, "detail": null}
{"ts": "2026-06-16T16:37:31.544811", "event": "preserve:finally", "session_sec": 435.7, "sec_since_checkpoint": 435.7, "store_size": 498, "vnn_nodes": 1819, "vnn_archways": 9488, "detail": null}
{"ts": "2026-06-16T17:17:17.155343", "event": "session_start", "session_sec": 0.0, "sec_since_checkpoint": 0.0, "store_size": 498, "vnn_nodes": 1819, "vnn_archways": 9488, "detail": null}
{"ts": "2026-06-16T17:20:33.225393", "event": "preserve:finally", "session_sec": 196.1, "sec_since_checkpoint": 196.1, "store_size": 583, "vnn_nodes": 2178, "vnn_archways": 11548, "detail": null}
{"ts": "2026-06-16T17:38:04.493770", "event": "session_start", "session_sec": 0.0, "sec_since_checkpoint": 0.0, "store_size": 583, "vnn_nodes": 2178, "vnn_archways": 11548, "detail": null}
{"ts": "2026-06-16T17:43:36.390140", "event": "preserve:finally", "session_sec": 331.9, "sec_since_checkpoint": 331.9, "store_size": 707, "vnn_nodes": 3328, "vnn_archways": 17418, "detail": null}
{"ts": "2026-06-17T10:14:30.505688", "event": "session_start", "session_sec": 0.0, "sec_since_checkpoint": 0.0, "store_size": 0, "vnn_nodes": 0, "vnn_archways": 0, "detail": null}
{"ts": "2026-06-17T10:19:05.043975", "event": "preserve:finally", "session_sec": 274.5, "sec_since_checkpoint": 274.5, "store_size": 208, "vnn_nodes": 1740, "vnn_archways": 8932, "detail": null}
{"ts": "2026-06-17T10:28:42.307356", "event": "session_start", "session_sec": 0.0, "sec_since_checkpoint": 0.0, "store_size": 208, "vnn_nodes": 1740, "vnn_archways": 8932, "detail": null}
{"ts": "2026-06-17T10:38:57.923624", "event": "checkpoint:heartbeat", "session_sec": 615.6, "sec_since_checkpoint": 0.0, "store_size": 617, "vnn_nodes": 4086, "vnn_archways": 18254, "detail": null}
{"ts": "2026-06-17T10:49:20.302286", "event": "checkpoint:heartbeat", "session_sec": 1238.0, "sec_since_checkpoint": 0.0, "store_size": 925, "vnn_nodes": 4269, "vnn_archways": 18416, "detail": null}
{"ts": "2026-06-17T10:59:46.868546", "event": "checkpoint:heartbeat", "session_sec": 1864.6, "sec_since_checkpoint": 0.0, "store_size": 1180, "vnn_nodes": 4358, "vnn_archways": 18438, "detail": null}
{"ts": "2026-06-17T11:10:18.744700", "event": "checkpoint:heartbeat", "session_sec": 2496.4, "sec_since_checkpoint": 0.0, "store_size": 1403, "vnn_nodes": 4482, "vnn_archways": 18498, "detail": null}
{"ts": "2026-06-17T11:20:57.750146", "event": "checkpoint:heartbeat", "session_sec": 3135.4, "sec_since_checkpoint": 0.0, "store_size": 1643, "vnn_nodes": 4639, "vnn_archways": 18502, "detail": null}
{"ts": "2026-06-17T11:31:42.703981", "event": "checkpoint:heartbeat", "session_sec": 3780.4, "sec_since_checkpoint": 0.0, "store_size": 1870, "vnn_nodes": 4851, "vnn_archways": 18536, "detail": null}
{"ts": "2026-06-17T11:42:33.920629", "event": "checkpoint:heartbeat", "session_sec": 4431.6, "sec_since_checkpoint": 0.0, "store_size": 2091, "vnn_nodes": 5060, "vnn_archways": 18536, "detail": null}
{"ts": "2026-06-17T11:53:37.466787", "event": "checkpoint:heartbeat", "session_sec": 5095.2, "sec_since_checkpoint": 0.0, "store_size": 2314, "vnn_nodes": 6386, "vnn_archways": 21906, "detail": null}
{"ts": "2026-06-17T12:04:47.702740", "event": "checkpoint:heartbeat", "session_sec": 5765.4, "sec_since_checkpoint": 0.0, "store_size": 2571, "vnn_nodes": 6799, "vnn_archways": 21944, "detail": null}
{"ts": "2026-06-17T12:16:03.542577", "event": "checkpoint:heartbeat", "session_sec": 6441.2, "sec_since_checkpoint": 0.0, "store_size": 2799, "vnn_nodes": 7139, "vnn_archways": 21962, "detail": null}
{"ts": "2026-06-17T12:27:26.896933", "event": "checkpoint:heartbeat", "session_sec": 7124.6, "sec_since_checkpoint": 0.0, "store_size": 3057, "vnn_nodes": 7476, "vnn_archways": 21978, "detail": null}
{"ts": "2026-06-17T12:38:58.462019", "event": "checkpoint:heartbeat", "session_sec": 7816.2, "sec_since_checkpoint": 0.0, "store_size": 3274, "vnn_nodes": 7930, "vnn_archways": 22006, "detail": null}
{"ts": "2026-06-17T12:50:33.101571", "event": "checkpoint:heartbeat", "session_sec": 8510.8, "sec_since_checkpoint": 0.0, "store_size": 3381, "vnn_nodes": 8288, "vnn_archways": 22006, "detail": null}
{"ts": "2026-06-17T13:02:13.267524", "event": "checkpoint:heartbeat", "session_sec": 9211.0, "sec_since_checkpoint": 0.0, "store_size": 3498, "vnn_nodes": 8636, "vnn_archways": 22006, "detail": null}
{"ts": "2026-06-17T13:13:55.860293", "event": "checkpoint:heartbeat", "session_sec": 9913.6, "sec_since_checkpoint": 0.0, "store_size": 3638, "vnn_nodes": 9077, "vnn_archways": 22332, "detail": null}
{"ts": "2026-06-17T13:25:56.066437", "event": "checkpoint:heartbeat", "session_sec": 10633.8, "sec_since_checkpoint": 0.0, "store_size": 3767, "vnn_nodes": 9364, "vnn_archways": 22336, "detail": null}
{"ts": "2026-06-17T13:37:47.173934", "event": "checkpoint:heartbeat", "session_sec": 11344.9, "sec_since_checkpoint": 0.0, "store_size": 3890, "vnn_nodes": 9653, "vnn_archways": 22338, "detail": null}
{"ts": "2026-06-17T13:49:40.687061", "event": "checkpoint:heartbeat", "session_sec": 12058.4, "sec_since_checkpoint": 0.0, "store_size": 3991, "vnn_nodes": 9958, "vnn_archways": 22338, "detail": null}
{"ts": "2026-06-17T14:01:38.732388", "event": "checkpoint:heartbeat", "session_sec": 12776.4, "sec_since_checkpoint": 0.0, "store_size": 4101, "vnn_nodes": 10258, "vnn_archways": 22340, "detail": null}
{"ts": "2026-06-17T14:13:39.025509", "event": "checkpoint:heartbeat", "session_sec": 13496.7, "sec_since_checkpoint": 0.0, "store_size": 4217, "vnn_nodes": 10582, "vnn_archways": 22412, "detail": null}
{"ts": "2026-06-17T14:25:53.854134", "event": "checkpoint:heartbeat", "session_sec": 14231.5, "sec_since_checkpoint": 0.0, "store_size": 4331, "vnn_nodes": 11281, "vnn_archways": 23488, "detail": null}
{"ts": "2026-06-17T14:38:01.602135", "event": "checkpoint:heartbeat", "session_sec": 14959.3, "sec_since_checkpoint": 0.0, "store_size": 4420, "vnn_nodes": 11634, "vnn_archways": 23488, "detail": null}
{"ts": "2026-06-17T14:50:26.378022", "event": "checkpoint:heartbeat", "session_sec": 15704.1, "sec_since_checkpoint": 0.0, "store_size": 4505, "vnn_nodes": 12008, "vnn_archways": 23490, "detail": null}
{"ts": "2026-06-17T15:02:38.882433", "event": "checkpoint:heartbeat", "session_sec": 16436.6, "sec_since_checkpoint": 0.0, "store_size": 4609, "vnn_nodes": 12317, "vnn_archways": 23548, "detail": null}
{"ts": "2026-06-17T15:14:58.256297", "event": "checkpoint:heartbeat", "session_sec": 17175.9, "sec_since_checkpoint": 0.0, "store_size": 4681, "vnn_nodes": 12676, "vnn_archways": 23548, "detail": null}
{"ts": "2026-06-17T15:27:14.756590", "event": "checkpoint:heartbeat", "session_sec": 17912.4, "sec_since_checkpoint": 0.0, "store_size": 4745, "vnn_nodes": 12999, "vnn_archways": 23552, "detail": null}
{"ts": "2026-06-17T15:39:32.782046", "event": "checkpoint:heartbeat", "session_sec": 18650.5, "sec_since_checkpoint": 0.0, "store_size": 4821, "vnn_nodes": 13347, "vnn_archways": 23554, "detail": null}
{"ts": "2026-06-17T15:51:54.899349", "event": "checkpoint:heartbeat", "session_sec": 19392.6, "sec_since_checkpoint": 0.0, "store_size": 4884, "vnn_nodes": 13694, "vnn_archways": 23556, "detail": null}
{"ts": "2026-06-17T16:04:17.632776", "event": "checkpoint:heartbeat", "session_sec": 20135.3, "sec_since_checkpoint": 0.0, "store_size": 4953, "vnn_nodes": 14019, "vnn_archways": 23562, "detail": null}
{"ts": "2026-06-17T16:17:00.263628", "event": "checkpoint:heartbeat", "session_sec": 20898.0, "sec_since_checkpoint": 0.0, "store_size": 5009, "vnn_nodes": 14348, "vnn_archways": 23562, "detail": null}
{"ts": "2026-06-17T16:29:29.322375", "event": "checkpoint:heartbeat", "session_sec": 21647.0, "sec_since_checkpoint": 0.0, "store_size": 5063, "vnn_nodes": 14663, "vnn_archways": 23566, "detail": null}
{"ts": "2026-06-17T16:41:58.231349", "event": "checkpoint:heartbeat", "session_sec": 22395.9, "sec_since_checkpoint": 0.0, "store_size": 5113, "vnn_nodes": 14995, "vnn_archways": 23568, "detail": null}
{"ts": "2026-06-17T16:54:33.165082", "event": "checkpoint:heartbeat", "session_sec": 23150.9, "sec_since_checkpoint": 0.0, "store_size": 5192, "vnn_nodes": 15520, "vnn_archways": 24280, "detail": null}
{"ts": "2026-06-17T17:07:12.116142", "event": "checkpoint:heartbeat", "session_sec": 23909.8, "sec_since_checkpoint": 0.0, "store_size": 5286, "vnn_nodes": 15744, "vnn_archways": 24284, "detail": null}
{"ts": "2026-06-17T17:20:04.447863", "event": "checkpoint:heartbeat", "session_sec": 24682.1, "sec_since_checkpoint": 0.0, "store_size": 5385, "vnn_nodes": 15953, "vnn_archways": 24286, "detail": null}
{"ts": "2026-06-17T17:33:04.582775", "event": "checkpoint:heartbeat", "session_sec": 25462.3, "sec_since_checkpoint": 0.0, "store_size": 5411, "vnn_nodes": 16184, "vnn_archways": 24292, "detail": null}
{"ts": "2026-06-17T17:45:45.705077", "event": "checkpoint:heartbeat", "session_sec": 26223.4, "sec_since_checkpoint": 0.0, "store_size": 5446, "vnn_nodes": 16414, "vnn_archways": 24456, "detail": null}
{"ts": "2026-06-17T17:58:43.248974", "event": "checkpoint:heartbeat", "session_sec": 27000.9, "sec_since_checkpoint": 0.0, "store_size": 5466, "vnn_nodes": 16644, "vnn_archways": 24456, "detail": null}
{"ts": "2026-06-17T18:11:28.487282", "event": "checkpoint:heartbeat", "session_sec": 27766.2, "sec_since_checkpoint": 0.0, "store_size": 5486, "vnn_nodes": 16869, "vnn_archways": 24756, "detail": null}
{"ts": "2026-06-17T18:24:28.024844", "event": "checkpoint:heartbeat", "session_sec": 28545.7, "sec_since_checkpoint": 0.0, "store_size": 5500, "vnn_nodes": 17091, "vnn_archways": 24758, "detail": null}
{"ts": "2026-06-17T18:37:14.594967", "event": "checkpoint:heartbeat", "session_sec": 29312.3, "sec_since_checkpoint": 0.0, "store_size": 5523, "vnn_nodes": 17329, "vnn_archways": 25144, "detail": null}
{"ts": "2026-06-17T18:50:03.188580", "event": "checkpoint:heartbeat", "session_sec": 30080.9, "sec_since_checkpoint": 0.0, "store_size": 5549, "vnn_nodes": 17544, "vnn_archways": 25146, "detail": null}
{"ts": "2026-06-17T19:03:00.708957", "event": "checkpoint:heartbeat", "session_sec": 30858.4, "sec_since_checkpoint": 0.0, "store_size": 5653, "vnn_nodes": 18108, "vnn_archways": 26124, "detail": null}
{"ts": "2026-06-17T19:15:49.720525", "event": "checkpoint:heartbeat", "session_sec": 31627.4, "sec_since_checkpoint": 0.0, "store_size": 5739, "vnn_nodes": 18618, "vnn_archways": 26718, "detail": null}
{"ts": "2026-06-17T19:28:45.327075", "event": "checkpoint:heartbeat", "session_sec": 32403.0, "sec_since_checkpoint": 0.0, "store_size": 5837, "vnn_nodes": 19001, "vnn_archways": 26730, "detail": null}
{"ts": "2026-06-17T19:41:46.730443", "event": "checkpoint:heartbeat", "session_sec": 33184.4, "sec_since_checkpoint": 0.0, "store_size": 5922, "vnn_nodes": 19815, "vnn_archways": 28566, "detail": null}
{"ts": "2026-06-17T19:55:24.827816", "event": "checkpoint:heartbeat", "session_sec": 34002.5, "sec_since_checkpoint": 0.0, "store_size": 5978, "vnn_nodes": 22266, "vnn_archways": 41370, "detail": null}
{"ts": "2026-06-17T20:08:26.247757", "event": "checkpoint:heartbeat", "session_sec": 34783.9, "sec_since_checkpoint": 0.0, "store_size": 5930, "vnn_nodes": 23608, "vnn_archways": 44096, "detail": null}
{"ts": "2026-06-17T20:21:30.231627", "event": "checkpoint:heartbeat", "session_sec": 35567.9, "sec_since_checkpoint": 0.0, "store_size": 5931, "vnn_nodes": 24282, "vnn_archways": 44876, "detail": null}
{"ts": "2026-06-17T20:34:32.636500", "event": "checkpoint:heartbeat", "session_sec": 36350.3, "sec_since_checkpoint": 0.0, "store_size": 5934, "vnn_nodes": 24631, "vnn_archways": 45370, "detail": null}
{"ts": "2026-06-17T20:47:39.230679", "event": "checkpoint:heartbeat", "session_sec": 37136.9, "sec_since_checkpoint": 0.0, "store_size": 5936, "vnn_nodes": 25064, "vnn_archways": 45728, "detail": null}
{"ts": "2026-06-17T21:00:42.752788", "event": "checkpoint:heartbeat", "session_sec": 37920.4, "sec_since_checkpoint": 0.0, "store_size": 5942, "vnn_nodes": 25418, "vnn_archways": 45944, "detail": null}
{"ts": "2026-06-17T21:13:41.733074", "event": "checkpoint:heartbeat", "session_sec": 38699.4, "sec_since_checkpoint": 0.0, "store_size": 5938, "vnn_nodes": 25626, "vnn_archways": 45944, "detail": null}
{"ts": "2026-06-17T21:27:11.675510", "event": "checkpoint:heartbeat", "session_sec": 39509.4, "sec_since_checkpoint": 0.0, "store_size": 5946, "vnn_nodes": 25883, "vnn_archways": 45944, "detail": null}
{"ts": "2026-06-17T21:40:12.336300", "event": "checkpoint:heartbeat", "session_sec": 40290.0, "sec_since_checkpoint": 0.0, "store_size": 5944, "vnn_nodes": 26084, "vnn_archways": 45944, "detail": null}
{"ts": "2026-06-17T21:53:14.370764", "event": "checkpoint:heartbeat", "session_sec": 41072.1, "sec_since_checkpoint": 0.0, "store_size": 5949, "vnn_nodes": 26306, "vnn_archways": 45944, "detail": null}
{"ts": "2026-06-17T22:06:39.642023", "event": "checkpoint:heartbeat", "session_sec": 41877.3, "sec_since_checkpoint": 0.0, "store_size": 5948, "vnn_nodes": 26676, "vnn_archways": 46370, "detail": null}
{"ts": "2026-06-17T22:19:40.076756", "event": "checkpoint:heartbeat", "session_sec": 42657.8, "sec_since_checkpoint": 0.0, "store_size": 5947, "vnn_nodes": 26868, "vnn_archways": 46370, "detail": null}
{"ts": "2026-06-17T22:32:39.125761", "event": "checkpoint:heartbeat", "session_sec": 43436.8, "sec_since_checkpoint": 0.0, "store_size": 5947, "vnn_nodes": 27072, "vnn_archways": 46370, "detail": null}
{"ts": "2026-06-17T22:45:47.587280", "event": "checkpoint:heartbeat", "session_sec": 44225.3, "sec_since_checkpoint": 0.0, "store_size": 5947, "vnn_nodes": 27277, "vnn_archways": 46370, "detail": null}
{"ts": "2026-06-17T22:58:51.010507", "event": "checkpoint:heartbeat", "session_sec": 45008.7, "sec_since_checkpoint": 0.0, "store_size": 5947, "vnn_nodes": 27471, "vnn_archways": 46370, "detail": null}
{"ts": "2026-06-17T23:11:54.455751", "event": "checkpoint:heartbeat", "session_sec": 45792.1, "sec_since_checkpoint": 0.0, "store_size": 5951, "vnn_nodes": 27713, "vnn_archways": 46604, "detail": null}
{"ts": "2026-06-17T23:24:57.714613", "event": "checkpoint:heartbeat", "session_sec": 46575.4, "sec_since_checkpoint": 0.0, "store_size": 5951, "vnn_nodes": 27938, "vnn_archways": 46604, "detail": null}
{"ts": "2026-06-17T23:38:17.790719", "event": "checkpoint:heartbeat", "session_sec": 47375.5, "sec_since_checkpoint": 0.0, "store_size": 5954, "vnn_nodes": 28203, "vnn_archways": 47098, "detail": null}
{"ts": "2026-06-17T23:51:20.632480", "event": "checkpoint:heartbeat", "session_sec": 48158.3, "sec_since_checkpoint": 0.0, "store_size": 5956, "vnn_nodes": 28499, "vnn_archways": 47266, "detail": null}
{"ts": "2026-06-18T00:04:22.414217", "event": "checkpoint:heartbeat", "session_sec": 48940.1, "sec_since_checkpoint": 0.0, "store_size": 5954, "vnn_nodes": 28708, "vnn_archways": 47266, "detail": null}
{"ts": "2026-06-18T00:17:25.207620", "event": "checkpoint:heartbeat", "session_sec": 49722.9, "sec_since_checkpoint": 0.0, "store_size": 5958, "vnn_nodes": 28942, "vnn_archways": 47356, "detail": null}
{"ts": "2026-06-18T00:30:28.597980", "event": "checkpoint:heartbeat", "session_sec": 50506.3, "sec_since_checkpoint": 0.0, "store_size": 5960, "vnn_nodes": 29175, "vnn_archways": 47356, "detail": null}
{"ts": "2026-06-18T00:43:33.467172", "event": "checkpoint:heartbeat", "session_sec": 51291.2, "sec_since_checkpoint": 0.0, "store_size": 5966, "vnn_nodes": 29600, "vnn_archways": 48212, "detail": null}
{"ts": "2026-06-18T00:57:01.490664", "event": "checkpoint:heartbeat", "session_sec": 52099.2, "sec_since_checkpoint": 0.0, "store_size": 5966, "vnn_nodes": 30000, "vnn_archways": 49058, "detail": null}
{"ts": "2026-06-18T01:10:10.785136", "event": "checkpoint:heartbeat", "session_sec": 52888.5, "sec_since_checkpoint": 0.0, "store_size": 5972, "vnn_nodes": 30519, "vnn_archways": 50156, "detail": null}
{"ts": "2026-06-18T01:23:41.748575", "event": "checkpoint:heartbeat", "session_sec": 53699.4, "sec_since_checkpoint": 0.0, "store_size": 5970, "vnn_nodes": 31165, "vnn_archways": 51182, "detail": null}
{"ts": "2026-06-18T01:36:58.003390", "event": "checkpoint:heartbeat", "session_sec": 54495.7, "sec_since_checkpoint": 0.0, "store_size": 5971, "vnn_nodes": 31398, "vnn_archways": 51404, "detail": null}
{"ts": "2026-06-18T01:50:03.604714", "event": "checkpoint:heartbeat", "session_sec": 55281.3, "sec_since_checkpoint": 0.0, "store_size": 5970, "vnn_nodes": 31561, "vnn_archways": 51404, "detail": null}
{"ts": "2026-06-18T02:03:09.011178", "event": "checkpoint:heartbeat", "session_sec": 56066.7, "sec_since_checkpoint": 0.0, "store_size": 5978, "vnn_nodes": 32158, "vnn_archways": 52706, "detail": null}
{"ts": "2026-06-18T02:16:32.710730", "event": "checkpoint:heartbeat", "session_sec": 56870.4, "sec_since_checkpoint": 0.0, "store_size": 5978, "vnn_nodes": 32360, "vnn_archways": 52706, "detail": null}
{"ts": "2026-06-18T02:29:39.819159", "event": "checkpoint:heartbeat", "session_sec": 57657.5, "sec_since_checkpoint": 0.0, "store_size": 5982, "vnn_nodes": 32555, "vnn_archways": 52706, "detail": null}
{"ts": "2026-06-18T02:42:48.188912", "event": "checkpoint:heartbeat", "session_sec": 58445.9, "sec_since_checkpoint": 0.0, "store_size": 5989, "vnn_nodes": 32957, "vnn_archways": 53774, "detail": null}
{"ts": "2026-06-18T02:56:13.959556", "event": "checkpoint:heartbeat", "session_sec": 59251.7, "sec_since_checkpoint": 0.0, "store_size": 5984, "vnn_nodes": 33307, "vnn_archways": 53774, "detail": null}
{"ts": "2026-06-18T03:09:19.378447", "event": "checkpoint:heartbeat", "session_sec": 60037.1, "sec_since_checkpoint": 0.0, "store_size": 5986, "vnn_nodes": 33855, "vnn_archways": 55192, "detail": null}
{"ts": "2026-06-18T03:22:44.334885", "event": "checkpoint:heartbeat", "session_sec": 60842.0, "sec_since_checkpoint": 0.0, "store_size": 5989, "vnn_nodes": 34067, "vnn_archways": 55442, "detail": null}
{"ts": "2026-06-18T03:35:53.518899", "event": "checkpoint:heartbeat", "session_sec": 61631.2, "sec_since_checkpoint": 0.0, "store_size": 5995, "vnn_nodes": 34403, "vnn_archways": 55700, "detail": null}
{"ts": "2026-06-18T03:49:36.335953", "event": "checkpoint:heartbeat", "session_sec": 62454.0, "sec_since_checkpoint": 0.0, "store_size": 5991, "vnn_nodes": 34548, "vnn_archways": 55700, "detail": null}
{"ts": "2026-06-18T04:03:11.079957", "event": "checkpoint:heartbeat", "session_sec": 63268.8, "sec_since_checkpoint": 0.0, "store_size": 5991, "vnn_nodes": 34659, "vnn_archways": 55700, "detail": null}
{"ts": "2026-06-18T04:16:21.098938", "event": "checkpoint:heartbeat", "session_sec": 64058.8, "sec_since_checkpoint": 0.0, "store_size": 5993, "vnn_nodes": 34795, "vnn_archways": 55700, "detail": null}
{"ts": "2026-06-18T04:29:28.941797", "event": "checkpoint:heartbeat", "session_sec": 64846.6, "sec_since_checkpoint": 0.0, "store_size": 5992, "vnn_nodes": 34948, "vnn_archways": 55700, "detail": null}
{"ts": "2026-06-18T04:42:52.791763", "event": "checkpoint:heartbeat", "session_sec": 65650.5, "sec_since_checkpoint": 0.0, "store_size": 5998, "vnn_nodes": 35807, "vnn_archways": 58700, "detail": null}
{"ts": "2026-06-18T04:56:14.524081", "event": "checkpoint:heartbeat", "session_sec": 66452.2, "sec_since_checkpoint": 0.0, "store_size": 5997, "vnn_nodes": 36230, "vnn_archways": 58970, "detail": null}
{"ts": "2026-06-18T05:09:23.440489", "event": "checkpoint:heartbeat", "session_sec": 67241.1, "sec_since_checkpoint": 0.0, "store_size": 6002, "vnn_nodes": 36552, "vnn_archways": 59254, "detail": null}
{"ts": "2026-06-18T05:22:30.768819", "event": "checkpoint:heartbeat", "session_sec": 68028.5, "sec_since_checkpoint": 0.0, "store_size": 6001, "vnn_nodes": 36703, "vnn_archways": 59254, "detail": null}
{"ts": "2026-06-18T05:36:05.820560", "event": "checkpoint:heartbeat", "session_sec": 68843.5, "sec_since_checkpoint": 0.0, "store_size": 6000, "vnn_nodes": 36820, "vnn_archways": 59254, "detail": null}
{"ts": "2026-06-18T05:49:15.580632", "event": "checkpoint:heartbeat", "session_sec": 69633.3, "sec_since_checkpoint": 0.0, "store_size": 6000, "vnn_nodes": 36953, "vnn_archways": 59254, "detail": null}
{"ts": "2026-06-18T06:02:24.115611", "event": "checkpoint:heartbeat", "session_sec": 70421.8, "sec_since_checkpoint": 0.0, "store_size": 6000, "vnn_nodes": 37062, "vnn_archways": 59254, "detail": null}
{"ts": "2026-06-18T06:16:02.158792", "event": "checkpoint:heartbeat", "session_sec": 71239.9, "sec_since_checkpoint": 0.0, "store_size": 6004, "vnn_nodes": 37204, "vnn_archways": 59254, "detail": null}
{"ts": "2026-06-18T06:29:12.639379", "event": "checkpoint:heartbeat", "session_sec": 72030.3, "sec_since_checkpoint": 0.0, "store_size": 6002, "vnn_nodes": 37354, "vnn_archways": 59254, "detail": null}
{"ts": "2026-06-18T06:42:49.065435", "event": "checkpoint:heartbeat", "session_sec": 72846.8, "sec_since_checkpoint": 0.0, "store_size": 6004, "vnn_nodes": 37490, "vnn_archways": 59254, "detail": null}
{"ts": "2026-06-18T06:55:58.995199", "event": "checkpoint:heartbeat", "session_sec": 73636.7, "sec_since_checkpoint": 0.0, "store_size": 6007, "vnn_nodes": 37586, "vnn_archways": 59254, "detail": null}
{"ts": "2026-06-18T07:09:10.350974", "event": "checkpoint:heartbeat", "session_sec": 74428.0, "sec_since_checkpoint": 0.0, "store_size": 6005, "vnn_nodes": 37713, "vnn_archways": 59254, "detail": null}
{"ts": "2026-06-18T07:22:49.449352", "event": "checkpoint:heartbeat", "session_sec": 75247.1, "sec_since_checkpoint": 0.0, "store_size": 6027, "vnn_nodes": 37991, "vnn_archways": 59254, "detail": null}
{"ts": "2026-06-18T07:36:01.387950", "event": "checkpoint:heartbeat", "session_sec": 76039.1, "sec_since_checkpoint": 0.0, "store_size": 6056, "vnn_nodes": 38130, "vnn_archways": 59254, "detail": null}
{"ts": "2026-06-18T07:49:17.412764", "event": "checkpoint:heartbeat", "session_sec": 76835.1, "sec_since_checkpoint": 0.0, "store_size": 6090, "vnn_nodes": 38255, "vnn_archways": 59254, "detail": null}
{"ts": "2026-06-18T07:58:48.584631", "event": "preserve:finally", "session_sec": 77406.3, "sec_since_checkpoint": 571.2, "store_size": 6113, "vnn_nodes": 38348, "vnn_archways": 59254, "detail": null}
{"ts": "2026-06-18T17:56:19.452597", "event": "session_start", "session_sec": 0.0, "sec_since_checkpoint": 0.0, "store_size": 0, "vnn_nodes": 0, "vnn_archways": 0, "detail": null}
{"ts": "2026-06-18T18:06:28.716358", "event": "checkpoint:heartbeat", "session_sec": 609.3, "sec_since_checkpoint": 0.0, "store_size": 450, "vnn_nodes": 3759, "vnn_archways": 14078, "detail": null}
{"ts": "2026-06-18T18:16:38.130145", "event": "checkpoint:heartbeat", "session_sec": 1218.7, "sec_since_checkpoint": 0.0, "store_size": 413, "vnn_nodes": 4244, "vnn_archways": 16484, "detail": null}
{"ts": "2026-06-18T18:23:24.702388", "event": "preserve:finally", "session_sec": 1625.2, "sec_since_checkpoint": 406.6, "store_size": 446, "vnn_nodes": 4577, "vnn_archways": 16844, "detail": null}
{"ts": "2026-06-19T17:31:16.503078", "event": "session_start", "session_sec": 0.0, "sec_since_checkpoint": 0.0, "store_size": 0, "vnn_nodes": 0, "vnn_archways": 0, "detail": null}
{"ts": "2026-06-19T17:41:33.947437", "event": "checkpoint:heartbeat", "session_sec": 617.4, "sec_since_checkpoint": 0.0, "store_size": 987, "vnn_nodes": 2947, "vnn_archways": 9388, "detail": null}
{"ts": "2026-06-19T17:52:02.649855", "event": "checkpoint:heartbeat", "session_sec": 1246.1, "sec_since_checkpoint": 0.0, "store_size": 1495, "vnn_nodes": 3702, "vnn_archways": 12810, "detail": null}
{"ts": "2026-06-19T18:02:43.822393", "event": "checkpoint:heartbeat", "session_sec": 1887.3, "sec_since_checkpoint": 0.0, "store_size": 1474, "vnn_nodes": 5023, "vnn_archways": 19540, "detail": null}
{"ts": "2026-06-19T18:13:19.822739", "event": "checkpoint:heartbeat", "session_sec": 2523.3, "sec_since_checkpoint": 0.0, "store_size": 1481, "vnn_nodes": 5340, "vnn_archways": 21190, "detail": null}
{"ts": "2026-06-19T18:23:58.946128", "event": "checkpoint:heartbeat", "session_sec": 3162.4, "sec_since_checkpoint": 0.0, "store_size": 1495, "vnn_nodes": 6194, "vnn_archways": 25172, "detail": null}
{"ts": "2026-06-19T18:34:38.822788", "event": "checkpoint:heartbeat", "session_sec": 3802.3, "sec_since_checkpoint": 0.0, "store_size": 1514, "vnn_nodes": 6350, "vnn_archways": 25866, "detail": null}
{"ts": "2026-06-19T18:45:20.744258", "event": "checkpoint:heartbeat", "session_sec": 4444.2, "sec_since_checkpoint": 0.0, "store_size": 1577, "vnn_nodes": 6524, "vnn_archways": 26590, "detail": null}
{"ts": "2026-06-19T18:56:09.026764", "event": "checkpoint:heartbeat", "session_sec": 5092.5, "sec_since_checkpoint": 0.0, "store_size": 1729, "vnn_nodes": 6525, "vnn_archways": 26590, "detail": null}
{"ts": "2026-06-19T19:06:58.334576", "event": "checkpoint:heartbeat", "session_sec": 5741.8, "sec_since_checkpoint": 0.0, "store_size": 1881, "vnn_nodes": 6526, "vnn_archways": 26590, "detail": null}
{"ts": "2026-06-19T19:18:01.545740", "event": "checkpoint:heartbeat", "session_sec": 6405.0, "sec_since_checkpoint": 0.0, "store_size": 1946, "vnn_nodes": 7522, "vnn_archways": 31814, "detail": null}
{"ts": "2026-06-19T19:28:57.871781", "event": "checkpoint:heartbeat", "session_sec": 7061.4, "sec_since_checkpoint": 0.0, "store_size": 2046, "vnn_nodes": 7526, "vnn_archways": 31834, "detail": null}
{"ts": "2026-06-19T19:39:57.407368", "event": "checkpoint:heartbeat", "session_sec": 7720.9, "sec_since_checkpoint": 0.0, "store_size": 2153, "vnn_nodes": 7528, "vnn_archways": 31834, "detail": null}
{"ts": "2026-06-19T19:50:59.245860", "event": "checkpoint:heartbeat", "session_sec": 8382.7, "sec_since_checkpoint": 0.0, "store_size": 2262, "vnn_nodes": 7529, "vnn_archways": 31834, "detail": null}
{"ts": "2026-06-19T20:02:05.870909", "event": "checkpoint:heartbeat", "session_sec": 9049.4, "sec_since_checkpoint": 0.0, "store_size": 2353, "vnn_nodes": 7539, "vnn_archways": 31878, "detail": null}
{"ts": "2026-06-19T20:08:39.477788", "event": "preserve:finally", "session_sec": 9443.0, "sec_since_checkpoint": 393.6, "store_size": 2400, "vnn_nodes": 7637, "vnn_archways": 32482, "detail": null}
{"ts": "2026-06-20T13:41:13.356535", "event": "session_start", "session_sec": 0.0, "sec_since_checkpoint": 0.0, "store_size": 2400, "vnn_nodes": 7637, "vnn_archways": 32482, "detail": null}
{"ts": "2026-06-20T13:52:22.329401", "event": "checkpoint:heartbeat", "session_sec": 669.0, "sec_since_checkpoint": 0.0, "store_size": 2527, "vnn_nodes": 9005, "vnn_archways": 37620, "detail": null}
{"ts": "2026-06-20T13:53:43.010074", "event": "preserve:finally", "session_sec": 749.7, "sec_since_checkpoint": 80.7, "store_size": 2576, "vnn_nodes": 10273, "vnn_archways": 45534, "detail": null}
{"ts": "2026-06-21T15:52:59.637407", "event": "session_start", "session_sec": 0.0, "sec_since_checkpoint": 0.0, "store_size": 2576, "vnn_nodes": 10273, "vnn_archways": 45534, "detail": null}
{"ts": "2026-06-21T15:59:31.416634", "event": "preserve:finally", "session_sec": 391.8, "sec_since_checkpoint": 391.8, "store_size": 2621, "vnn_nodes": 10520, "vnn_archways": 47120, "detail": null}
{"ts": "2026-06-21T16:00:57.669583", "event": "session_start", "session_sec": 0.0, "sec_since_checkpoint": 0.0, "store_size": 0, "vnn_nodes": 0, "vnn_archways": 0, "detail": null}
{"ts": "2026-06-21T16:02:59.394468", "event": "preserve:finally", "session_sec": 121.7, "sec_since_checkpoint": 121.7, "store_size": 186, "vnn_nodes": 3259, "vnn_archways": 18828, "detail": null}
{"ts": "2026-06-21T16:29:00.888354", "event": "session_start", "session_sec": 0.0, "sec_since_checkpoint": 0.0, "store_size": 2621, "vnn_nodes": 10520, "vnn_archways": 47120, "detail": null}
{"ts": "2026-06-21T16:36:23.507559", "event": "preserve:finally", "session_sec": 442.6, "sec_since_checkpoint": 442.6, "store_size": 2765, "vnn_nodes": 11872, "vnn_archways": 54062, "detail": null}
{"ts": "2026-06-21T16:36:56.572792", "event": "session_start", "session_sec": 0.0, "sec_since_checkpoint": 0.0, "store_size": 0, "vnn_nodes": 0, "vnn_archways": 0, "detail": null}
{"ts": "2026-06-21T16:39:07.494661", "event": "preserve:finally", "session_sec": 130.9, "sec_since_checkpoint": 130.9, "store_size": 209, "vnn_nodes": 2306, "vnn_archways": 12152, "detail": null}
{"ts": "2026-06-21T17:23:48.609058", "event": "session_start", "session_sec": 0.0, "sec_since_checkpoint": 0.0, "store_size": 209, "vnn_nodes": 2306, "vnn_archways": 12152, "detail": null}
{"ts": "2026-06-21T17:33:48.983458", "event": "checkpoint:heartbeat", "session_sec": 600.4, "sec_since_checkpoint": 0.0, "store_size": 530, "vnn_nodes": 5675, "vnn_archways": 26900, "detail": null}
{"ts": "2026-06-21T17:43:49.148128", "event": "checkpoint:heartbeat", "session_sec": 1200.5, "sec_since_checkpoint": 0.0, "store_size": 948, "vnn_nodes": 5784, "vnn_archways": 27350, "detail": null}
{"ts": "2026-06-21T17:53:49.466117", "event": "checkpoint:heartbeat", "session_sec": 1800.9, "sec_since_checkpoint": 0.0, "store_size": 1421, "vnn_nodes": 5786, "vnn_archways": 27350, "detail": null}
{"ts": "2026-06-21T18:03:49.768314", "event": "checkpoint:heartbeat", "session_sec": 2401.2, "sec_since_checkpoint": 0.0, "store_size": 1641, "vnn_nodes": 5814, "vnn_archways": 27498, "detail": null}
{"ts": "2026-06-21T18:13:50.277243", "event": "checkpoint:heartbeat", "session_sec": 3001.7, "sec_since_checkpoint": 0.0, "store_size": 1776, "vnn_nodes": 5815, "vnn_archways": 27498, "detail": null}
{"ts": "2026-06-21T18:23:50.359927", "event": "checkpoint:heartbeat", "session_sec": 3601.8, "sec_since_checkpoint": 0.0, "store_size": 1900, "vnn_nodes": 5817, "vnn_archways": 27498, "detail": null}
{"ts": "2026-06-21T18:33:50.518140", "event": "checkpoint:heartbeat", "session_sec": 4201.9, "sec_since_checkpoint": 0.0, "store_size": 2033, "vnn_nodes": 5819, "vnn_archways": 27498, "detail": null}
{"ts": "2026-06-21T18:43:50.759087", "event": "checkpoint:heartbeat", "session_sec": 4802.2, "sec_since_checkpoint": 0.0, "store_size": 2153, "vnn_nodes": 5821, "vnn_archways": 27498, "detail": null}
{"ts": "2026-06-21T18:53:51.281549", "event": "checkpoint:heartbeat", "session_sec": 5402.7, "sec_since_checkpoint": 0.0, "store_size": 2268, "vnn_nodes": 5823, "vnn_archways": 27498, "detail": null}
{"ts": "2026-06-21T19:03:51.428760", "event": "checkpoint:heartbeat", "session_sec": 6002.8, "sec_since_checkpoint": 0.0, "store_size": 2373, "vnn_nodes": 5825, "vnn_archways": 27498, "detail": null}
{"ts": "2026-06-21T19:13:51.585399", "event": "checkpoint:heartbeat", "session_sec": 6603.0, "sec_since_checkpoint": 0.0, "store_size": 2499, "vnn_nodes": 5890, "vnn_archways": 27864, "detail": null}
{"ts": "2026-06-21T19:23:51.770315", "event": "checkpoint:heartbeat", "session_sec": 7203.2, "sec_since_checkpoint": 0.0, "store_size": 2543, "vnn_nodes": 6114, "vnn_archways": 28660, "detail": null}
{"ts": "2026-06-21T19:33:52.088594", "event": "checkpoint:heartbeat", "session_sec": 7803.5, "sec_since_checkpoint": 0.0, "store_size": 2543, "vnn_nodes": 6116, "vnn_archways": 28660, "detail": null}
{"ts": "2026-06-21T19:43:52.283605", "event": "checkpoint:heartbeat", "session_sec": 8403.7, "sec_since_checkpoint": 0.0, "store_size": 2543, "vnn_nodes": 6117, "vnn_archways": 28660, "detail": null}
{"ts": "2026-06-21T19:53:52.370241", "event": "checkpoint:heartbeat", "session_sec": 9003.8, "sec_since_checkpoint": 0.0, "store_size": 2543, "vnn_nodes": 6118, "vnn_archways": 28660, "detail": null}
{"ts": "2026-06-21T20:03:52.760339", "event": "checkpoint:heartbeat", "session_sec": 9604.2, "sec_since_checkpoint": 0.0, "store_size": 2547, "vnn_nodes": 6152, "vnn_archways": 28774, "detail": null}
{"ts": "2026-06-21T20:13:53.063633", "event": "checkpoint:heartbeat", "session_sec": 10204.5, "sec_since_checkpoint": 0.0, "store_size": 2516, "vnn_nodes": 6746, "vnn_archways": 30696, "detail": null}
{"ts": "2026-06-21T20:23:53.191633", "event": "checkpoint:heartbeat", "session_sec": 10804.6, "sec_since_checkpoint": 0.0, "store_size": 2534, "vnn_nodes": 7157, "vnn_archways": 32936, "detail": null}
{"ts": "2026-06-21T20:33:53.618878", "event": "checkpoint:heartbeat", "session_sec": 11405.0, "sec_since_checkpoint": 0.0, "store_size": 2551, "vnn_nodes": 7210, "vnn_archways": 33178, "detail": null}
{"ts": "2026-06-21T20:43:53.942060", "event": "checkpoint:heartbeat", "session_sec": 12005.3, "sec_since_checkpoint": 0.0, "store_size": 2556, "vnn_nodes": 7233, "vnn_archways": 33300, "detail": null}
{"ts": "2026-06-21T20:53:54.111702", "event": "checkpoint:heartbeat", "session_sec": 12605.5, "sec_since_checkpoint": 0.0, "store_size": 2571, "vnn_nodes": 7695, "vnn_archways": 36034, "detail": null}
{"ts": "2026-06-21T21:03:54.361970", "event": "checkpoint:heartbeat", "session_sec": 13205.8, "sec_since_checkpoint": 0.0, "store_size": 2594, "vnn_nodes": 7800, "vnn_archways": 36248, "detail": null}
{"ts": "2026-06-21T21:13:54.485994", "event": "checkpoint:heartbeat", "session_sec": 13805.9, "sec_since_checkpoint": 0.0, "store_size": 2584, "vnn_nodes": 7888, "vnn_archways": 36658, "detail": null}
{"ts": "2026-06-21T21:23:54.832314", "event": "checkpoint:heartbeat", "session_sec": 14406.2, "sec_since_checkpoint": 0.0, "store_size": 2615, "vnn_nodes": 8123, "vnn_archways": 37652, "detail": null}
{"ts": "2026-06-21T21:33:55.745536", "event": "checkpoint:heartbeat", "session_sec": 15007.1, "sec_since_checkpoint": 0.0, "store_size": 2624, "vnn_nodes": 8218, "vnn_archways": 38256, "detail": null}
{"ts": "2026-06-21T21:43:56.055394", "event": "checkpoint:heartbeat", "session_sec": 15607.4, "sec_since_checkpoint": 0.0, "store_size": 2633, "vnn_nodes": 8353, "vnn_archways": 38682, "detail": null}
{"ts": "2026-06-21T21:53:56.270965", "event": "checkpoint:heartbeat", "session_sec": 16207.7, "sec_since_checkpoint": 0.0, "store_size": 2639, "vnn_nodes": 8408, "vnn_archways": 39018, "detail": null}
{"ts": "2026-06-21T22:03:56.418958", "event": "checkpoint:heartbeat", "session_sec": 16807.8, "sec_since_checkpoint": 0.0, "store_size": 2646, "vnn_nodes": 8507, "vnn_archways": 39656, "detail": null}
{"ts": "2026-06-21T22:13:56.606832", "event": "checkpoint:heartbeat", "session_sec": 17408.0, "sec_since_checkpoint": 0.0, "store_size": 2648, "vnn_nodes": 8520, "vnn_archways": 39734, "detail": null}
{"ts": "2026-06-21T22:23:56.834371", "event": "checkpoint:heartbeat", "session_sec": 18008.2, "sec_since_checkpoint": 0.0, "store_size": 2667, "vnn_nodes": 8633, "vnn_archways": 40234, "detail": null}
{"ts": "2026-06-21T22:33:57.324886", "event": "checkpoint:heartbeat", "session_sec": 18608.7, "sec_since_checkpoint": 0.0, "store_size": 2678, "vnn_nodes": 8895, "vnn_archways": 41628, "detail": null}
{"ts": "2026-06-21T22:43:57.622799", "event": "checkpoint:heartbeat", "session_sec": 19209.0, "sec_since_checkpoint": 0.0, "store_size": 2685, "vnn_nodes": 9090, "vnn_archways": 42424, "detail": null}
{"ts": "2026-06-21T22:53:57.801229", "event": "checkpoint:heartbeat", "session_sec": 19809.2, "sec_since_checkpoint": 0.0, "store_size": 2703, "vnn_nodes": 9258, "vnn_archways": 43260, "detail": null}
{"ts": "2026-06-21T23:03:58.050544", "event": "checkpoint:heartbeat", "session_sec": 20409.4, "sec_since_checkpoint": 0.0, "store_size": 2712, "vnn_nodes": 9414, "vnn_archways": 43772, "detail": null}
{"ts": "2026-06-21T23:13:58.159577", "event": "checkpoint:heartbeat", "session_sec": 21009.6, "sec_since_checkpoint": 0.0, "store_size": 2707, "vnn_nodes": 9729, "vnn_archways": 45698, "detail": null}
{"ts": "2026-06-21T23:23:58.533331", "event": "checkpoint:heartbeat", "session_sec": 21609.9, "sec_since_checkpoint": 0.0, "store_size": 2723, "vnn_nodes": 9921, "vnn_archways": 46962, "detail": null}
{"ts": "2026-06-21T23:33:58.792125", "event": "checkpoint:heartbeat", "session_sec": 22210.2, "sec_since_checkpoint": 0.0, "store_size": 2719, "vnn_nodes": 9957, "vnn_archways": 46962, "detail": null}
{"ts": "2026-06-21T23:43:59.089923", "event": "checkpoint:heartbeat", "session_sec": 22810.5, "sec_since_checkpoint": 0.0, "store_size": 2731, "vnn_nodes": 9996, "vnn_archways": 47246, "detail": null}
{"ts": "2026-06-21T23:53:59.924261", "event": "checkpoint:heartbeat", "session_sec": 23411.3, "sec_since_checkpoint": 0.0, "store_size": 2756, "vnn_nodes": 10140, "vnn_archways": 47790, "detail": null}
{"ts": "2026-06-22T00:04:00.119946", "event": "checkpoint:heartbeat", "session_sec": 24011.5, "sec_since_checkpoint": 0.0, "store_size": 2763, "vnn_nodes": 10276, "vnn_archways": 48436, "detail": null}
{"ts": "2026-06-22T00:14:00.345562", "event": "checkpoint:heartbeat", "session_sec": 24611.7, "sec_since_checkpoint": 0.0, "store_size": 2786, "vnn_nodes": 10419, "vnn_archways": 49112, "detail": null}
{"ts": "2026-06-22T00:24:01.131616", "event": "checkpoint:heartbeat", "session_sec": 25212.5, "sec_since_checkpoint": 0.0, "store_size": 2794, "vnn_nodes": 10485, "vnn_archways": 49414, "detail": null}
{"ts": "2026-06-22T00:34:01.468084", "event": "checkpoint:heartbeat", "session_sec": 25812.9, "sec_since_checkpoint": 0.0, "store_size": 2816, "vnn_nodes": 10584, "vnn_archways": 49940, "detail": null}
{"ts": "2026-06-22T00:44:01.730273", "event": "checkpoint:heartbeat", "session_sec": 26413.1, "sec_since_checkpoint": 0.0, "store_size": 2823, "vnn_nodes": 10612, "vnn_archways": 50108, "detail": null}
{"ts": "2026-06-22T00:54:03.147484", "event": "checkpoint:heartbeat", "session_sec": 27014.5, "sec_since_checkpoint": 0.0, "store_size": 2833, "vnn_nodes": 10800, "vnn_archways": 50904, "detail": null}
{"ts": "2026-06-22T01:04:03.491163", "event": "checkpoint:heartbeat", "session_sec": 27614.9, "sec_since_checkpoint": 0.0, "store_size": 2847, "vnn_nodes": 11009, "vnn_archways": 52170, "detail": null}
{"ts": "2026-06-22T01:14:03.694175", "event": "checkpoint:heartbeat", "session_sec": 28215.1, "sec_since_checkpoint": 0.0, "store_size": 2862, "vnn_nodes": 11164, "vnn_archways": 52724, "detail": null}
{"ts": "2026-06-22T01:24:04.015337", "event": "checkpoint:heartbeat", "session_sec": 28815.4, "sec_since_checkpoint": 0.0, "store_size": 2864, "vnn_nodes": 11273, "vnn_archways": 53210, "detail": null}
{"ts": "2026-06-22T01:34:04.647725", "event": "checkpoint:heartbeat", "session_sec": 29416.0, "sec_since_checkpoint": 0.0, "store_size": 2876, "vnn_nodes": 11373, "vnn_archways": 53824, "detail": null}
{"ts": "2026-06-22T01:44:04.988637", "event": "checkpoint:heartbeat", "session_sec": 30016.4, "sec_since_checkpoint": 0.0, "store_size": 2881, "vnn_nodes": 11556, "vnn_archways": 54524, "detail": null}
{"ts": "2026-06-22T01:54:05.350509", "event": "checkpoint:heartbeat", "session_sec": 30616.7, "sec_since_checkpoint": 0.0, "store_size": 2897, "vnn_nodes": 11668, "vnn_archways": 54948, "detail": null}
{"ts": "2026-06-22T02:04:05.693952", "event": "checkpoint:heartbeat", "session_sec": 31217.1, "sec_since_checkpoint": 0.0, "store_size": 2903, "vnn_nodes": 11859, "vnn_archways": 55934, "detail": null}
{"ts": "2026-06-22T02:14:06.130790", "event": "checkpoint:heartbeat", "session_sec": 31817.5, "sec_since_checkpoint": 0.0, "store_size": 2920, "vnn_nodes": 11865, "vnn_archways": 55982, "detail": null}
{"ts": "2026-06-22T02:24:06.416546", "event": "checkpoint:heartbeat", "session_sec": 32417.8, "sec_since_checkpoint": 0.0, "store_size": 2926, "vnn_nodes": 11891, "vnn_archways": 56074, "detail": null}
{"ts": "2026-06-22T02:34:06.512736", "event": "checkpoint:heartbeat", "session_sec": 33017.9, "sec_since_checkpoint": 0.0, "store_size": 2935, "vnn_nodes": 11896, "vnn_archways": 56116, "detail": null}
{"ts": "2026-06-22T02:44:06.643880", "event": "checkpoint:heartbeat", "session_sec": 33618.0, "sec_since_checkpoint": 0.0, "store_size": 2955, "vnn_nodes": 12015, "vnn_archways": 56546, "detail": null}
{"ts": "2026-06-22T02:54:06.869194", "event": "checkpoint:heartbeat", "session_sec": 34218.3, "sec_since_checkpoint": 0.0, "store_size": 2962, "vnn_nodes": 12041, "vnn_archways": 56638, "detail": null}
{"ts": "2026-06-22T03:04:07.060297", "event": "checkpoint:heartbeat", "session_sec": 34818.5, "sec_since_checkpoint": 0.0, "store_size": 2978, "vnn_nodes": 12128, "vnn_archways": 57188, "detail": null}
{"ts": "2026-06-22T03:14:07.471153", "event": "checkpoint:heartbeat", "session_sec": 35418.9, "sec_since_checkpoint": 0.0, "store_size": 2970, "vnn_nodes": 12146, "vnn_archways": 57188, "detail": null}
{"ts": "2026-06-22T03:24:07.874964", "event": "checkpoint:heartbeat", "session_sec": 36019.3, "sec_since_checkpoint": 0.0, "store_size": 2985, "vnn_nodes": 12213, "vnn_archways": 57540, "detail": null}
{"ts": "2026-06-22T03:34:08.187814", "event": "checkpoint:heartbeat", "session_sec": 36619.6, "sec_since_checkpoint": 0.0, "store_size": 2986, "vnn_nodes": 12213, "vnn_archways": 57540, "detail": null}
{"ts": "2026-06-22T03:44:09.002266", "event": "checkpoint:heartbeat", "session_sec": 37220.4, "sec_since_checkpoint": 0.0, "store_size": 3007, "vnn_nodes": 12294, "vnn_archways": 57732, "detail": null}
{"ts": "2026-06-22T03:54:09.365915", "event": "checkpoint:heartbeat", "session_sec": 37820.8, "sec_since_checkpoint": 0.0, "store_size": 3018, "vnn_nodes": 12342, "vnn_archways": 57932, "detail": null}
{"ts": "2026-06-22T04:04:09.910196", "event": "checkpoint:heartbeat", "session_sec": 38421.3, "sec_since_checkpoint": 0.0, "store_size": 3036, "vnn_nodes": 12358, "vnn_archways": 58028, "detail": null}
{"ts": "2026-06-22T04:14:10.237611", "event": "checkpoint:heartbeat", "session_sec": 39021.6, "sec_since_checkpoint": 0.0, "store_size": 3039, "vnn_nodes": 12463, "vnn_archways": 58422, "detail": null}
{"ts": "2026-06-22T04:24:10.687736", "event": "checkpoint:heartbeat", "session_sec": 39622.1, "sec_since_checkpoint": 0.0, "store_size": 3055, "vnn_nodes": 12580, "vnn_archways": 58828, "detail": null}
{"ts": "2026-06-22T04:34:10.916535", "event": "checkpoint:heartbeat", "session_sec": 40222.3, "sec_since_checkpoint": 0.0, "store_size": 3050, "vnn_nodes": 12580, "vnn_archways": 58828, "detail": null}
{"ts": "2026-06-22T04:44:11.389077", "event": "checkpoint:heartbeat", "session_sec": 40822.8, "sec_since_checkpoint": 0.0, "store_size": 3069, "vnn_nodes": 12611, "vnn_archways": 58990, "detail": null}
{"ts": "2026-06-22T04:54:11.708123", "event": "checkpoint:heartbeat", "session_sec": 41423.1, "sec_since_checkpoint": 0.0, "store_size": 3079, "vnn_nodes": 12633, "vnn_archways": 59060, "detail": null}
{"ts": "2026-06-22T05:04:12.085740", "event": "checkpoint:heartbeat", "session_sec": 42023.5, "sec_since_checkpoint": 0.0, "store_size": 3079, "vnn_nodes": 12633, "vnn_archways": 59062, "detail": null}
{"ts": "2026-06-22T05:14:12.322238", "event": "checkpoint:heartbeat", "session_sec": 42623.7, "sec_since_checkpoint": 0.0, "store_size": 3088, "vnn_nodes": 12786, "vnn_archways": 59472, "detail": null}
{"ts": "2026-06-22T05:24:12.810474", "event": "checkpoint:heartbeat", "session_sec": 43224.2, "sec_since_checkpoint": 0.0, "store_size": 3098, "vnn_nodes": 12786, "vnn_archways": 59472, "detail": null}
{"ts": "2026-06-22T05:34:13.447040", "event": "checkpoint:heartbeat", "session_sec": 43824.8, "sec_since_checkpoint": 0.0, "store_size": 3104, "vnn_nodes": 12808, "vnn_archways": 59604, "detail": null}
{"ts": "2026-06-22T05:44:13.619642", "event": "checkpoint:heartbeat", "session_sec": 44425.0, "sec_since_checkpoint": 0.0, "store_size": 3114, "vnn_nodes": 12809, "vnn_archways": 59608, "detail": null}
{"ts": "2026-06-22T05:54:13.893729", "event": "checkpoint:heartbeat", "session_sec": 45025.3, "sec_since_checkpoint": 0.0, "store_size": 3113, "vnn_nodes": 12818, "vnn_archways": 59662, "detail": null}
{"ts": "2026-06-22T06:04:14.704129", "event": "checkpoint:heartbeat", "session_sec": 45626.1, "sec_since_checkpoint": 0.0, "store_size": 3121, "vnn_nodes": 12820, "vnn_archways": 59674, "detail": null}
{"ts": "2026-06-22T06:14:15.039147", "event": "checkpoint:heartbeat", "session_sec": 46226.4, "sec_since_checkpoint": 0.0, "store_size": 3129, "vnn_nodes": 12820, "vnn_archways": 59674, "detail": null}
{"ts": "2026-06-22T06:24:15.183502", "event": "checkpoint:heartbeat", "session_sec": 46826.6, "sec_since_checkpoint": 0.0, "store_size": 3130, "vnn_nodes": 12820, "vnn_archways": 59674, "detail": null}
{"ts": "2026-06-22T06:34:15.679585", "event": "checkpoint:heartbeat", "session_sec": 47427.1, "sec_since_checkpoint": 0.0, "store_size": 3142, "vnn_nodes": 13000, "vnn_archways": 60764, "detail": null}
{"ts": "2026-06-22T06:44:15.866444", "event": "checkpoint:heartbeat", "session_sec": 48027.3, "sec_since_checkpoint": 0.0, "store_size": 3154, "vnn_nodes": 13302, "vnn_archways": 62384, "detail": null}
{"ts": "2026-06-22T06:54:16.722826", "event": "checkpoint:heartbeat", "session_sec": 48628.1, "sec_since_checkpoint": 0.0, "store_size": 3167, "vnn_nodes": 13477, "vnn_archways": 62748, "detail": null}
{"ts": "2026-06-22T07:04:17.098260", "event": "checkpoint:heartbeat", "session_sec": 49228.5, "sec_since_checkpoint": 0.0, "store_size": 3175, "vnn_nodes": 13535, "vnn_archways": 63060, "detail": null}
{"ts": "2026-06-22T07:14:17.430517", "event": "checkpoint:heartbeat", "session_sec": 49828.8, "sec_since_checkpoint": 0.0, "store_size": 3175, "vnn_nodes": 13571, "vnn_archways": 63264, "detail": null}
{"ts": "2026-06-22T07:24:17.645556", "event": "checkpoint:heartbeat", "session_sec": 50429.0, "sec_since_checkpoint": 0.0, "store_size": 3220, "vnn_nodes": 13571, "vnn_archways": 63264, "detail": null}
{"ts": "2026-06-22T07:34:17.964355", "event": "checkpoint:heartbeat", "session_sec": 51029.4, "sec_since_checkpoint": 0.0, "store_size": 3246, "vnn_nodes": 13571, "vnn_archways": 63264, "detail": null}
{"ts": "2026-06-22T07:44:18.570495", "event": "checkpoint:heartbeat", "session_sec": 51630.0, "sec_since_checkpoint": 0.0, "store_size": 3246, "vnn_nodes": 13571, "vnn_archways": 63264, "detail": null}
{"ts": "2026-06-22T07:54:18.808362", "event": "checkpoint:heartbeat", "session_sec": 52230.2, "sec_since_checkpoint": 0.0, "store_size": 3246, "vnn_nodes": 13571, "vnn_archways": 63264, "detail": null}
{"ts": "2026-06-22T08:04:19.053847", "event": "checkpoint:heartbeat", "session_sec": 52830.4, "sec_since_checkpoint": 0.0, "store_size": 3301, "vnn_nodes": 13935, "vnn_archways": 65274, "detail": null}
{"ts": "2026-06-22T08:14:19.440164", "event": "checkpoint:heartbeat", "session_sec": 53430.8, "sec_since_checkpoint": 0.0, "store_size": 3448, "vnn_nodes": 14072, "vnn_archways": 65598, "detail": null}
{"ts": "2026-06-22T08:24:20.647265", "event": "checkpoint:heartbeat", "session_sec": 54032.0, "sec_since_checkpoint": 0.0, "store_size": 3580, "vnn_nodes": 14075, "vnn_archways": 65600, "detail": null}
{"ts": "2026-06-22T08:34:21.008417", "event": "checkpoint:heartbeat", "session_sec": 54632.4, "sec_since_checkpoint": 0.0, "store_size": 3726, "vnn_nodes": 14077, "vnn_archways": 65600, "detail": null}
{"ts": "2026-06-22T08:44:21.625243", "event": "checkpoint:heartbeat", "session_sec": 55233.0, "sec_since_checkpoint": 0.0, "store_size": 3879, "vnn_nodes": 14079, "vnn_archways": 65600, "detail": null}
{"ts": "2026-06-22T08:54:22.088334", "event": "checkpoint:heartbeat", "session_sec": 55833.5, "sec_since_checkpoint": 0.0, "store_size": 4020, "vnn_nodes": 14082, "vnn_archways": 65600, "detail": null}
{"ts": "2026-06-22T09:04:22.566685", "event": "checkpoint:heartbeat", "session_sec": 56434.0, "sec_since_checkpoint": 0.0, "store_size": 4166, "vnn_nodes": 14084, "vnn_archways": 65600, "detail": null}
{"ts": "2026-06-22T09:14:23.033398", "event": "checkpoint:heartbeat", "session_sec": 57034.4, "sec_since_checkpoint": 0.0, "store_size": 4298, "vnn_nodes": 14128, "vnn_archways": 65904, "detail": null}
{"ts": "2026-06-22T09:24:23.714046", "event": "checkpoint:heartbeat", "session_sec": 57635.1, "sec_since_checkpoint": 0.0, "store_size": 4438, "vnn_nodes": 14152, "vnn_archways": 65904, "detail": null}
{"ts": "2026-06-22T09:34:24.092660", "event": "checkpoint:heartbeat", "session_sec": 58235.5, "sec_since_checkpoint": 0.0, "store_size": 4577, "vnn_nodes": 14154, "vnn_archways": 65904, "detail": null}
{"ts": "2026-06-22T09:44:24.208517", "event": "checkpoint:heartbeat", "session_sec": 58835.6, "sec_since_checkpoint": 0.0, "store_size": 4707, "vnn_nodes": 14155, "vnn_archways": 65904, "detail": null}
{"ts": "2026-06-22T09:54:24.662320", "event": "checkpoint:heartbeat", "session_sec": 59436.1, "sec_since_checkpoint": 0.0, "store_size": 4846, "vnn_nodes": 14157, "vnn_archways": 65904, "detail": null}
{"ts": "2026-06-22T10:04:24.873247", "event": "checkpoint:heartbeat", "session_sec": 60036.3, "sec_since_checkpoint": 0.0, "store_size": 4975, "vnn_nodes": 14158, "vnn_archways": 65904, "detail": null}
{"ts": "2026-06-22T10:14:25.749478", "event": "checkpoint:heartbeat", "session_sec": 60637.1, "sec_since_checkpoint": 0.0, "store_size": 5118, "vnn_nodes": 14160, "vnn_archways": 65904, "detail": null}
{"ts": "2026-06-22T10:24:25.944463", "event": "checkpoint:heartbeat", "session_sec": 61237.3, "sec_since_checkpoint": 0.0, "store_size": 5265, "vnn_nodes": 14161, "vnn_archways": 65904, "detail": null}
{"ts": "2026-06-22T10:34:26.162602", "event": "checkpoint:heartbeat", "session_sec": 61837.6, "sec_since_checkpoint": 0.0, "store_size": 5401, "vnn_nodes": 14162, "vnn_archways": 65904, "detail": null}
{"ts": "2026-06-22T10:44:27.338078", "event": "checkpoint:heartbeat", "session_sec": 62438.7, "sec_since_checkpoint": 0.0, "store_size": 5538, "vnn_nodes": 14163, "vnn_archways": 65904, "detail": null}
{"ts": "2026-06-22T10:54:29.228303", "event": "checkpoint:heartbeat", "session_sec": 63040.6, "sec_since_checkpoint": 0.0, "store_size": 5685, "vnn_nodes": 14165, "vnn_archways": 65904, "detail": null}
{"ts": "2026-06-22T11:04:29.823728", "event": "checkpoint:heartbeat", "session_sec": 63641.2, "sec_since_checkpoint": 0.0, "store_size": 5818, "vnn_nodes": 14166, "vnn_archways": 65906, "detail": null}
{"ts": "2026-06-22T11:07:51.917649", "event": "preserve:finally", "session_sec": 63843.3, "sec_since_checkpoint": 202.1, "store_size": 5849, "vnn_nodes": 14236, "vnn_archways": 66270, "detail": null}
{"ts": "2026-06-23T20:45:41.791576", "event": "session_start", "session_sec": 0.0, "sec_since_checkpoint": 0.0, "store_size": 5849, "vnn_nodes": 14236, "vnn_archways": 66270, "detail": null}
{"ts": "2026-06-23T20:47:10.749012", "event": "preserve:finally", "session_sec": 89.0, "sec_since_checkpoint": 89.0, "store_size": 5864, "vnn_nodes": 14237, "vnn_archways": 66270, "detail": null}
{"ts": "2026-06-23T20:47:57.228574", "event": "session_start", "session_sec": 0.0, "sec_since_checkpoint": 0.0, "store_size": 0, "vnn_nodes": 0, "vnn_archways": 0, "detail": null}
{"ts": "2026-06-23T20:57:57.313559", "event": "checkpoint:heartbeat", "session_sec": 600.1, "sec_since_checkpoint": 0.0, "store_size": 287, "vnn_nodes": 2044, "vnn_archways": 9022, "detail": null}
{"ts": "2026-06-23T21:07:57.442217", "event": "checkpoint:heartbeat", "session_sec": 1200.2, "sec_since_checkpoint": 0.0, "store_size": 261, "vnn_nodes": 2222, "vnn_archways": 9728, "detail": null}
{"ts": "2026-06-23T21:17:57.615629", "event": "checkpoint:heartbeat", "session_sec": 1800.4, "sec_since_checkpoint": 0.0, "store_size": 278, "vnn_nodes": 2334, "vnn_archways": 10302, "detail": null}
{"ts": "2026-06-23T21:27:57.791128", "event": "checkpoint:heartbeat", "session_sec": 2400.6, "sec_since_checkpoint": 0.0, "store_size": 299, "vnn_nodes": 2370, "vnn_archways": 10478, "detail": null}
{"ts": "2026-06-23T21:37:57.868435", "event": "checkpoint:heartbeat", "session_sec": 3000.6, "sec_since_checkpoint": 0.0, "store_size": 300, "vnn_nodes": 2585, "vnn_archways": 11706, "detail": null}
{"ts": "2026-06-23T21:47:57.996703", "event": "checkpoint:heartbeat", "session_sec": 3600.8, "sec_since_checkpoint": 0.0, "store_size": 318, "vnn_nodes": 2634, "vnn_archways": 11878, "detail": null}
{"ts": "2026-06-23T21:57:58.262471", "event": "checkpoint:heartbeat", "session_sec": 4201.0, "sec_since_checkpoint": 0.0, "store_size": 324, "vnn_nodes": 2736, "vnn_archways": 12506, "detail": null}
{"ts": "2026-06-23T22:07:58.581543", "event": "checkpoint:heartbeat", "session_sec": 4801.4, "sec_since_checkpoint": 0.0, "store_size": 333, "vnn_nodes": 2788, "vnn_archways": 12666, "detail": null}
{"ts": "2026-06-23T22:17:58.724487", "event": "checkpoint:heartbeat", "session_sec": 5401.5, "sec_since_checkpoint": 0.0, "store_size": 335, "vnn_nodes": 2988, "vnn_archways": 13746, "detail": null}
{"ts": "2026-06-23T22:27:58.823042", "event": "checkpoint:heartbeat", "session_sec": 6001.6, "sec_since_checkpoint": 0.0, "store_size": 345, "vnn_nodes": 3110, "vnn_archways": 14252, "detail": null}
{"ts": "2026-06-23T22:37:59.169131", "event": "checkpoint:heartbeat", "session_sec": 6601.9, "sec_since_checkpoint": 0.0, "store_size": 351, "vnn_nodes": 3142, "vnn_archways": 14456, "detail": null}
{"ts": "2026-06-23T22:47:59.320761", "event": "checkpoint:heartbeat", "session_sec": 7202.1, "sec_since_checkpoint": 0.0, "store_size": 373, "vnn_nodes": 3195, "vnn_archways": 14638, "detail": null}
{"ts": "2026-06-23T22:57:59.495591", "event": "checkpoint:heartbeat", "session_sec": 7802.3, "sec_since_checkpoint": 0.0, "store_size": 400, "vnn_nodes": 3220, "vnn_archways": 14760, "detail": null}
{"ts": "2026-06-23T23:07:59.673970", "event": "checkpoint:heartbeat", "session_sec": 8402.4, "sec_since_checkpoint": 0.0, "store_size": 401, "vnn_nodes": 3257, "vnn_archways": 14916, "detail": null}
{"ts": "2026-06-23T23:17:59.925018", "event": "checkpoint:heartbeat", "session_sec": 9002.7, "sec_since_checkpoint": 0.0, "store_size": 406, "vnn_nodes": 3258, "vnn_archways": 14962, "detail": null}
{"ts": "2026-06-23T23:28:00.338506", "event": "checkpoint:heartbeat", "session_sec": 9603.1, "sec_since_checkpoint": 0.0, "store_size": 424, "vnn_nodes": 3384, "vnn_archways": 15584, "detail": null}
{"ts": "2026-06-23T23:38:00.392349", "event": "checkpoint:heartbeat", "session_sec": 10203.2, "sec_since_checkpoint": 0.0, "store_size": 429, "vnn_nodes": 3403, "vnn_archways": 15700, "detail": null}
{"ts": "2026-06-23T23:48:00.765608", "event": "checkpoint:heartbeat", "session_sec": 10803.5, "sec_since_checkpoint": 0.0, "store_size": 444, "vnn_nodes": 3441, "vnn_archways": 15700, "detail": null}
{"ts": "2026-06-23T23:58:00.956464", "event": "checkpoint:heartbeat", "session_sec": 11403.7, "sec_since_checkpoint": 0.0, "store_size": 476, "vnn_nodes": 3463, "vnn_archways": 15862, "detail": null}
{"ts": "2026-06-24T00:08:01.038157", "event": "checkpoint:heartbeat", "session_sec": 12003.8, "sec_since_checkpoint": 0.0, "store_size": 477, "vnn_nodes": 3487, "vnn_archways": 16030, "detail": null}
{"ts": "2026-06-24T00:18:01.260558", "event": "checkpoint:heartbeat", "session_sec": 12604.0, "sec_since_checkpoint": 0.0, "store_size": 484, "vnn_nodes": 3583, "vnn_archways": 16596, "detail": null}
{"ts": "2026-06-24T00:28:01.540982", "event": "checkpoint:heartbeat", "session_sec": 13204.3, "sec_since_checkpoint": 0.0, "store_size": 497, "vnn_nodes": 3614, "vnn_archways": 16800, "detail": null}
{"ts": "2026-06-24T00:38:01.823440", "event": "checkpoint:heartbeat", "session_sec": 13804.6, "sec_since_checkpoint": 0.0, "store_size": 518, "vnn_nodes": 3663, "vnn_archways": 17008, "detail": null}
{"ts": "2026-06-24T00:48:02.012033", "event": "checkpoint:heartbeat", "session_sec": 14404.8, "sec_since_checkpoint": 0.0, "store_size": 519, "vnn_nodes": 3703, "vnn_archways": 17244, "detail": null}
{"ts": "2026-06-24T00:58:02.344615", "event": "checkpoint:heartbeat", "session_sec": 15005.1, "sec_since_checkpoint": 0.0, "store_size": 546, "vnn_nodes": 3723, "vnn_archways": 17360, "detail": null}
{"ts": "2026-06-24T01:08:02.567867", "event": "checkpoint:heartbeat", "session_sec": 15605.3, "sec_since_checkpoint": 0.0, "store_size": 547, "vnn_nodes": 3738, "vnn_archways": 17438, "detail": null}
{"ts": "2026-06-24T01:18:02.702724", "event": "checkpoint:heartbeat", "session_sec": 16205.5, "sec_since_checkpoint": 0.0, "store_size": 558, "vnn_nodes": 3741, "vnn_archways": 17456, "detail": null}
{"ts": "2026-06-24T01:28:02.813219", "event": "checkpoint:heartbeat", "session_sec": 16805.6, "sec_since_checkpoint": 0.0, "store_size": 567, "vnn_nodes": 3765, "vnn_archways": 17606, "detail": null}
{"ts": "2026-06-24T01:38:03.063535", "event": "checkpoint:heartbeat", "session_sec": 17405.8, "sec_since_checkpoint": 0.0, "store_size": 572, "vnn_nodes": 3796, "vnn_archways": 17794, "detail": null}
{"ts": "2026-06-24T01:48:03.298895", "event": "checkpoint:heartbeat", "session_sec": 18006.1, "sec_since_checkpoint": 0.0, "store_size": 578, "vnn_nodes": 3799, "vnn_archways": 17812, "detail": null}
{"ts": "2026-06-24T01:58:03.614311", "event": "checkpoint:heartbeat", "session_sec": 18606.4, "sec_since_checkpoint": 0.0, "store_size": 584, "vnn_nodes": 3965, "vnn_archways": 18744, "detail": null}
{"ts": "2026-06-24T02:08:03.868997", "event": "checkpoint:heartbeat", "session_sec": 19206.6, "sec_since_checkpoint": 0.0, "store_size": 585, "vnn_nodes": 3974, "vnn_archways": 18794, "detail": null}
{"ts": "2026-06-24T02:18:03.979250", "event": "checkpoint:heartbeat", "session_sec": 19806.8, "sec_since_checkpoint": 0.0, "store_size": 591, "vnn_nodes": 4009, "vnn_archways": 19012, "detail": null}
{"ts": "2026-06-24T02:28:04.114635", "event": "checkpoint:heartbeat", "session_sec": 20406.9, "sec_since_checkpoint": 0.0, "store_size": 602, "vnn_nodes": 4010, "vnn_archways": 19038, "detail": null}
{"ts": "2026-06-24T02:38:04.628560", "event": "checkpoint:heartbeat", "session_sec": 21007.4, "sec_since_checkpoint": 0.0, "store_size": 600, "vnn_nodes": 4010, "vnn_archways": 19038, "detail": null}
{"ts": "2026-06-24T02:48:04.836013", "event": "checkpoint:heartbeat", "session_sec": 21607.6, "sec_since_checkpoint": 0.0, "store_size": 615, "vnn_nodes": 4032, "vnn_archways": 19178, "detail": null}
{"ts": "2026-06-24T02:58:04.992910", "event": "checkpoint:heartbeat", "session_sec": 22207.8, "sec_since_checkpoint": 0.0, "store_size": 610, "vnn_nodes": 4077, "vnn_archways": 19424, "detail": null}
{"ts": "2026-06-24T03:08:05.312613", "event": "checkpoint:heartbeat", "session_sec": 22808.1, "sec_since_checkpoint": 0.0, "store_size": 616, "vnn_nodes": 4077, "vnn_archways": 19424, "detail": null}
{"ts": "2026-06-24T03:18:05.411092", "event": "checkpoint:heartbeat", "session_sec": 23408.2, "sec_since_checkpoint": 0.0, "store_size": 624, "vnn_nodes": 4078, "vnn_archways": 19486, "detail": null}
{"ts": "2026-06-24T03:28:05.767452", "event": "checkpoint:heartbeat", "session_sec": 24008.5, "sec_since_checkpoint": 0.0, "store_size": 624, "vnn_nodes": 4149, "vnn_archways": 19774, "detail": null}
{"ts": "2026-06-24T03:38:06.132204", "event": "checkpoint:heartbeat", "session_sec": 24608.9, "sec_since_checkpoint": 0.0, "store_size": 635, "vnn_nodes": 4179, "vnn_archways": 19940, "detail": null}
{"ts": "2026-06-24T03:48:06.280636", "event": "checkpoint:heartbeat", "session_sec": 25209.1, "sec_since_checkpoint": 0.0, "store_size": 656, "vnn_nodes": 4229, "vnn_archways": 20124, "detail": null}
{"ts": "2026-06-24T03:58:06.608203", "event": "checkpoint:heartbeat", "session_sec": 25809.4, "sec_since_checkpoint": 0.0, "store_size": 656, "vnn_nodes": 4302, "vnn_archways": 20540, "detail": null}
{"ts": "2026-06-24T04:08:06.751387", "event": "checkpoint:heartbeat", "session_sec": 26409.5, "sec_since_checkpoint": 0.0, "store_size": 674, "vnn_nodes": 4362, "vnn_archways": 20784, "detail": null}
{"ts": "2026-06-24T04:18:06.902211", "event": "checkpoint:heartbeat", "session_sec": 27009.7, "sec_since_checkpoint": 0.0, "store_size": 683, "vnn_nodes": 4362, "vnn_archways": 20784, "detail": null}
{"ts": "2026-06-24T04:28:07.406840", "event": "checkpoint:heartbeat", "session_sec": 27610.2, "sec_since_checkpoint": 0.0, "store_size": 690, "vnn_nodes": 4369, "vnn_archways": 20784, "detail": null}
{"ts": "2026-06-24T04:38:07.453620", "event": "checkpoint:heartbeat", "session_sec": 28210.2, "sec_since_checkpoint": 0.0, "store_size": 699, "vnn_nodes": 4408, "vnn_archways": 21032, "detail": null}
{"ts": "2026-06-24T04:48:07.771510", "event": "checkpoint:heartbeat", "session_sec": 28810.5, "sec_since_checkpoint": 0.0, "store_size": 717, "vnn_nodes": 4454, "vnn_archways": 21294, "detail": null}
{"ts": "2026-06-24T04:58:08.065535", "event": "checkpoint:heartbeat", "session_sec": 29410.8, "sec_since_checkpoint": 0.0, "store_size": 721, "vnn_nodes": 4491, "vnn_archways": 21450, "detail": null}
{"ts": "2026-06-24T05:08:08.200347", "event": "checkpoint:heartbeat", "session_sec": 30011.0, "sec_since_checkpoint": 0.0, "store_size": 726, "vnn_nodes": 4493, "vnn_archways": 21486, "detail": null}
{"ts": "2026-06-24T05:18:08.330006", "event": "checkpoint:heartbeat", "session_sec": 30611.1, "sec_since_checkpoint": 0.0, "store_size": 733, "vnn_nodes": 4497, "vnn_archways": 21510, "detail": null}
{"ts": "2026-06-24T05:28:08.651953", "event": "checkpoint:heartbeat", "session_sec": 31211.4, "sec_since_checkpoint": 0.0, "store_size": 755, "vnn_nodes": 4591, "vnn_archways": 21954, "detail": null}
{"ts": "2026-06-24T05:38:08.928114", "event": "checkpoint:heartbeat", "session_sec": 31811.7, "sec_since_checkpoint": 0.0, "store_size": 754, "vnn_nodes": 4615, "vnn_archways": 22104, "detail": null}
{"ts": "2026-06-24T05:48:09.057110", "event": "checkpoint:heartbeat", "session_sec": 32411.8, "sec_since_checkpoint": 0.0, "store_size": 769, "vnn_nodes": 4700, "vnn_archways": 22490, "detail": null}
{"ts": "2026-06-24T05:58:09.229478", "event": "checkpoint:heartbeat", "session_sec": 33012.0, "sec_since_checkpoint": 0.0, "store_size": 784, "vnn_nodes": 4709, "vnn_archways": 22574, "detail": null}
{"ts": "2026-06-24T06:08:09.623115", "event": "checkpoint:heartbeat", "session_sec": 33612.4, "sec_since_checkpoint": 0.0, "store_size": 789, "vnn_nodes": 4712, "vnn_archways": 22592, "detail": null}
{"ts": "2026-06-24T06:18:09.884409", "event": "checkpoint:heartbeat", "session_sec": 34212.7, "sec_since_checkpoint": 0.0, "store_size": 784, "vnn_nodes": 4731, "vnn_archways": 22734, "detail": null}
{"ts": "2026-06-24T06:28:10.127856", "event": "checkpoint:heartbeat", "session_sec": 34812.9, "sec_since_checkpoint": 0.0, "store_size": 794, "vnn_nodes": 4797, "vnn_archways": 23004, "detail": null}
{"ts": "2026-06-24T06:38:10.459777", "event": "checkpoint:heartbeat", "session_sec": 35413.2, "sec_since_checkpoint": 0.0, "store_size": 798, "vnn_nodes": 4863, "vnn_archways": 23300, "detail": null}
{"ts": "2026-06-24T06:48:10.562550", "event": "checkpoint:heartbeat", "session_sec": 36013.3, "sec_since_checkpoint": 0.0, "store_size": 805, "vnn_nodes": 4926, "vnn_archways": 23492, "detail": null}
{"ts": "2026-06-24T06:58:11.190276", "event": "checkpoint:heartbeat", "session_sec": 36614.0, "sec_since_checkpoint": 0.0, "store_size": 799, "vnn_nodes": 4930, "vnn_archways": 23518, "detail": null}
{"ts": "2026-06-24T07:08:11.506932", "event": "checkpoint:heartbeat", "session_sec": 37214.3, "sec_since_checkpoint": 0.0, "store_size": 809, "vnn_nodes": 5093, "vnn_archways": 24572, "detail": null}
{"ts": "2026-06-24T07:18:11.981109", "event": "checkpoint:heartbeat", "session_sec": 37814.8, "sec_since_checkpoint": 0.0, "store_size": 836, "vnn_nodes": 5130, "vnn_archways": 24670, "detail": null}
{"ts": "2026-06-24T07:18:59.430919", "event": "preserve:finally", "session_sec": 37862.2, "sec_since_checkpoint": 47.4, "store_size": 843, "vnn_nodes": 5130, "vnn_archways": 24670, "detail": null}
{"ts": "2026-06-24T10:06:24.685494", "event": "session_start", "session_sec": 0.0, "sec_since_checkpoint": 0.0, "store_size": 0, "vnn_nodes": 0, "vnn_archways": 0, "detail": null}
{"ts": "2026-06-24T10:16:24.724836", "event": "checkpoint:heartbeat", "session_sec": 600.0, "sec_since_checkpoint": 0.0, "store_size": 803, "vnn_nodes": 33, "vnn_archways": 2, "detail": null}
{"ts": "2026-06-24T10:26:24.793775", "event": "checkpoint:heartbeat", "session_sec": 1200.1, "sec_since_checkpoint": 0.0, "store_size": 1133, "vnn_nodes": 35, "vnn_archways": 2, "detail": null}
{"ts": "2026-06-24T10:36:24.860071", "event": "checkpoint:heartbeat", "session_sec": 1800.2, "sec_since_checkpoint": 0.0, "store_size": 1471, "vnn_nodes": 37, "vnn_archways": 2, "detail": null}
{"ts": "2026-06-24T10:46:24.933697", "event": "checkpoint:heartbeat", "session_sec": 2400.2, "sec_since_checkpoint": 0.0, "store_size": 1811, "vnn_nodes": 38, "vnn_archways": 2, "detail": null}
{"ts": "2026-06-24T10:56:24.991162", "event": "checkpoint:heartbeat", "session_sec": 3000.3, "sec_since_checkpoint": 0.0, "store_size": 2094, "vnn_nodes": 40, "vnn_archways": 2, "detail": null}
{"ts": "2026-06-24T11:06:25.117239", "event": "checkpoint:heartbeat", "session_sec": 3600.4, "sec_since_checkpoint": 0.0, "store_size": 2346, "vnn_nodes": 42, "vnn_archways": 2, "detail": null}
{"ts": "2026-06-24T11:16:25.248787", "event": "checkpoint:heartbeat", "session_sec": 4200.6, "sec_since_checkpoint": 0.0, "store_size": 2577, "vnn_nodes": 50, "vnn_archways": 14, "detail": null}
{"ts": "2026-06-24T11:26:25.282476", "event": "checkpoint:heartbeat", "session_sec": 4800.6, "sec_since_checkpoint": 0.0, "store_size": 2784, "vnn_nodes": 53, "vnn_archways": 14, "detail": null}
{"ts": "2026-06-24T11:36:25.310403", "event": "checkpoint:heartbeat", "session_sec": 5400.6, "sec_since_checkpoint": 0.0, "store_size": 3006, "vnn_nodes": 55, "vnn_archways": 14, "detail": null}
{"ts": "2026-06-24T11:46:25.429239", "event": "checkpoint:heartbeat", "session_sec": 6000.7, "sec_since_checkpoint": 0.0, "store_size": 3235, "vnn_nodes": 58, "vnn_archways": 14, "detail": null}
{"ts": "2026-06-24T11:56:25.527696", "event": "checkpoint:heartbeat", "session_sec": 6600.8, "sec_since_checkpoint": 0.0, "store_size": 3433, "vnn_nodes": 59, "vnn_archways": 14, "detail": null}
{"ts": "2026-06-24T12:06:25.658372", "event": "checkpoint:heartbeat", "session_sec": 7201.0, "sec_since_checkpoint": 0.0, "store_size": 3620, "vnn_nodes": 61, "vnn_archways": 14, "detail": null}
{"ts": "2026-06-24T12:16:25.836375", "event": "checkpoint:heartbeat", "session_sec": 7801.2, "sec_since_checkpoint": 0.0, "store_size": 3847, "vnn_nodes": 62, "vnn_archways": 14, "detail": null}
{"ts": "2026-06-24T12:26:25.868996", "event": "checkpoint:heartbeat", "session_sec": 8401.2, "sec_since_checkpoint": 0.0, "store_size": 4030, "vnn_nodes": 64, "vnn_archways": 14, "detail": null}
{"ts": "2026-06-24T12:36:26.074290", "event": "checkpoint:heartbeat", "session_sec": 9001.4, "sec_since_checkpoint": 0.0, "store_size": 4211, "vnn_nodes": 65, "vnn_archways": 14, "detail": null}
{"ts": "2026-06-24T12:46:26.146750", "event": "checkpoint:heartbeat", "session_sec": 9601.5, "sec_since_checkpoint": 0.0, "store_size": 4403, "vnn_nodes": 66, "vnn_archways": 14, "detail": null}
{"ts": "2026-06-24T12:56:26.218507", "event": "checkpoint:heartbeat", "session_sec": 10201.5, "sec_since_checkpoint": 0.0, "store_size": 4644, "vnn_nodes": 67, "vnn_archways": 14, "detail": null}
{"ts": "2026-06-24T13:06:26.325031", "event": "checkpoint:heartbeat", "session_sec": 10801.6, "sec_since_checkpoint": 0.0, "store_size": 4871, "vnn_nodes": 68, "vnn_archways": 14, "detail": null}
{"ts": "2026-06-24T13:16:26.403741", "event": "checkpoint:heartbeat", "session_sec": 11401.7, "sec_since_checkpoint": 0.0, "store_size": 5166, "vnn_nodes": 70, "vnn_archways": 14, "detail": null}
{"ts": "2026-06-24T13:26:26.489341", "event": "checkpoint:heartbeat", "session_sec": 12001.8, "sec_since_checkpoint": 0.0, "store_size": 5395, "vnn_nodes": 71, "vnn_archways": 14, "detail": null}
{"ts": "2026-06-24T13:36:26.648767", "event": "checkpoint:heartbeat", "session_sec": 12602.0, "sec_since_checkpoint": 0.0, "store_size": 5614, "vnn_nodes": 72, "vnn_archways": 14, "detail": null}
{"ts": "2026-06-24T13:46:26.700543", "event": "checkpoint:heartbeat", "session_sec": 13202.0, "sec_since_checkpoint": 0.0, "store_size": 5836, "vnn_nodes": 73, "vnn_archways": 14, "detail": null}
{"ts": "2026-06-24T13:56:26.839336", "event": "checkpoint:heartbeat", "session_sec": 13802.2, "sec_since_checkpoint": 0.0, "store_size": 6021, "vnn_nodes": 74, "vnn_archways": 14, "detail": null}
{"ts": "2026-06-24T14:06:27.011526", "event": "checkpoint:heartbeat", "session_sec": 14402.3, "sec_since_checkpoint": 0.0, "store_size": 6146, "vnn_nodes": 74, "vnn_archways": 14, "detail": null}
{"ts": "2026-06-24T14:16:27.149786", "event": "checkpoint:heartbeat", "session_sec": 15002.5, "sec_since_checkpoint": 0.0, "store_size": 6270, "vnn_nodes": 75, "vnn_archways": 14, "detail": null}
{"ts": "2026-06-24T14:26:27.254000", "event": "checkpoint:heartbeat", "session_sec": 15602.6, "sec_since_checkpoint": 0.0, "store_size": 6406, "vnn_nodes": 76, "vnn_archways": 14, "detail": null}
{"ts": "2026-06-24T14:36:27.366730", "event": "checkpoint:heartbeat", "session_sec": 16202.7, "sec_since_checkpoint": 0.0, "store_size": 6511, "vnn_nodes": 77, "vnn_archways": 14, "detail": null}
{"ts": "2026-06-24T14:46:27.494230", "event": "checkpoint:heartbeat", "session_sec": 16802.8, "sec_since_checkpoint": 0.0, "store_size": 6615, "vnn_nodes": 78, "vnn_archways": 14, "detail": null}
{"ts": "2026-06-24T14:56:27.582664", "event": "checkpoint:heartbeat", "session_sec": 17402.9, "sec_since_checkpoint": 0.0, "store_size": 6744, "vnn_nodes": 79, "vnn_archways": 14, "detail": null}
{"ts": "2026-06-24T15:06:27.791462", "event": "checkpoint:heartbeat", "session_sec": 18003.1, "sec_since_checkpoint": 0.0, "store_size": 6871, "vnn_nodes": 79, "vnn_archways": 14, "detail": null}
{"ts": "2026-06-24T15:16:27.904701", "event": "checkpoint:heartbeat", "session_sec": 18603.2, "sec_since_checkpoint": 0.0, "store_size": 6995, "vnn_nodes": 80, "vnn_archways": 14, "detail": null}
{"ts": "2026-06-24T15:26:28.080886", "event": "checkpoint:heartbeat", "session_sec": 19203.4, "sec_since_checkpoint": 0.0, "store_size": 6995, "vnn_nodes": 81, "vnn_archways": 14, "detail": null}
{"ts": "2026-06-24T15:36:28.284372", "event": "checkpoint:heartbeat", "session_sec": 19803.6, "sec_since_checkpoint": 0.0, "store_size": 6995, "vnn_nodes": 82, "vnn_archways": 14, "detail": null}
{"ts": "2026-06-24T15:46:28.409773", "event": "checkpoint:heartbeat", "session_sec": 20403.7, "sec_since_checkpoint": 0.0, "store_size": 6995, "vnn_nodes": 83, "vnn_archways": 14, "detail": null}
{"ts": "2026-06-24T15:56:28.626924", "event": "checkpoint:heartbeat", "session_sec": 21003.9, "sec_since_checkpoint": 0.0, "store_size": 6995, "vnn_nodes": 83, "vnn_archways": 14, "detail": null}
{"ts": "2026-06-24T16:06:28.811805", "event": "checkpoint:heartbeat", "session_sec": 21604.1, "sec_since_checkpoint": 0.0, "store_size": 6995, "vnn_nodes": 84, "vnn_archways": 14, "detail": null}
{"ts": "2026-06-24T16:16:28.896086", "event": "checkpoint:heartbeat", "session_sec": 22204.2, "sec_since_checkpoint": 0.0, "store_size": 6995, "vnn_nodes": 85, "vnn_archways": 14, "detail": null}
{"ts": "2026-06-24T16:26:29.020610", "event": "checkpoint:heartbeat", "session_sec": 22804.3, "sec_since_checkpoint": 0.0, "store_size": 6995, "vnn_nodes": 86, "vnn_archways": 14, "detail": null}
{"ts": "2026-06-24T16:36:29.276808", "event": "checkpoint:heartbeat", "session_sec": 23404.6, "sec_since_checkpoint": 0.0, "store_size": 6995, "vnn_nodes": 87, "vnn_archways": 14, "detail": null}
{"ts": "2026-06-24T16:46:29.436452", "event": "checkpoint:heartbeat", "session_sec": 24004.8, "sec_since_checkpoint": 0.0, "store_size": 6995, "vnn_nodes": 88, "vnn_archways": 14, "detail": null}
{"ts": "2026-06-24T16:56:29.537712", "event": "checkpoint:heartbeat", "session_sec": 24604.9, "sec_since_checkpoint": 0.0, "store_size": 6995, "vnn_nodes": 88, "vnn_archways": 14, "detail": null}
{"ts": "2026-06-24T17:06:29.557618", "event": "checkpoint:heartbeat", "session_sec": 25204.9, "sec_since_checkpoint": 0.0, "store_size": 6995, "vnn_nodes": 89, "vnn_archways": 14, "detail": null}
{"ts": "2026-06-24T17:16:29.646072", "event": "checkpoint:heartbeat", "session_sec": 25805.0, "sec_since_checkpoint": 0.0, "store_size": 6995, "vnn_nodes": 90, "vnn_archways": 14, "detail": null}
{"ts": "2026-06-24T17:26:29.731554", "event": "checkpoint:heartbeat", "session_sec": 26405.0, "sec_since_checkpoint": 0.0, "store_size": 6995, "vnn_nodes": 91, "vnn_archways": 14, "detail": null}
{"ts": "2026-06-24T17:36:29.814884", "event": "checkpoint:heartbeat", "session_sec": 27005.1, "sec_since_checkpoint": 0.0, "store_size": 6995, "vnn_nodes": 92, "vnn_archways": 14, "detail": null}
{"ts": "2026-06-24T17:46:29.894939", "event": "checkpoint:heartbeat", "session_sec": 27605.2, "sec_since_checkpoint": 0.0, "store_size": 6995, "vnn_nodes": 93, "vnn_archways": 14, "detail": null}
{"ts": "2026-06-24T17:56:29.993561", "event": "checkpoint:heartbeat", "session_sec": 28205.3, "sec_since_checkpoint": 0.0, "store_size": 6995, "vnn_nodes": 94, "vnn_archways": 14, "detail": null}
{"ts": "2026-06-24T18:06:30.021289", "event": "checkpoint:heartbeat", "session_sec": 28805.3, "sec_since_checkpoint": 0.0, "store_size": 6995, "vnn_nodes": 95, "vnn_archways": 14, "detail": null}
{"ts": "2026-06-24T18:16:30.084033", "event": "checkpoint:heartbeat", "session_sec": 29405.4, "sec_since_checkpoint": 0.0, "store_size": 6995, "vnn_nodes": 96, "vnn_archways": 14, "detail": null}
{"ts": "2026-06-24T18:26:30.286888", "event": "checkpoint:heartbeat", "session_sec": 30005.6, "sec_since_checkpoint": 0.0, "store_size": 7043, "vnn_nodes": 97, "vnn_archways": 14, "detail": null}
{"ts": "2026-06-24T18:36:30.563074", "event": "checkpoint:heartbeat", "session_sec": 30605.9, "sec_since_checkpoint": 0.0, "store_size": 7165, "vnn_nodes": 104, "vnn_archways": 50, "detail": null}
{"ts": "2026-06-24T18:46:30.694785", "event": "checkpoint:heartbeat", "session_sec": 31206.0, "sec_since_checkpoint": 0.0, "store_size": 7274, "vnn_nodes": 105, "vnn_archways": 50, "detail": null}
{"ts": "2026-06-24T18:56:30.786745", "event": "checkpoint:heartbeat", "session_sec": 31806.1, "sec_since_checkpoint": 0.0, "store_size": 7394, "vnn_nodes": 106, "vnn_archways": 50, "detail": null}
{"ts": "2026-06-24T19:06:30.986926", "event": "checkpoint:heartbeat", "session_sec": 32406.3, "sec_since_checkpoint": 0.0, "store_size": 7482, "vnn_nodes": 107, "vnn_archways": 50, "detail": null}
{"ts": "2026-06-24T19:16:31.087000", "event": "checkpoint:heartbeat", "session_sec": 33006.4, "sec_since_checkpoint": 0.0, "store_size": 7578, "vnn_nodes": 108, "vnn_archways": 50, "detail": null}
{"ts": "2026-06-24T19:26:31.319626", "event": "checkpoint:heartbeat", "session_sec": 33606.6, "sec_since_checkpoint": 0.0, "store_size": 7663, "vnn_nodes": 109, "vnn_archways": 50, "detail": null}
{"ts": "2026-06-24T19:36:31.544308", "event": "checkpoint:heartbeat", "session_sec": 34206.9, "sec_since_checkpoint": 0.0, "store_size": 7762, "vnn_nodes": 110, "vnn_archways": 50, "detail": null}
{"ts": "2026-06-24T19:46:31.644773", "event": "checkpoint:heartbeat", "session_sec": 34807.0, "sec_since_checkpoint": 0.0, "store_size": 7878, "vnn_nodes": 111, "vnn_archways": 50, "detail": null}
{"ts": "2026-06-24T19:56:31.848109", "event": "checkpoint:heartbeat", "session_sec": 35407.2, "sec_since_checkpoint": 0.0, "store_size": 7970, "vnn_nodes": 112, "vnn_archways": 50, "detail": null}
{"ts": "2026-06-24T20:06:32.011444", "event": "checkpoint:heartbeat", "session_sec": 36007.3, "sec_since_checkpoint": 0.0, "store_size": 8082, "vnn_nodes": 232, "vnn_archways": 442, "detail": null}
{"ts": "2026-06-24T20:16:32.079816", "event": "checkpoint:heartbeat", "session_sec": 36607.4, "sec_since_checkpoint": 0.0, "store_size": 8198, "vnn_nodes": 232, "vnn_archways": 442, "detail": null}
{"ts": "2026-06-24T20:26:32.247506", "event": "checkpoint:heartbeat", "session_sec": 37207.6, "sec_since_checkpoint": 0.0, "store_size": 8310, "vnn_nodes": 232, "vnn_archways": 442, "detail": null}
{"ts": "2026-06-24T20:36:32.327796", "event": "checkpoint:heartbeat", "session_sec": 37807.6, "sec_since_checkpoint": 0.0, "store_size": 8431, "vnn_nodes": 232, "vnn_archways": 442, "detail": null}
{"ts": "2026-06-24T20:46:32.539708", "event": "checkpoint:heartbeat", "session_sec": 38407.9, "sec_since_checkpoint": 0.0, "store_size": 8551, "vnn_nodes": 232, "vnn_archways": 442, "detail": null}
{"ts": "2026-06-24T20:56:32.694514", "event": "checkpoint:heartbeat", "session_sec": 39008.0, "sec_since_checkpoint": 0.0, "store_size": 8668, "vnn_nodes": 232, "vnn_archways": 442, "detail": null}
{"ts": "2026-06-24T21:06:32.816197", "event": "checkpoint:heartbeat", "session_sec": 39608.1, "sec_since_checkpoint": 0.0, "store_size": 8779, "vnn_nodes": 232, "vnn_archways": 442, "detail": null}
{"ts": "2026-06-24T21:16:33.200460", "event": "checkpoint:heartbeat", "session_sec": 40208.5, "sec_since_checkpoint": 0.0, "store_size": 8890, "vnn_nodes": 232, "vnn_archways": 442, "detail": null}
{"ts": "2026-06-24T21:26:33.313391", "event": "checkpoint:heartbeat", "session_sec": 40808.6, "sec_since_checkpoint": 0.0, "store_size": 9029, "vnn_nodes": 232, "vnn_archways": 442, "detail": null}
{"ts": "2026-06-24T21:36:33.538618", "event": "checkpoint:heartbeat", "session_sec": 41408.9, "sec_since_checkpoint": 0.0, "store_size": 9136, "vnn_nodes": 232, "vnn_archways": 442, "detail": null}
{"ts": "2026-06-24T21:46:33.694357", "event": "checkpoint:heartbeat", "session_sec": 42009.0, "sec_since_checkpoint": 0.0, "store_size": 9240, "vnn_nodes": 232, "vnn_archways": 442, "detail": null}
{"ts": "2026-06-24T21:56:33.970316", "event": "checkpoint:heartbeat", "session_sec": 42609.3, "sec_since_checkpoint": 0.0, "store_size": 9329, "vnn_nodes": 232, "vnn_archways": 442, "detail": null}
{"ts": "2026-06-24T22:06:34.051999", "event": "checkpoint:heartbeat", "session_sec": 43209.4, "sec_since_checkpoint": 0.0, "store_size": 9435, "vnn_nodes": 232, "vnn_archways": 442, "detail": null}
{"ts": "2026-06-24T22:16:34.087137", "event": "checkpoint:heartbeat", "session_sec": 43809.4, "sec_since_checkpoint": 0.0, "store_size": 9541, "vnn_nodes": 232, "vnn_archways": 442, "detail": null}
{"ts": "2026-06-24T22:26:34.359452", "event": "checkpoint:heartbeat", "session_sec": 44409.7, "sec_since_checkpoint": 0.0, "store_size": 9647, "vnn_nodes": 232, "vnn_archways": 442, "detail": null}
{"ts": "2026-06-24T22:36:34.446551", "event": "checkpoint:heartbeat", "session_sec": 45009.8, "sec_since_checkpoint": 0.0, "store_size": 9760, "vnn_nodes": 232, "vnn_archways": 442, "detail": null}
{"ts": "2026-06-24T22:46:34.631999", "event": "checkpoint:heartbeat", "session_sec": 45609.9, "sec_since_checkpoint": 0.0, "store_size": 9852, "vnn_nodes": 232, "vnn_archways": 442, "detail": null}
{"ts": "2026-06-24T22:56:34.852870", "event": "checkpoint:heartbeat", "session_sec": 46210.2, "sec_since_checkpoint": 0.0, "store_size": 9941, "vnn_nodes": 232, "vnn_archways": 442, "detail": null}
{"ts": "2026-06-24T23:04:01.134832", "event": "preserve:finally", "session_sec": 46656.4, "sec_since_checkpoint": 446.3, "store_size": 10008, "vnn_nodes": 232, "vnn_archways": 442, "detail": null}
{"ts": "2026-06-25T14:33:46.681698", "event": "session_start", "session_sec": 0.0, "sec_since_checkpoint": 0.0, "store_size": 0, "vnn_nodes": 0, "vnn_archways": 0, "detail": null}
{"ts": "2026-06-25T14:43:46.765262", "event": "checkpoint:heartbeat", "session_sec": 600.1, "sec_since_checkpoint": 0.0, "store_size": 252, "vnn_nodes": 958, "vnn_archways": 2470, "detail": null}
{"ts": "2026-06-25T14:53:46.817482", "event": "checkpoint:heartbeat", "session_sec": 1200.1, "sec_since_checkpoint": 0.0, "store_size": 706, "vnn_nodes": 1282, "vnn_archways": 3786, "detail": null}
{"ts": "2026-06-25T15:03:46.868963", "event": "checkpoint:heartbeat", "session_sec": 1800.2, "sec_since_checkpoint": 0.0, "store_size": 1010, "vnn_nodes": 1283, "vnn_archways": 3786, "detail": null}
{"ts": "2026-06-25T15:13:47.076298", "event": "checkpoint:heartbeat", "session_sec": 2400.4, "sec_since_checkpoint": 0.0, "store_size": 1268, "vnn_nodes": 1284, "vnn_archways": 3786, "detail": null}
{"ts": "2026-06-25T15:23:47.165984", "event": "checkpoint:heartbeat", "session_sec": 3000.5, "sec_since_checkpoint": 0.0, "store_size": 1511, "vnn_nodes": 1284, "vnn_archways": 3786, "detail": null}
{"ts": "2026-06-25T15:33:47.262199", "event": "checkpoint:heartbeat", "session_sec": 3600.6, "sec_since_checkpoint": 0.0, "store_size": 1757, "vnn_nodes": 1284, "vnn_archways": 3786, "detail": null}
{"ts": "2026-06-25T15:43:47.294832", "event": "checkpoint:heartbeat", "session_sec": 4200.6, "sec_since_checkpoint": 0.0, "store_size": 1981, "vnn_nodes": 1284, "vnn_archways": 3786, "detail": null}
{"ts": "2026-06-25T15:53:47.345286", "event": "checkpoint:heartbeat", "session_sec": 4800.7, "sec_since_checkpoint": 0.0, "store_size": 2205, "vnn_nodes": 1284, "vnn_archways": 3786, "detail": null}
{"ts": "2026-06-25T16:03:47.645037", "event": "checkpoint:heartbeat", "session_sec": 5401.0, "sec_since_checkpoint": 0.0, "store_size": 2390, "vnn_nodes": 1284, "vnn_archways": 3786, "detail": null}
{"ts": "2026-06-25T16:13:47.807945", "event": "checkpoint:heartbeat", "session_sec": 6001.1, "sec_since_checkpoint": 0.0, "store_size": 2593, "vnn_nodes": 1284, "vnn_archways": 3786, "detail": null}
{"ts": "2026-06-25T16:23:47.975982", "event": "checkpoint:heartbeat", "session_sec": 6601.3, "sec_since_checkpoint": 0.0, "store_size": 2815, "vnn_nodes": 1285, "vnn_archways": 3786, "detail": null}
{"ts": "2026-06-25T16:33:48.232434", "event": "checkpoint:heartbeat", "session_sec": 7201.6, "sec_since_checkpoint": 0.0, "store_size": 3006, "vnn_nodes": 1290, "vnn_archways": 3786, "detail": null}
{"ts": "2026-06-25T16:42:40.642033", "event": "preserve:finally", "session_sec": 7734.0, "sec_since_checkpoint": 532.4, "store_size": 3130, "vnn_nodes": 1297, "vnn_archways": 3804, "detail": null}
{"ts": "2026-06-26T18:03:34.519083", "event": "session_start", "session_sec": 0.0, "sec_since_checkpoint": 0.0, "store_size": 0, "vnn_nodes": 0, "vnn_archways": 0, "detail": null}
{"ts": "2026-06-26T18:13:34.598749", "event": "checkpoint:heartbeat", "session_sec": 600.1, "sec_since_checkpoint": 0.0, "store_size": 1113, "vnn_nodes": 32, "vnn_archways": 0, "detail": null}
{"ts": "2026-06-26T18:23:34.734309", "event": "checkpoint:heartbeat", "session_sec": 1200.2, "sec_since_checkpoint": 0.0, "store_size": 1334, "vnn_nodes": 33, "vnn_archways": 0, "detail": null}
{"ts": "2026-06-26T18:33:34.825911", "event": "checkpoint:heartbeat", "session_sec": 1800.3, "sec_since_checkpoint": 0.0, "store_size": 1478, "vnn_nodes": 34, "vnn_archways": 0, "detail": null}
{"ts": "2026-06-26T18:43:35.151076", "event": "checkpoint:heartbeat", "session_sec": 2400.6, "sec_since_checkpoint": 0.0, "store_size": 1723, "vnn_nodes": 3099, "vnn_archways": 12830, "detail": null}
{"ts": "2026-06-26T18:53:35.593547", "event": "checkpoint:heartbeat", "session_sec": 3001.1, "sec_since_checkpoint": 0.0, "store_size": 1996, "vnn_nodes": 4416, "vnn_archways": 18710, "detail": null}
{"ts": "2026-06-26T19:03:35.623507", "event": "checkpoint:heartbeat", "session_sec": 3601.1, "sec_since_checkpoint": 0.0, "store_size": 2007, "vnn_nodes": 4978, "vnn_archways": 19320, "detail": null}
{"ts": "2026-06-26T19:13:35.910237", "event": "checkpoint:heartbeat", "session_sec": 4201.4, "sec_since_checkpoint": 0.0, "store_size": 2083, "vnn_nodes": 4980, "vnn_archways": 19322, "detail": null}
{"ts": "2026-06-26T19:23:36.329300", "event": "checkpoint:heartbeat", "session_sec": 4801.8, "sec_since_checkpoint": 0.0, "store_size": 2191, "vnn_nodes": 4981, "vnn_archways": 19322, "detail": null}
{"ts": "2026-06-26T19:33:36.669151", "event": "checkpoint:heartbeat", "session_sec": 5402.2, "sec_since_checkpoint": 0.0, "store_size": 2298, "vnn_nodes": 4983, "vnn_archways": 19328, "detail": null}
{"ts": "2026-06-26T19:43:37.205059", "event": "checkpoint:heartbeat", "session_sec": 6002.7, "sec_since_checkpoint": 0.0, "store_size": 2470, "vnn_nodes": 6210, "vnn_archways": 26162, "detail": null}
{"ts": "2026-06-26T19:49:25.935953", "event": "preserve:finally", "session_sec": 6351.4, "sec_since_checkpoint": 348.7, "store_size": 2629, "vnn_nodes": 6658, "vnn_archways": 28412, "detail": null}
{"ts": "2026-06-27T09:02:46.651082", "event": "session_start", "session_sec": 0.0, "sec_since_checkpoint": 0.0, "store_size": 2629, "vnn_nodes": 6658, "vnn_archways": 28412, "detail": null}
{"ts": "2026-06-27T09:12:46.922552", "event": "checkpoint:heartbeat", "session_sec": 600.3, "sec_since_checkpoint": 0.0, "store_size": 3509, "vnn_nodes": 6670, "vnn_archways": 28414, "detail": null}
{"ts": "2026-06-27T09:22:47.671332", "event": "checkpoint:heartbeat", "session_sec": 1201.0, "sec_since_checkpoint": 0.0, "store_size": 4097, "vnn_nodes": 8114, "vnn_archways": 36326, "detail": null}
{"ts": "2026-06-27T09:32:47.780137", "event": "checkpoint:heartbeat", "session_sec": 1801.1, "sec_since_checkpoint": 0.0, "store_size": 4267, "vnn_nodes": 9233, "vnn_archways": 41004, "detail": null}
{"ts": "2026-06-27T09:34:58.780545", "event": "preserve:finally", "session_sec": 1932.1, "sec_since_checkpoint": 131.0, "store_size": 4282, "vnn_nodes": 9360, "vnn_archways": 41722, "detail": null}
{"ts": "2026-06-27T16:29:25.111590", "event": "session_start", "session_sec": 0.0, "sec_since_checkpoint": 0.0, "store_size": 4282, "vnn_nodes": 9360, "vnn_archways": 41722, "detail": null}
{"ts": "2026-06-27T16:39:25.438378", "event": "checkpoint:heartbeat", "session_sec": 600.3, "sec_since_checkpoint": 0.0, "store_size": 4470, "vnn_nodes": 9371, "vnn_archways": 41722, "detail": null}
{"ts": "2026-06-27T16:49:25.672546", "event": "checkpoint:heartbeat", "session_sec": 1200.6, "sec_since_checkpoint": 0.0, "store_size": 4661, "vnn_nodes": 9373, "vnn_archways": 41734, "detail": null}
{"ts": "2026-06-27T16:59:26.037555", "event": "checkpoint:heartbeat", "session_sec": 1800.9, "sec_since_checkpoint": 0.0, "store_size": 4748, "vnn_nodes": 9374, "vnn_archways": 41734, "detail": null}
{"ts": "2026-06-27T17:09:26.163773", "event": "checkpoint:heartbeat", "session_sec": 2401.1, "sec_since_checkpoint": 0.0, "store_size": 4836, "vnn_nodes": 9375, "vnn_archways": 41734, "detail": null}
{"ts": "2026-06-27T17:19:26.430161", "event": "checkpoint:heartbeat", "session_sec": 3001.3, "sec_since_checkpoint": 0.0, "store_size": 4990, "vnn_nodes": 9901, "vnn_archways": 45082, "detail": null}
{"ts": "2026-06-27T17:29:26.939289", "event": "checkpoint:heartbeat", "session_sec": 3601.8, "sec_since_checkpoint": 0.0, "store_size": 5241, "vnn_nodes": 12014, "vnn_archways": 55526, "detail": null}
{"ts": "2026-06-27T17:39:28.030872", "event": "checkpoint:heartbeat", "session_sec": 4202.9, "sec_since_checkpoint": 0.0, "store_size": 5385, "vnn_nodes": 13745, "vnn_archways": 63132, "detail": null}
{"ts": "2026-06-27T17:42:08.944968", "event": "preserve:finally", "session_sec": 4363.8, "sec_since_checkpoint": 160.9, "store_size": 5391, "vnn_nodes": 13798, "vnn_archways": 63132, "detail": null}
{"ts": "2026-06-27T19:29:57.497988", "event": "session_start", "session_sec": 0.0, "sec_since_checkpoint": 0.0, "store_size": 0, "vnn_nodes": 0, "vnn_archways": 0, "detail": null}
{"ts": "2026-06-27T19:39:57.520582", "event": "checkpoint:heartbeat", "session_sec": 600.0, "sec_since_checkpoint": 0.0, "store_size": 4026, "vnn_nodes": 31, "vnn_archways": 0, "detail": null}
{"ts": "2026-06-27T19:49:57.676159", "event": "checkpoint:heartbeat", "session_sec": 1200.2, "sec_since_checkpoint": 0.0, "store_size": 4375, "vnn_nodes": 34, "vnn_archways": 0, "detail": null}
{"ts": "2026-06-27T19:59:57.837820", "event": "checkpoint:heartbeat", "session_sec": 1800.3, "sec_since_checkpoint": 0.0, "store_size": 4713, "vnn_nodes": 754, "vnn_archways": 2586, "detail": null}
{"ts": "2026-06-27T20:09:58.122546", "event": "checkpoint:heartbeat", "session_sec": 2400.6, "sec_since_checkpoint": 0.0, "store_size": 5033, "vnn_nodes": 2787, "vnn_archways": 12442, "detail": null}
{"ts": "2026-06-27T20:15:31.326685", "event": "preserve:finally", "session_sec": 2733.8, "sec_since_checkpoint": 333.2, "store_size": 5078, "vnn_nodes": 4152, "vnn_archways": 18674, "detail": null}
{"ts": "2026-06-28T08:14:11.079166", "event": "session_start", "session_sec": 0.0, "sec_since_checkpoint": 0.0, "store_size": 0, "vnn_nodes": 0, "vnn_archways": 0, "detail": null}
{"ts": "2026-06-28T08:24:11.095604", "event": "checkpoint:heartbeat", "session_sec": 600.0, "sec_since_checkpoint": 0.0, "store_size": 390, "vnn_nodes": 34, "vnn_archways": 2, "detail": null}
{"ts": "2026-06-28T08:34:11.103824", "event": "checkpoint:heartbeat", "session_sec": 1200.0, "sec_since_checkpoint": 0.0, "store_size": 756, "vnn_nodes": 36, "vnn_archways": 2, "detail": null}
{"ts": "2026-06-28T08:44:11.241084", "event": "checkpoint:heartbeat", "session_sec": 1800.2, "sec_since_checkpoint": 0.0, "store_size": 1066, "vnn_nodes": 38, "vnn_archways": 2, "detail": null}
{"ts": "2026-06-28T08:54:11.438366", "event": "checkpoint:heartbeat", "session_sec": 2400.4, "sec_since_checkpoint": 0.0, "store_size": 1423, "vnn_nodes": 2818, "vnn_archways": 15474, "detail": null}
{"ts": "2026-06-28T09:04:11.993614", "event": "checkpoint:heartbeat", "session_sec": 3000.9, "sec_since_checkpoint": 0.0, "store_size": 1708, "vnn_nodes": 6745, "vnn_archways": 30476, "detail": null}
{"ts": "2026-06-28T09:14:12.281381", "event": "checkpoint:heartbeat", "session_sec": 3601.2, "sec_since_checkpoint": 0.0, "store_size": 1962, "vnn_nodes": 6995, "vnn_archways": 31366, "detail": null}
{"ts": "2026-06-28T09:24:12.658970", "event": "checkpoint:heartbeat", "session_sec": 4201.6, "sec_since_checkpoint": 0.0, "store_size": 2109, "vnn_nodes": 6997, "vnn_archways": 31370, "detail": null}
{"ts": "2026-06-28T09:34:13.139326", "event": "checkpoint:heartbeat", "session_sec": 4802.1, "sec_since_checkpoint": 0.0, "store_size": 2269, "vnn_nodes": 6997, "vnn_archways": 31370, "detail": null}
{"ts": "2026-06-28T09:44:13.242773", "event": "checkpoint:heartbeat", "session_sec": 5402.2, "sec_since_checkpoint": 0.0, "store_size": 2462, "vnn_nodes": 6998, "vnn_archways": 31374, "detail": null}
{"ts": "2026-06-28T09:54:13.666369", "event": "checkpoint:heartbeat", "session_sec": 6002.6, "sec_since_checkpoint": 0.0, "store_size": 2656, "vnn_nodes": 7002, "vnn_archways": 31402, "detail": null}
{"ts": "2026-06-28T10:04:13.982499", "event": "checkpoint:heartbeat", "session_sec": 6602.9, "sec_since_checkpoint": 0.0, "store_size": 2906, "vnn_nodes": 7004, "vnn_archways": 31404, "detail": null}
{"ts": "2026-06-28T10:14:14.837785", "event": "checkpoint:heartbeat", "session_sec": 7203.8, "sec_since_checkpoint": 0.0, "store_size": 3107, "vnn_nodes": 7005, "vnn_archways": 31408, "detail": null}
{"ts": "2026-06-28T10:24:15.527524", "event": "checkpoint:heartbeat", "session_sec": 7804.4, "sec_since_checkpoint": 0.0, "store_size": 3361, "vnn_nodes": 7006, "vnn_archways": 31410, "detail": null}
{"ts": "2026-06-28T10:34:16.159209", "event": "checkpoint:heartbeat", "session_sec": 8405.1, "sec_since_checkpoint": 0.0, "store_size": 3564, "vnn_nodes": 7011, "vnn_archways": 31438, "detail": null}
{"ts": "2026-06-28T10:43:22.402789", "event": "preserve:finally", "session_sec": 8951.3, "sec_since_checkpoint": 546.2, "store_size": 3770, "vnn_nodes": 7011, "vnn_archways": 31438, "detail": null}
{"ts": "2026-06-28T14:17:25.944402", "event": "session_start", "session_sec": 0.0, "sec_since_checkpoint": 0.0, "store_size": 3770, "vnn_nodes": 7011, "vnn_archways": 31438, "detail": null}
{"ts": "2026-06-28T14:27:26.734835", "event": "checkpoint:heartbeat", "session_sec": 600.8, "sec_since_checkpoint": 0.0, "store_size": 3857, "vnn_nodes": 7021, "vnn_archways": 31454, "detail": null}
{"ts": "2026-06-28T14:37:27.052711", "event": "checkpoint:heartbeat", "session_sec": 1201.1, "sec_since_checkpoint": 0.0, "store_size": 3976, "vnn_nodes": 7022, "vnn_archways": 31456, "detail": null}
{"ts": "2026-06-28T14:47:27.472918", "event": "checkpoint:heartbeat", "session_sec": 1801.5, "sec_since_checkpoint": 0.0, "store_size": 4089, "vnn_nodes": 7023, "vnn_archways": 31456, "detail": null}
{"ts": "2026-06-28T14:57:27.734916", "event": "checkpoint:heartbeat", "session_sec": 2401.8, "sec_since_checkpoint": 0.0, "store_size": 4190, "vnn_nodes": 7024, "vnn_archways": 31456, "detail": null}
{"ts": "2026-06-28T15:07:27.899377", "event": "checkpoint:heartbeat", "session_sec": 3002.0, "sec_since_checkpoint": 0.0, "store_size": 4271, "vnn_nodes": 7567, "vnn_archways": 34372, "detail": null}
{"ts": "2026-06-28T15:17:28.106175", "event": "checkpoint:heartbeat", "session_sec": 3602.2, "sec_since_checkpoint": 0.0, "store_size": 4457, "vnn_nodes": 9593, "vnn_archways": 43620, "detail": null}
{"ts": "2026-06-28T15:19:27.856969", "event": "preserve:finally", "session_sec": 3721.9, "sec_since_checkpoint": 119.8, "store_size": 4471, "vnn_nodes": 9637, "vnn_archways": 43662, "detail": null}
{"ts": "2026-06-28T15:52:01.446683", "event": "session_start", "session_sec": 0.0, "sec_since_checkpoint": 0.0, "store_size": 0, "vnn_nodes": 0, "vnn_archways": 0, "detail": null}
{"ts": "2026-06-28T15:54:09.105240", "event": "preserve:finally", "session_sec": 127.7, "sec_since_checkpoint": 127.7, "store_size": 4, "vnn_nodes": 24, "vnn_archways": 0, "detail": null}
{"ts": "2026-06-28T15:54:38.507910", "event": "session_start", "session_sec": 0.0, "sec_since_checkpoint": 0.0, "store_size": 4, "vnn_nodes": 24, "vnn_archways": 0, "detail": null}
{"ts": "2026-06-28T16:04:38.521838", "event": "checkpoint:heartbeat", "session_sec": 600.0, "sec_since_checkpoint": 0.0, "store_size": 1832, "vnn_nodes": 47, "vnn_archways": 74, "detail": null}
{"ts": "2026-06-28T16:14:38.645615", "event": "checkpoint:heartbeat", "session_sec": 1200.1, "sec_since_checkpoint": 0.0, "store_size": 2075, "vnn_nodes": 50, "vnn_archways": 74, "detail": null}
{"ts": "2026-06-28T16:24:38.704139", "event": "checkpoint:heartbeat", "session_sec": 1800.2, "sec_since_checkpoint": 0.0, "store_size": 2092, "vnn_nodes": 51, "vnn_archways": 74, "detail": null}
{"ts": "2026-06-28T16:34:38.802984", "event": "checkpoint:heartbeat", "session_sec": 2400.3, "sec_since_checkpoint": 0.0, "store_size": 2092, "vnn_nodes": 53, "vnn_archways": 104, "detail": null}
{"ts": "2026-06-28T16:44:38.931373", "event": "checkpoint:heartbeat", "session_sec": 3000.4, "sec_since_checkpoint": 0.0, "store_size": 2292, "vnn_nodes": 1808, "vnn_archways": 7468, "detail": null}
{"ts": "2026-06-28T16:45:20.397299", "event": "preserve:finally", "session_sec": 3041.9, "sec_since_checkpoint": 41.5, "store_size": 2292, "vnn_nodes": 1834, "vnn_archways": 7506, "detail": null}
{"ts": "2026-06-29T16:57:38.396532", "event": "session_start", "session_sec": 0.0, "sec_since_checkpoint": 0.0, "store_size": 0, "vnn_nodes": 0, "vnn_archways": 0, "detail": null}
{"ts": "2026-06-29T17:02:42.401959", "event": "preserve:finally", "session_sec": 304.0, "sec_since_checkpoint": 304.0, "store_size": 184, "vnn_nodes": 1821, "vnn_archways": 10660, "detail": null}
{"ts": "2026-06-29T17:14:20.650611", "event": "session_start", "session_sec": 0.0, "sec_since_checkpoint": 0.0, "store_size": 184, "vnn_nodes": 1821, "vnn_archways": 10660, "detail": null}
{"ts": "2026-06-29T17:17:14.137130", "event": "preserve:finally", "session_sec": 173.5, "sec_since_checkpoint": 173.5, "store_size": 335, "vnn_nodes": 3173, "vnn_archways": 18506, "detail": null}
{"ts": "2026-06-29T17:45:32.443537", "event": "session_start", "session_sec": 0.0, "sec_since_checkpoint": 0.0, "store_size": 335, "vnn_nodes": 3173, "vnn_archways": 18506, "detail": null}
{"ts": "2026-06-29T17:55:32.669863", "event": "checkpoint:heartbeat", "session_sec": 600.2, "sec_since_checkpoint": 0.0, "store_size": 737, "vnn_nodes": 4703, "vnn_archways": 25772, "detail": null}
{"ts": "2026-06-29T17:59:44.355532", "event": "preserve:finally", "session_sec": 851.9, "sec_since_checkpoint": 251.7, "store_size": 831, "vnn_nodes": 4997, "vnn_archways": 27250, "detail": null}
{"ts": "2026-06-29T18:00:42.100706", "event": "session_start", "session_sec": 0.0, "sec_since_checkpoint": 0.0, "store_size": 0, "vnn_nodes": 0, "vnn_archways": 0, "detail": null}
{"ts": "2026-06-29T18:03:19.721389", "event": "preserve:finally", "session_sec": 157.6, "sec_since_checkpoint": 157.6, "store_size": 134, "vnn_nodes": 355, "vnn_archways": 1562, "detail": null}
{"ts": "2026-06-29T18:03:48.782367", "event": "session_start", "session_sec": 0.0, "sec_since_checkpoint": 0.0, "store_size": 134, "vnn_nodes": 355, "vnn_archways": 1562, "detail": null}
{"ts": "2026-06-29T18:10:52.078106", "event": "error:run_loop", "session_sec": 423.3, "sec_since_checkpoint": 423.3, "store_size": 630, "vnn_nodes": 1015, "vnn_archways": 5548, "detail": "Traceback (most recent call last):\n  File \"/home/Ryan/fox/fox_block_main.py\", line 717, in run\n    self.environment.update(0.016)  # 60 FPS\n    ^^^^^^^^^^^^^^^^^^^^^^^^^^^^^^\n  File \"/home/Ryan/fox/patches/crystal_collision_patch.py\", line 668, in patched_update\n    result = original_update(*args, **kwargs)\n             ^^^^^^^^^^^^^^^^^^^^^^^^^^^^^^^^\n  File \"/home/Ryan/fox/world/crystal_stream_integration.py\", line 160, in patched_update\n    result = original_update(*args, **kwargs)\n             ^^^^^^^^^^^^^^^^^^^^^^^^^^^^^^^^\n  File \"/home/Ryan/fox/world/block_environment.py\", line 2897, in update\n    self._update_block_decay(dt * self.decay_skip_rate)\n  File \"/home/Ryan/fox/patches/block_decay_optimization_patch.py\", line 269, in optimized_update_block_decay\n    del self.placed_blocks_data[i]\n        ~~~~~~~~~~~~~~~~~~~~~~~^^^\nIndexError: list assignment index out of range\n"}
{"ts": "2026-06-29T18:11:04.710127", "event": "preserve:error:run_loop", "session_sec": 435.9, "sec_since_checkpoint": 435.9, "store_size": 630, "vnn_nodes": 1015, "vnn_archways": 5548, "detail": "IndexError('list assignment index out of range')"}
{"ts": "2026-06-29T18:14:02.628811", "event": "session_start", "session_sec": 0.0, "sec_since_checkpoint": 0.0, "store_size": 0, "vnn_nodes": 0, "vnn_archways": 0, "detail": null}
{"ts": "2026-06-29T18:15:11.483910", "event": "preserve:finally", "session_sec": 68.9, "sec_since_checkpoint": 68.9, "store_size": 106, "vnn_nodes": 182, "vnn_archways": 36, "detail": null}
{"ts": "2026-06-29T18:15:28.485275", "event": "session_start", "session_sec": 0.0, "sec_since_checkpoint": 0.0, "store_size": 106, "vnn_nodes": 182, "vnn_archways": 36, "detail": null}
{"ts": "2026-06-29T18:25:28.701142", "event": "checkpoint:heartbeat", "session_sec": 600.2, "sec_since_checkpoint": 0.0, "store_size": 767, "vnn_nodes": 1757, "vnn_archways": 7370, "detail": null}
{"ts": "2026-06-29T18:35:28.757740", "event": "checkpoint:heartbeat", "session_sec": 1200.3, "sec_since_checkpoint": 0.0, "store_size": 1427, "vnn_nodes": 1905, "vnn_archways": 8160, "detail": null}
{"ts": "2026-06-29T18:36:54.261823", "event": "preserve:finally", "session_sec": 1285.8, "sec_since_checkpoint": 85.5, "store_size": 1463, "vnn_nodes": 1909, "vnn_archways": 8160, "detail": null}
{"ts": "2026-06-29T18:39:18.254129", "event": "session_start", "session_sec": 0.0, "sec_since_checkpoint": 0.0, "store_size": 1463, "vnn_nodes": 1909, "vnn_archways": 8160, "detail": null}
{"ts": "2026-06-29T18:49:18.472042", "event": "checkpoint:heartbeat", "session_sec": 600.2, "sec_since_checkpoint": 0.0, "store_size": 1631, "vnn_nodes": 2900, "vnn_archways": 13120, "detail": null}
{"ts": "2026-06-29T18:58:14.252979", "event": "preserve:finally", "session_sec": 1136.0, "sec_since_checkpoint": 535.8, "store_size": 1709, "vnn_nodes": 3730, "vnn_archways": 16698, "detail": null}
{"ts": "2026-06-30T15:53:06.697033", "event": "session_start", "session_sec": 0.0, "sec_since_checkpoint": 0.0, "store_size": 0, "vnn_nodes": 0, "vnn_archways": 0, "detail": null}
{"ts": "2026-06-30T16:03:06.801362", "event": "checkpoint:heartbeat", "session_sec": 600.1, "sec_since_checkpoint": 0.0, "store_size": 549, "vnn_nodes": 395, "vnn_archways": 718, "detail": null}
{"ts": "2026-06-30T16:13:06.939554", "event": "checkpoint:heartbeat", "session_sec": 1200.2, "sec_since_checkpoint": 0.0, "store_size": 707, "vnn_nodes": 397, "vnn_archways": 718, "detail": null}
{"ts": "2026-06-30T16:23:06.958950", "event": "checkpoint:heartbeat", "session_sec": 1800.3, "sec_since_checkpoint": 0.0, "store_size": 725, "vnn_nodes": 398, "vnn_archways": 718, "detail": null}
{"ts": "2026-06-30T16:33:07.018863", "event": "checkpoint:heartbeat", "session_sec": 2400.3, "sec_since_checkpoint": 0.0, "store_size": 734, "vnn_nodes": 400, "vnn_archways": 718, "detail": null}
{"ts": "2026-06-30T16:41:02.562084", "event": "preserve:finally", "session_sec": 2875.9, "sec_since_checkpoint": 475.5, "store_size": 809, "vnn_nodes": 401, "vnn_archways": 718, "detail": null}
{"ts": "2026-06-30T17:36:31.590189", "event": "session_start", "session_sec": 0.0, "sec_since_checkpoint": 0.0, "store_size": 809, "vnn_nodes": 401, "vnn_archways": 718, "detail": null}
{"ts": "2026-06-30T17:46:31.688392", "event": "checkpoint:heartbeat", "session_sec": 600.1, "sec_since_checkpoint": 0.0, "store_size": 1667, "vnn_nodes": 2445, "vnn_archways": 8434, "detail": null}
{"ts": "2026-06-30T17:49:26.818287", "event": "preserve:finally", "session_sec": 775.2, "sec_since_checkpoint": 175.1, "store_size": 1807, "vnn_nodes": 2455, "vnn_archways": 8440, "detail": null}
{"ts": "2026-06-30T17:50:13.267459", "event": "session_start", "session_sec": 0.0, "sec_since_checkpoint": 0.0, "store_size": 1807, "vnn_nodes": 2455, "vnn_archways": 8440, "detail": null}
{"ts": "2026-06-30T17:56:48.159565", "event": "preserve:finally", "session_sec": 394.9, "sec_since_checkpoint": 394.9, "store_size": 1910, "vnn_nodes": 3321, "vnn_archways": 12170, "detail": null}
{"ts": "2026-06-30T17:57:35.111204", "event": "session_start", "session_sec": 0.0, "sec_since_checkpoint": 0.0, "store_size": 1910, "vnn_nodes": 3321, "vnn_archways": 12170, "detail": null}
{"ts": "2026-06-30T18:03:02.762729", "event": "preserve:finally", "session_sec": 327.7, "sec_since_checkpoint": 327.7, "store_size": 2146, "vnn_nodes": 4677, "vnn_archways": 19532, "detail": null}
{"ts": "2026-06-30T18:04:27.144473", "event": "session_start", "session_sec": 0.0, "sec_since_checkpoint": 0.0, "store_size": 2146, "vnn_nodes": 4677, "vnn_archways": 19532, "detail": null}
{"ts": "2026-06-30T18:10:21.527965", "event": "preserve:finally", "session_sec": 354.4, "sec_since_checkpoint": 354.4, "store_size": 2200, "vnn_nodes": 4796, "vnn_archways": 19970, "detail": null}
{"ts": "2026-06-30T19:47:30.861970", "event": "session_start", "session_sec": 0.0, "sec_since_checkpoint": 0.0, "store_size": 0, "vnn_nodes": 0, "vnn_archways": 0, "detail": null}
{"ts": "2026-06-30T19:50:03.635041", "event": "preserve:finally", "session_sec": 152.8, "sec_since_checkpoint": 152.8, "store_size": 44, "vnn_nodes": 626, "vnn_archways": 3350, "detail": null}
{"ts": "2026-06-30T19:55:27.046663", "event": "session_start", "session_sec": 0.0, "sec_since_checkpoint": 0.0, "store_size": 44, "vnn_nodes": 626, "vnn_archways": 3350, "detail": null}
{"ts": "2026-06-30T20:02:06.172414", "event": "preserve:finally", "session_sec": 399.1, "sec_since_checkpoint": 399.1, "store_size": 196, "vnn_nodes": 1449, "vnn_archways": 7258, "detail": null}
{"ts": "2026-06-30T20:18:35.127382", "event": "session_start", "session_sec": 0.0, "sec_since_checkpoint": 0.0, "store_size": 196, "vnn_nodes": 1449, "vnn_archways": 7258, "detail": null}
{"ts": "2026-06-30T20:21:16.797672", "event": "preserve:finally", "session_sec": 161.7, "sec_since_checkpoint": 161.7, "store_size": 322, "vnn_nodes": 1863, "vnn_archways": 9490, "detail": null}
{"ts": "2026-06-30T20:22:43.610375", "event": "session_start", "session_sec": 0.0, "sec_since_checkpoint": 0.0, "store_size": 322, "vnn_nodes": 1863, "vnn_archways": 9490, "detail": null}
{"ts": "2026-06-30T20:27:53.086369", "event": "preserve:finally", "session_sec": 309.5, "sec_since_checkpoint": 309.5, "store_size": 388, "vnn_nodes": 2272, "vnn_archways": 12052, "detail": null}
{"ts": "2026-07-01T11:18:06.785979", "event": "session_start", "session_sec": 0.0, "sec_since_checkpoint": 0.0, "store_size": 0, "vnn_nodes": 0, "vnn_archways": 0, "detail": null}
{"ts": "2026-07-01T11:28:06.879343", "event": "checkpoint:heartbeat", "session_sec": 600.1, "sec_since_checkpoint": 0.0, "store_size": 340, "vnn_nodes": 470, "vnn_archways": 1190, "detail": null}
{"ts": "2026-07-01T11:38:06.926751", "event": "checkpoint:heartbeat", "session_sec": 1200.1, "sec_since_checkpoint": 0.0, "store_size": 469, "vnn_nodes": 471, "vnn_archways": 1190, "detail": null}
{"ts": "2026-07-01T11:48:06.968399", "event": "checkpoint:heartbeat", "session_sec": 1800.2, "sec_since_checkpoint": 0.0, "store_size": 623, "vnn_nodes": 472, "vnn_archways": 1190, "detail": null}
{"ts": "2026-07-01T11:58:07.009551", "event": "checkpoint:heartbeat", "session_sec": 2400.2, "sec_since_checkpoint": 0.0, "store_size": 881, "vnn_nodes": 474, "vnn_archways": 1190, "detail": null}
{"ts": "2026-07-01T12:07:05.650228", "event": "preserve:finally", "session_sec": 2938.9, "sec_since_checkpoint": 538.6, "store_size": 1128, "vnn_nodes": 475, "vnn_archways": 1190, "detail": null}
{"ts": "2026-07-01T12:13:51.280851", "event": "session_start", "session_sec": 0.0, "sec_since_checkpoint": 0.0, "store_size": 1128, "vnn_nodes": 475, "vnn_archways": 1190, "detail": null}
{"ts": "2026-07-01T12:18:27.860098", "event": "preserve:finally", "session_sec": 276.6, "sec_since_checkpoint": 276.6, "store_size": 1399, "vnn_nodes": 1043, "vnn_archways": 3892, "detail": null}
{"ts": "2026-07-01T12:18:34.716981", "event": "session_start", "session_sec": 0.0, "sec_since_checkpoint": 0.0, "store_size": 1399, "vnn_nodes": 1043, "vnn_archways": 3892, "detail": null}
{"ts": "2026-07-01T12:28:34.742826", "event": "checkpoint:heartbeat", "session_sec": 600.0, "sec_since_checkpoint": 0.0, "store_size": 1910, "vnn_nodes": 1802, "vnn_archways": 6158, "detail": null}
{"ts": "2026-07-01T12:38:35.104485", "event": "checkpoint:heartbeat", "session_sec": 1200.4, "sec_since_checkpoint": 0.0, "store_size": 2202, "vnn_nodes": 2735, "vnn_archways": 11258, "detail": null}
{"ts": "2026-07-01T12:39:32.024154", "event": "preserve:finally", "session_sec": 1257.3, "sec_since_checkpoint": 56.9, "store_size": 2206, "vnn_nodes": 2735, "vnn_archways": 11258, "detail": null}
{"ts": "2026-07-01T13:18:28.378275", "event": "session_start", "session_sec": 0.0, "sec_since_checkpoint": 0.0, "store_size": 2206, "vnn_nodes": 2735, "vnn_archways": 11258, "detail": null}
{"ts": "2026-07-01T13:19:48.819429", "event": "preserve:finally", "session_sec": 80.4, "sec_since_checkpoint": 80.4, "store_size": 2275, "vnn_nodes": 2737, "vnn_archways": 11258, "detail": null}
{"ts": "2026-07-01T13:48:00.619132", "event": "session_start", "session_sec": 0.0, "sec_since_checkpoint": 0.0, "store_size": 2275, "vnn_nodes": 2737, "vnn_archways": 11258, "detail": null}
{"ts": "2026-07-01T13:58:01.660626", "event": "checkpoint:heartbeat", "session_sec": 601.0, "sec_since_checkpoint": 0.0, "store_size": 2651, "vnn_nodes": 4018, "vnn_archways": 18918, "detail": null}
{"ts": "2026-07-01T14:08:01.836641", "event": "checkpoint:heartbeat", "session_sec": 1201.2, "sec_since_checkpoint": 0.0, "store_size": 2617, "vnn_nodes": 4595, "vnn_archways": 19612, "detail": null}
{"ts": "2026-07-01T14:18:02.053747", "event": "checkpoint:heartbeat", "session_sec": 1801.4, "sec_since_checkpoint": 0.0, "store_size": 2619, "vnn_nodes": 5219, "vnn_archways": 23066, "detail": null}
{"ts": "2026-07-01T14:28:02.204086", "event": "checkpoint:heartbeat", "session_sec": 2401.6, "sec_since_checkpoint": 0.0, "store_size": 2732, "vnn_nodes": 5322, "vnn_archways": 23066, "detail": null}
{"ts": "2026-07-01T14:38:02.410635", "event": "checkpoint:heartbeat", "session_sec": 3001.8, "sec_since_checkpoint": 0.0, "store_size": 2892, "vnn_nodes": 5526, "vnn_archways": 23854, "detail": null}
{"ts": "2026-07-01T14:48:02.486803", "event": "checkpoint:heartbeat", "session_sec": 3601.9, "sec_since_checkpoint": 0.0, "store_size": 3044, "vnn_nodes": 5528, "vnn_archways": 23854, "detail": null}
{"ts": "2026-07-01T14:58:02.786408", "event": "checkpoint:heartbeat", "session_sec": 4202.2, "sec_since_checkpoint": 0.0, "store_size": 3168, "vnn_nodes": 5555, "vnn_archways": 23938, "detail": null}
{"ts": "2026-07-01T15:08:03.223046", "event": "checkpoint:heartbeat", "session_sec": 4802.6, "sec_since_checkpoint": 0.0, "store_size": 3303, "vnn_nodes": 5556, "vnn_archways": 23938, "detail": null}
{"ts": "2026-07-01T15:18:03.456316", "event": "checkpoint:heartbeat", "session_sec": 5402.8, "sec_since_checkpoint": 0.0, "store_size": 3424, "vnn_nodes": 5556, "vnn_archways": 23938, "detail": null}
{"ts": "2026-07-01T15:28:03.566841", "event": "checkpoint:heartbeat", "session_sec": 6002.9, "sec_since_checkpoint": 0.0, "store_size": 3547, "vnn_nodes": 5556, "vnn_archways": 23938, "detail": null}
{"ts": "2026-07-01T15:38:04.120145", "event": "checkpoint:heartbeat", "session_sec": 6603.5, "sec_since_checkpoint": 0.0, "store_size": 3659, "vnn_nodes": 5556, "vnn_archways": 23938, "detail": null}
{"ts": "2026-07-01T15:48:04.428564", "event": "checkpoint:heartbeat", "session_sec": 7203.8, "sec_since_checkpoint": 0.0, "store_size": 3774, "vnn_nodes": 5556, "vnn_archways": 23938, "detail": null}
{"ts": "2026-07-01T15:58:04.743870", "event": "checkpoint:heartbeat", "session_sec": 7804.1, "sec_since_checkpoint": 0.0, "store_size": 3876, "vnn_nodes": 5556, "vnn_archways": 23938, "detail": null}
{"ts": "2026-07-01T16:08:04.968859", "event": "checkpoint:heartbeat", "session_sec": 8404.3, "sec_since_checkpoint": 0.0, "store_size": 3980, "vnn_nodes": 5556, "vnn_archways": 23938, "detail": null}
{"ts": "2026-07-01T16:18:05.177201", "event": "checkpoint:heartbeat", "session_sec": 9004.6, "sec_since_checkpoint": 0.0, "store_size": 4086, "vnn_nodes": 5557, "vnn_archways": 23938, "detail": null}
{"ts": "2026-07-01T16:28:05.529491", "event": "checkpoint:heartbeat", "session_sec": 9604.9, "sec_since_checkpoint": 0.0, "store_size": 4181, "vnn_nodes": 5558, "vnn_archways": 23940, "detail": null}
{"ts": "2026-07-01T16:38:05.773210", "event": "checkpoint:heartbeat", "session_sec": 10205.2, "sec_since_checkpoint": 0.0, "store_size": 4294, "vnn_nodes": 5559, "vnn_archways": 23940, "detail": null}
{"ts": "2026-07-01T16:48:05.949165", "event": "checkpoint:heartbeat", "session_sec": 10805.3, "sec_since_checkpoint": 0.0, "store_size": 4387, "vnn_nodes": 5560, "vnn_archways": 23940, "detail": null}
{"ts": "2026-07-01T16:58:06.128515", "event": "checkpoint:heartbeat", "session_sec": 11405.5, "sec_since_checkpoint": 0.0, "store_size": 4492, "vnn_nodes": 5561, "vnn_archways": 23940, "detail": null}
{"ts": "2026-07-01T17:08:06.421978", "event": "checkpoint:heartbeat", "session_sec": 12005.8, "sec_since_checkpoint": 0.0, "store_size": 4600, "vnn_nodes": 6454, "vnn_archways": 26844, "detail": null}
{"ts": "2026-07-01T17:18:06.726991", "event": "checkpoint:heartbeat", "session_sec": 12606.1, "sec_since_checkpoint": 0.0, "store_size": 4554, "vnn_nodes": 6510, "vnn_archways": 26996, "detail": null}
{"ts": "2026-07-01T17:28:07.262714", "event": "checkpoint:heartbeat", "session_sec": 13206.6, "sec_since_checkpoint": 0.0, "store_size": 4564, "vnn_nodes": 6943, "vnn_archways": 29628, "detail": null}
{"ts": "2026-07-01T17:38:07.585847", "event": "checkpoint:heartbeat", "session_sec": 13807.0, "sec_since_checkpoint": 0.0, "store_size": 4572, "vnn_nodes": 7589, "vnn_archways": 33120, "detail": null}
{"ts": "2026-07-01T17:48:07.933094", "event": "checkpoint:heartbeat", "session_sec": 14407.3, "sec_since_checkpoint": 0.0, "store_size": 4577, "vnn_nodes": 7939, "vnn_archways": 34276, "detail": null}
{"ts": "2026-07-01T17:58:11.260798", "event": "checkpoint:heartbeat", "session_sec": 15010.6, "sec_since_checkpoint": 0.0, "store_size": 4580, "vnn_nodes": 8048, "vnn_archways": 34806, "detail": null}
{"ts": "2026-07-01T18:01:57.483501", "event": "preserve:finally", "session_sec": 15236.9, "sec_since_checkpoint": 226.2, "store_size": 4588, "vnn_nodes": 8051, "vnn_archways": 34812, "detail": null}
{"ts": "2026-07-01T18:05:14.143503", "event": "session_start", "session_sec": 0.0, "sec_since_checkpoint": 0.0, "store_size": 4588, "vnn_nodes": 8051, "vnn_archways": 34812, "detail": null}
{"ts": "2026-07-01T18:09:44.401469", "event": "preserve:finally", "session_sec": 270.3, "sec_since_checkpoint": 270.3, "store_size": 4689, "vnn_nodes": 9483, "vnn_archways": 43894, "detail": null}
{"ts": "2026-07-01T19:22:07.299396", "event": "session_start", "session_sec": 0.0, "sec_since_checkpoint": 0.0, "store_size": 0, "vnn_nodes": 0, "vnn_archways": 0, "detail": null}
{"ts": "2026-07-01T19:32:07.480521", "event": "checkpoint:heartbeat", "session_sec": 600.2, "sec_since_checkpoint": 0.0, "store_size": 26, "vnn_nodes": 414, "vnn_archways": 1406, "detail": null}
{"ts": "2026-07-01T19:36:04.695906", "event": "preserve:finally", "session_sec": 837.4, "sec_since_checkpoint": 237.2, "store_size": 66, "vnn_nodes": 864, "vnn_archways": 4098, "detail": null}
{"ts": "2026-07-01T19:37:51.610849", "event": "session_start", "session_sec": 0.0, "sec_since_checkpoint": 0.0, "store_size": 0, "vnn_nodes": 0, "vnn_archways": 0, "detail": null}
{"ts": "2026-07-01T19:47:51.701086", "event": "checkpoint:heartbeat", "session_sec": 600.1, "sec_since_checkpoint": 0.0, "store_size": 460, "vnn_nodes": 1317, "vnn_archways": 3750, "detail": null}
{"ts": "2026-07-01T19:57:51.854379", "event": "checkpoint:heartbeat", "session_sec": 1200.2, "sec_since_checkpoint": 0.0, "store_size": 531, "vnn_nodes": 1317, "vnn_archways": 3750, "detail": null}
{"ts": "2026-07-01T20:07:51.946493", "event": "checkpoint:heartbeat", "session_sec": 1800.3, "sec_since_checkpoint": 0.0, "store_size": 686, "vnn_nodes": 1441, "vnn_archways": 4144, "detail": null}
{"ts": "2026-07-01T20:17:52.214245", "event": "checkpoint:heartbeat", "session_sec": 2400.6, "sec_since_checkpoint": 0.0, "store_size": 1043, "vnn_nodes": 2724, "vnn_archways": 11104, "detail": null}
{"ts": "2026-07-01T20:21:13.234641", "event": "preserve:finally", "session_sec": 2601.6, "sec_since_checkpoint": 201.0, "store_size": 1106, "vnn_nodes": 3048, "vnn_archways": 12794, "detail": null}
{"ts": "2026-07-02T07:59:46.789311", "event": "session_start", "session_sec": 0.0, "sec_since_checkpoint": 0.0, "store_size": 1106, "vnn_nodes": 3048, "vnn_archways": 12794, "detail": null}
{"ts": "2026-07-02T08:09:46.986838", "event": "checkpoint:heartbeat", "session_sec": 600.2, "sec_since_checkpoint": 0.0, "store_size": 1464, "vnn_nodes": 3382, "vnn_archways": 14726, "detail": null}
{"ts": "2026-07-02T08:19:47.078144", "event": "checkpoint:heartbeat", "session_sec": 1200.3, "sec_since_checkpoint": 0.0, "store_size": 1712, "vnn_nodes": 3383, "vnn_archways": 14726, "detail": null}
{"ts": "2026-07-02T08:29:47.502099", "event": "checkpoint:heartbeat", "session_sec": 1800.7, "sec_since_checkpoint": 0.0, "store_size": 2025, "vnn_nodes": 3385, "vnn_archways": 14726, "detail": null}
{"ts": "2026-07-02T08:39:47.616897", "event": "checkpoint:heartbeat", "session_sec": 2400.8, "sec_since_checkpoint": 0.0, "store_size": 2284, "vnn_nodes": 3386, "vnn_archways": 14726, "detail": null}
{"ts": "2026-07-02T08:49:47.713605", "event": "checkpoint:heartbeat", "session_sec": 3000.9, "sec_since_checkpoint": 0.0, "store_size": 2570, "vnn_nodes": 3387, "vnn_archways": 14726, "detail": null}
{"ts": "2026-07-02T08:59:47.763650", "event": "checkpoint:heartbeat", "session_sec": 3601.0, "sec_since_checkpoint": 0.0, "store_size": 2840, "vnn_nodes": 3387, "vnn_archways": 14726, "detail": null}
{"ts": "2026-07-02T09:09:47.970646", "event": "checkpoint:heartbeat", "session_sec": 4201.2, "sec_since_checkpoint": 0.0, "store_size": 3096, "vnn_nodes": 3388, "vnn_archways": 14726, "detail": null}
{"ts": "2026-07-02T09:19:48.198446", "event": "checkpoint:heartbeat", "session_sec": 4801.4, "sec_since_checkpoint": 0.0, "store_size": 3382, "vnn_nodes": 3390, "vnn_archways": 14726, "detail": null}
{"ts": "2026-07-02T09:29:48.310935", "event": "checkpoint:heartbeat", "session_sec": 5401.5, "sec_since_checkpoint": 0.0, "store_size": 3699, "vnn_nodes": 4980, "vnn_archways": 24780, "detail": null}
{"ts": "2026-07-02T09:39:13.562812", "event": "preserve:finally", "session_sec": 5966.8, "sec_since_checkpoint": 565.3, "store_size": 3873, "vnn_nodes": 5440, "vnn_archways": 24780, "detail": null}
{"ts": "2026-07-02T13:20:03.844610", "event": "session_start", "session_sec": 0.0, "sec_since_checkpoint": 0.0, "store_size": 0, "vnn_nodes": 0, "vnn_archways": 0, "detail": null}
{"ts": "2026-07-02T13:29:17.869281", "event": "preserve:finally", "session_sec": 554.0, "sec_since_checkpoint": 554.0, "store_size": 489, "vnn_nodes": 3364, "vnn_archways": 12302, "detail": null}
{"ts": "2026-07-03T19:40:46.962845", "event": "session_start", "session_sec": 0.0, "sec_since_checkpoint": 0.0, "store_size": 10008, "vnn_nodes": 232, "vnn_archways": 442, "detail": null}
{"ts": "2026-07-03T19:50:47.270921", "event": "checkpoint:heartbeat", "session_sec": 600.3, "sec_since_checkpoint": 0.0, "store_size": 10731, "vnn_nodes": 1378, "vnn_archways": 4084, "detail": null}
{"ts": "2026-07-03T20:00:47.306082", "event": "checkpoint:heartbeat", "session_sec": 1200.3, "sec_since_checkpoint": 0.0, "store_size": 10918, "vnn_nodes": 1459, "vnn_archways": 4600, "detail": null}
{"ts": "2026-07-03T20:10:47.488812", "event": "checkpoint:heartbeat", "session_sec": 1800.5, "sec_since_checkpoint": 0.0, "store_size": 11064, "vnn_nodes": 1511, "vnn_archways": 4600, "detail": null}
{"ts": "2026-07-03T20:20:47.660326", "event": "checkpoint:heartbeat", "session_sec": 2400.7, "sec_since_checkpoint": 0.0, "store_size": 11193, "vnn_nodes": 1511, "vnn_archways": 4600, "detail": null}
{"ts": "2026-07-03T20:30:47.849093", "event": "checkpoint:heartbeat", "session_sec": 3000.9, "sec_since_checkpoint": 0.0, "store_size": 11291, "vnn_nodes": 1511, "vnn_archways": 4600, "detail": null}
{"ts": "2026-07-03T20:40:47.894175", "event": "checkpoint:heartbeat", "session_sec": 3600.9, "sec_since_checkpoint": 0.0, "store_size": 11424, "vnn_nodes": 1511, "vnn_archways": 4600, "detail": null}
{"ts": "2026-07-03T20:50:47.948522", "event": "checkpoint:heartbeat", "session_sec": 4201.0, "sec_since_checkpoint": 0.0, "store_size": 11531, "vnn_nodes": 1511, "vnn_archways": 4600, "detail": null}
{"ts": "2026-07-03T21:00:48.155074", "event": "checkpoint:heartbeat", "session_sec": 4801.2, "sec_since_checkpoint": 0.0, "store_size": 11660, "vnn_nodes": 1511, "vnn_archways": 4600, "detail": null}
{"ts": "2026-07-03T21:10:48.258054", "event": "checkpoint:heartbeat", "session_sec": 5401.3, "sec_since_checkpoint": 0.0, "store_size": 11798, "vnn_nodes": 1511, "vnn_archways": 4600, "detail": null}
{"ts": "2026-07-03T21:20:48.594681", "event": "checkpoint:heartbeat", "session_sec": 6001.6, "sec_since_checkpoint": 0.0, "store_size": 11936, "vnn_nodes": 1511, "vnn_archways": 4600, "detail": null}
{"ts": "2026-07-03T21:30:48.756006", "event": "checkpoint:heartbeat", "session_sec": 6601.8, "sec_since_checkpoint": 0.0, "store_size": 12065, "vnn_nodes": 1511, "vnn_archways": 4600, "detail": null}
{"ts": "2026-07-03T21:40:48.864141", "event": "checkpoint:heartbeat", "session_sec": 7201.9, "sec_since_checkpoint": 0.0, "store_size": 12199, "vnn_nodes": 1511, "vnn_archways": 4600, "detail": null}
{"ts": "2026-07-03T21:50:49.077153", "event": "checkpoint:heartbeat", "session_sec": 7802.1, "sec_since_checkpoint": 0.0, "store_size": 12332, "vnn_nodes": 1511, "vnn_archways": 4600, "detail": null}
{"ts": "2026-07-03T22:00:49.216727", "event": "checkpoint:heartbeat", "session_sec": 8402.3, "sec_since_checkpoint": 0.0, "store_size": 12455, "vnn_nodes": 1511, "vnn_archways": 4600, "detail": null}
{"ts": "2026-07-03T22:10:49.442596", "event": "checkpoint:heartbeat", "session_sec": 9002.5, "sec_since_checkpoint": 0.0, "store_size": 12577, "vnn_nodes": 1511, "vnn_archways": 4600, "detail": null}
{"ts": "2026-07-03T22:20:49.588265", "event": "checkpoint:heartbeat", "session_sec": 9602.6, "sec_since_checkpoint": 0.0, "store_size": 12685, "vnn_nodes": 1511, "vnn_archways": 4600, "detail": null}
{"ts": "2026-07-03T22:30:49.787588", "event": "checkpoint:heartbeat", "session_sec": 10202.8, "sec_since_checkpoint": 0.0, "store_size": 12818, "vnn_nodes": 1511, "vnn_archways": 4600, "detail": null}
{"ts": "2026-07-03T22:40:49.904404", "event": "checkpoint:heartbeat", "session_sec": 10802.9, "sec_since_checkpoint": 0.0, "store_size": 12942, "vnn_nodes": 1514, "vnn_archways": 4624, "detail": null}
{"ts": "2026-07-03T22:50:50.082628", "event": "checkpoint:heartbeat", "session_sec": 11403.1, "sec_since_checkpoint": 0.0, "store_size": 13041, "vnn_nodes": 1514, "vnn_archways": 4624, "detail": null}
{"ts": "2026-07-03T23:00:50.140995", "event": "checkpoint:heartbeat", "session_sec": 12003.2, "sec_since_checkpoint": 0.0, "store_size": 13167, "vnn_nodes": 1514, "vnn_archways": 4624, "detail": null}
{"ts": "2026-07-03T23:10:50.273064", "event": "checkpoint:heartbeat", "session_sec": 12603.3, "sec_since_checkpoint": 0.0, "store_size": 13280, "vnn_nodes": 1514, "vnn_archways": 4624, "detail": null}
{"ts": "2026-07-03T23:20:50.616694", "event": "checkpoint:heartbeat", "session_sec": 13203.7, "sec_since_checkpoint": 0.0, "store_size": 13387, "vnn_nodes": 1514, "vnn_archways": 4624, "detail": null}
{"ts": "2026-07-03T23:30:50.930589", "event": "checkpoint:heartbeat", "session_sec": 13804.0, "sec_since_checkpoint": 0.0, "store_size": 13506, "vnn_nodes": 1514, "vnn_archways": 4624, "detail": null}
{"ts": "2026-07-03T23:40:51.206775", "event": "checkpoint:heartbeat", "session_sec": 14404.2, "sec_since_checkpoint": 0.0, "store_size": 13618, "vnn_nodes": 1514, "vnn_archways": 4624, "detail": null}
{"ts": "2026-07-03T23:50:51.314815", "event": "checkpoint:heartbeat", "session_sec": 15004.4, "sec_since_checkpoint": 0.0, "store_size": 13710, "vnn_nodes": 1514, "vnn_archways": 4624, "detail": null}
{"ts": "2026-07-04T00:00:51.382376", "event": "checkpoint:heartbeat", "session_sec": 15604.4, "sec_since_checkpoint": 0.0, "store_size": 13821, "vnn_nodes": 1514, "vnn_archways": 4624, "detail": null}
{"ts": "2026-07-04T00:10:51.564026", "event": "checkpoint:heartbeat", "session_sec": 16204.6, "sec_since_checkpoint": 0.0, "store_size": 13918, "vnn_nodes": 1514, "vnn_archways": 4624, "detail": null}
{"ts": "2026-07-04T00:20:51.707377", "event": "checkpoint:heartbeat", "session_sec": 16804.7, "sec_since_checkpoint": 0.0, "store_size": 14015, "vnn_nodes": 1514, "vnn_archways": 4624, "detail": null}
{"ts": "2026-07-04T00:30:51.895405", "event": "checkpoint:heartbeat", "session_sec": 17404.9, "sec_since_checkpoint": 0.0, "store_size": 14101, "vnn_nodes": 1514, "vnn_archways": 4624, "detail": null}
{"ts": "2026-07-04T00:40:51.998701", "event": "checkpoint:heartbeat", "session_sec": 18005.0, "sec_since_checkpoint": 0.0, "store_size": 14127, "vnn_nodes": 1514, "vnn_archways": 4624, "detail": null}
{"ts": "2026-07-04T00:50:52.185092", "event": "checkpoint:heartbeat", "session_sec": 18605.2, "sec_since_checkpoint": 0.0, "store_size": 14138, "vnn_nodes": 1515, "vnn_archways": 4624, "detail": null}
{"ts": "2026-07-04T01:00:52.297852", "event": "checkpoint:heartbeat", "session_sec": 19205.3, "sec_since_checkpoint": 0.0, "store_size": 14138, "vnn_nodes": 1515, "vnn_archways": 4624, "detail": null}
{"ts": "2026-07-04T01:10:53.807698", "event": "checkpoint:heartbeat", "session_sec": 19806.8, "sec_since_checkpoint": 0.0, "store_size": 14153, "vnn_nodes": 1515, "vnn_archways": 4624, "detail": null}
{"ts": "2026-07-04T01:20:54.098923", "event": "checkpoint:heartbeat", "session_sec": 20407.1, "sec_since_checkpoint": 0.0, "store_size": 14178, "vnn_nodes": 1516, "vnn_archways": 4624, "detail": null}
{"ts": "2026-07-04T01:30:54.293017", "event": "checkpoint:heartbeat", "session_sec": 21007.3, "sec_since_checkpoint": 0.0, "store_size": 14199, "vnn_nodes": 1516, "vnn_archways": 4624, "detail": null}
{"ts": "2026-07-04T01:40:54.538743", "event": "checkpoint:heartbeat", "session_sec": 21607.6, "sec_since_checkpoint": 0.0, "store_size": 14218, "vnn_nodes": 1516, "vnn_archways": 4624, "detail": null}
{"ts": "2026-07-04T01:50:54.631480", "event": "checkpoint:heartbeat", "session_sec": 22207.7, "sec_since_checkpoint": 0.0, "store_size": 14242, "vnn_nodes": 1516, "vnn_archways": 4624, "detail": null}
{"ts": "2026-07-04T02:00:54.839677", "event": "checkpoint:heartbeat", "session_sec": 22807.9, "sec_since_checkpoint": 0.0, "store_size": 14262, "vnn_nodes": 1516, "vnn_archways": 4624, "detail": null}
{"ts": "2026-07-04T02:10:55.150977", "event": "checkpoint:heartbeat", "session_sec": 23408.2, "sec_since_checkpoint": 0.0, "store_size": 14280, "vnn_nodes": 1516, "vnn_archways": 4624, "detail": null}
{"ts": "2026-07-04T02:20:55.363587", "event": "checkpoint:heartbeat", "session_sec": 24008.4, "sec_since_checkpoint": 0.0, "store_size": 14299, "vnn_nodes": 1516, "vnn_archways": 4624, "detail": null}
{"ts": "2026-07-04T02:30:55.520217", "event": "checkpoint:heartbeat", "session_sec": 24608.6, "sec_since_checkpoint": 0.0, "store_size": 14319, "vnn_nodes": 1516, "vnn_archways": 4624, "detail": null}
{"ts": "2026-07-04T02:40:55.716265", "event": "checkpoint:heartbeat", "session_sec": 25208.8, "sec_since_checkpoint": 0.0, "store_size": 14334, "vnn_nodes": 1516, "vnn_archways": 4624, "detail": null}
{"ts": "2026-07-04T02:50:55.839797", "event": "checkpoint:heartbeat", "session_sec": 25808.9, "sec_since_checkpoint": 0.0, "store_size": 14357, "vnn_nodes": 1516, "vnn_archways": 4624, "detail": null}
{"ts": "2026-07-04T03:00:56.051387", "event": "checkpoint:heartbeat", "session_sec": 26409.1, "sec_since_checkpoint": 0.0, "store_size": 14374, "vnn_nodes": 1516, "vnn_archways": 4624, "detail": null}
{"ts": "2026-07-04T03:10:56.237091", "event": "checkpoint:heartbeat", "session_sec": 27009.3, "sec_since_checkpoint": 0.0, "store_size": 14387, "vnn_nodes": 1516, "vnn_archways": 4624, "detail": null}
{"ts": "2026-07-04T03:20:56.435788", "event": "checkpoint:heartbeat", "session_sec": 27609.5, "sec_since_checkpoint": 0.0, "store_size": 14410, "vnn_nodes": 1516, "vnn_archways": 4624, "detail": null}
{"ts": "2026-07-04T03:30:56.676856", "event": "checkpoint:heartbeat", "session_sec": 28209.7, "sec_since_checkpoint": 0.0, "store_size": 14423, "vnn_nodes": 1516, "vnn_archways": 4624, "detail": null}
{"ts": "2026-07-04T03:40:56.960658", "event": "checkpoint:heartbeat", "session_sec": 28810.0, "sec_since_checkpoint": 0.0, "store_size": 14436, "vnn_nodes": 1516, "vnn_archways": 4624, "detail": null}
{"ts": "2026-07-04T03:50:57.174036", "event": "checkpoint:heartbeat", "session_sec": 29410.2, "sec_since_checkpoint": 0.0, "store_size": 14454, "vnn_nodes": 1516, "vnn_archways": 4624, "detail": null}
{"ts": "2026-07-04T04:00:57.344870", "event": "checkpoint:heartbeat", "session_sec": 30010.4, "sec_since_checkpoint": 0.0, "store_size": 14476, "vnn_nodes": 1516, "vnn_archways": 4624, "detail": null}
{"ts": "2026-07-04T04:10:57.499618", "event": "checkpoint:heartbeat", "session_sec": 30610.5, "sec_since_checkpoint": 0.0, "store_size": 14507, "vnn_nodes": 1516, "vnn_archways": 4624, "detail": null}
{"ts": "2026-07-04T04:20:57.687790", "event": "checkpoint:heartbeat", "session_sec": 31210.7, "sec_since_checkpoint": 0.0, "store_size": 14537, "vnn_nodes": 1516, "vnn_archways": 4624, "detail": null}
{"ts": "2026-07-04T04:30:57.896627", "event": "checkpoint:heartbeat", "session_sec": 31810.9, "sec_since_checkpoint": 0.0, "store_size": 14555, "vnn_nodes": 1516, "vnn_archways": 4624, "detail": null}
{"ts": "2026-07-04T04:40:58.095034", "event": "checkpoint:heartbeat", "session_sec": 32411.1, "sec_since_checkpoint": 0.0, "store_size": 14565, "vnn_nodes": 1516, "vnn_archways": 4624, "detail": null}
{"ts": "2026-07-04T04:50:58.294607", "event": "checkpoint:heartbeat", "session_sec": 33011.3, "sec_since_checkpoint": 0.0, "store_size": 14566, "vnn_nodes": 1516, "vnn_archways": 4624, "detail": null}
{"ts": "2026-07-04T05:00:58.450986", "event": "checkpoint:heartbeat", "session_sec": 33611.5, "sec_since_checkpoint": 0.0, "store_size": 14566, "vnn_nodes": 1516, "vnn_archways": 4624, "detail": null}
{"ts": "2026-07-04T05:10:58.716119", "event": "checkpoint:heartbeat", "session_sec": 34211.8, "sec_since_checkpoint": 0.0, "store_size": 14566, "vnn_nodes": 1516, "vnn_archways": 4624, "detail": null}
{"ts": "2026-07-04T05:20:59.043953", "event": "checkpoint:heartbeat", "session_sec": 34812.1, "sec_since_checkpoint": 0.0, "store_size": 14566, "vnn_nodes": 1516, "vnn_archways": 4624, "detail": null}
{"ts": "2026-07-04T05:30:59.345299", "event": "checkpoint:heartbeat", "session_sec": 35412.4, "sec_since_checkpoint": 0.0, "store_size": 14566, "vnn_nodes": 1516, "vnn_archways": 4624, "detail": null}
{"ts": "2026-07-04T05:40:59.489948", "event": "checkpoint:heartbeat", "session_sec": 36012.5, "sec_since_checkpoint": 0.0, "store_size": 14566, "vnn_nodes": 1516, "vnn_archways": 4624, "detail": null}
{"ts": "2026-07-04T05:50:59.630421", "event": "checkpoint:heartbeat", "session_sec": 36612.7, "sec_since_checkpoint": 0.0, "store_size": 14566, "vnn_nodes": 1516, "vnn_archways": 4624, "detail": null}
{"ts": "2026-07-04T06:00:59.822674", "event": "checkpoint:heartbeat", "session_sec": 37212.9, "sec_since_checkpoint": 0.0, "store_size": 14566, "vnn_nodes": 1516, "vnn_archways": 4624, "detail": null}
{"ts": "2026-07-04T06:11:00.034225", "event": "checkpoint:heartbeat", "session_sec": 37813.1, "sec_since_checkpoint": 0.0, "store_size": 14566, "vnn_nodes": 1516, "vnn_archways": 4624, "detail": null}
{"ts": "2026-07-04T06:21:00.470421", "event": "checkpoint:heartbeat", "session_sec": 38413.5, "sec_since_checkpoint": 0.0, "store_size": 14566, "vnn_nodes": 1516, "vnn_archways": 4624, "detail": null}
{"ts": "2026-07-04T06:31:00.668319", "event": "checkpoint:heartbeat", "session_sec": 39013.7, "sec_since_checkpoint": 0.0, "store_size": 14566, "vnn_nodes": 1516, "vnn_archways": 4624, "detail": null}
{"ts": "2026-07-04T06:41:00.797390", "event": "checkpoint:heartbeat", "session_sec": 39613.8, "sec_since_checkpoint": 0.0, "store_size": 14566, "vnn_nodes": 1516, "vnn_archways": 4624, "detail": null}
{"ts": "2026-07-04T06:51:01.107048", "event": "checkpoint:heartbeat", "session_sec": 40214.1, "sec_since_checkpoint": 0.0, "store_size": 14566, "vnn_nodes": 1516, "vnn_archways": 4624, "detail": null}
{"ts": "2026-07-04T07:01:01.233265", "event": "checkpoint:heartbeat", "session_sec": 40814.3, "sec_since_checkpoint": 0.0, "store_size": 14566, "vnn_nodes": 1516, "vnn_archways": 4624, "detail": null}
{"ts": "2026-07-04T07:11:01.376540", "event": "checkpoint:heartbeat", "session_sec": 41414.4, "sec_since_checkpoint": 0.0, "store_size": 14566, "vnn_nodes": 1516, "vnn_archways": 4624, "detail": null}
{"ts": "2026-07-04T07:21:01.610908", "event": "checkpoint:heartbeat", "session_sec": 42014.6, "sec_since_checkpoint": 0.0, "store_size": 14566, "vnn_nodes": 1516, "vnn_archways": 4624, "detail": null}
{"ts": "2026-07-04T07:31:02.998682", "event": "checkpoint:heartbeat", "session_sec": 42616.0, "sec_since_checkpoint": 0.0, "store_size": 14566, "vnn_nodes": 1516, "vnn_archways": 4624, "detail": null}
{"ts": "2026-07-04T07:41:03.193573", "event": "checkpoint:heartbeat", "session_sec": 43216.2, "sec_since_checkpoint": 0.0, "store_size": 14587, "vnn_nodes": 1516, "vnn_archways": 4624, "detail": null}
{"ts": "2026-07-04T07:51:03.676504", "event": "checkpoint:heartbeat", "session_sec": 43816.7, "sec_since_checkpoint": 0.0, "store_size": 14596, "vnn_nodes": 1538, "vnn_archways": 4692, "detail": null}
{"ts": "2026-07-04T08:01:06.622693", "event": "checkpoint:heartbeat", "session_sec": 44419.7, "sec_since_checkpoint": 0.0, "store_size": 14562, "vnn_nodes": 1627, "vnn_archways": 5426, "detail": null}
{"ts": "2026-07-04T08:11:06.794464", "event": "checkpoint:heartbeat", "session_sec": 45019.8, "sec_since_checkpoint": 0.0, "store_size": 14580, "vnn_nodes": 1899, "vnn_archways": 6714, "detail": null}
{"ts": "2026-07-04T08:21:06.984032", "event": "checkpoint:heartbeat", "session_sec": 45620.0, "sec_since_checkpoint": 0.0, "store_size": 14592, "vnn_nodes": 2245, "vnn_archways": 7904, "detail": null}
{"ts": "2026-07-04T08:31:07.204339", "event": "checkpoint:heartbeat", "session_sec": 46220.2, "sec_since_checkpoint": 0.0, "store_size": 14600, "vnn_nodes": 2411, "vnn_archways": 8528, "detail": null}
{"ts": "2026-07-04T08:41:07.650258", "event": "checkpoint:heartbeat", "session_sec": 46820.7, "sec_since_checkpoint": 0.0, "store_size": 14610, "vnn_nodes": 2607, "vnn_archways": 9540, "detail": null}
{"ts": "2026-07-04T08:51:07.951695", "event": "checkpoint:heartbeat", "session_sec": 47421.0, "sec_since_checkpoint": 0.0, "store_size": 14621, "vnn_nodes": 2774, "vnn_archways": 10106, "detail": null}
{"ts": "2026-07-04T09:01:08.178411", "event": "checkpoint:heartbeat", "session_sec": 48021.2, "sec_since_checkpoint": 0.0, "store_size": 14631, "vnn_nodes": 2989, "vnn_archways": 11296, "detail": null}
{"ts": "2026-07-04T09:11:08.484049", "event": "checkpoint:heartbeat", "session_sec": 48621.5, "sec_since_checkpoint": 0.0, "store_size": 14641, "vnn_nodes": 3092, "vnn_archways": 11798, "detail": null}
{"ts": "2026-07-04T09:21:08.768710", "event": "checkpoint:heartbeat", "session_sec": 49221.8, "sec_since_checkpoint": 0.0, "store_size": 14651, "vnn_nodes": 3222, "vnn_archways": 12282, "detail": null}
{"ts": "2026-07-04T09:31:08.973581", "event": "checkpoint:heartbeat", "session_sec": 49822.0, "sec_since_checkpoint": 0.0, "store_size": 14661, "vnn_nodes": 3324, "vnn_archways": 12700, "detail": null}
{"ts": "2026-07-04T09:41:09.401029", "event": "checkpoint:heartbeat", "session_sec": 50422.4, "sec_since_checkpoint": 0.0, "store_size": 14671, "vnn_nodes": 3492, "vnn_archways": 13554, "detail": null}
{"ts": "2026-07-04T09:51:09.763281", "event": "checkpoint:heartbeat", "session_sec": 51022.8, "sec_since_checkpoint": 0.0, "store_size": 14681, "vnn_nodes": 3591, "vnn_archways": 13990, "detail": null}
{"ts": "2026-07-04T10:01:11.075276", "event": "checkpoint:heartbeat", "session_sec": 51624.1, "sec_since_checkpoint": 0.0, "store_size": 14690, "vnn_nodes": 3706, "vnn_archways": 14548, "detail": null}
{"ts": "2026-07-04T10:11:11.195618", "event": "checkpoint:heartbeat", "session_sec": 52224.2, "sec_since_checkpoint": 0.0, "store_size": 14701, "vnn_nodes": 3810, "vnn_archways": 15040, "detail": null}
{"ts": "2026-07-04T10:21:11.440712", "event": "checkpoint:heartbeat", "session_sec": 52824.5, "sec_since_checkpoint": 0.0, "store_size": 14711, "vnn_nodes": 3945, "vnn_archways": 15806, "detail": null}
{"ts": "2026-07-04T10:31:11.580155", "event": "checkpoint:heartbeat", "session_sec": 53424.6, "sec_since_checkpoint": 0.0, "store_size": 14721, "vnn_nodes": 4015, "vnn_archways": 15974, "detail": null}
{"ts": "2026-07-04T10:41:12.122709", "event": "checkpoint:heartbeat", "session_sec": 54025.2, "sec_since_checkpoint": 0.0, "store_size": 14731, "vnn_nodes": 4088, "vnn_archways": 16338, "detail": null}
{"ts": "2026-07-04T10:51:12.355193", "event": "checkpoint:heartbeat", "session_sec": 54625.4, "sec_since_checkpoint": 0.0, "store_size": 14741, "vnn_nodes": 4178, "vnn_archways": 16832, "detail": null}
{"ts": "2026-07-04T11:01:12.671961", "event": "checkpoint:heartbeat", "session_sec": 55225.7, "sec_since_checkpoint": 0.0, "store_size": 14751, "vnn_nodes": 4267, "vnn_archways": 17092, "detail": null}
{"ts": "2026-07-04T11:11:12.890862", "event": "checkpoint:heartbeat", "session_sec": 55825.9, "sec_since_checkpoint": 0.0, "store_size": 14761, "vnn_nodes": 4356, "vnn_archways": 17564, "detail": null}
{"ts": "2026-07-04T11:21:13.543744", "event": "checkpoint:heartbeat", "session_sec": 56426.6, "sec_since_checkpoint": 0.0, "store_size": 14767, "vnn_nodes": 4699, "vnn_archways": 18812, "detail": null}
{"ts": "2026-07-04T11:31:13.812385", "event": "checkpoint:heartbeat", "session_sec": 57026.8, "sec_since_checkpoint": 0.0, "store_size": 14767, "vnn_nodes": 4977, "vnn_archways": 19942, "detail": null}
{"ts": "2026-07-04T11:41:16.330298", "event": "checkpoint:heartbeat", "session_sec": 57629.4, "sec_since_checkpoint": 0.0, "store_size": 14779, "vnn_nodes": 5654, "vnn_archways": 23656, "detail": null}
{"ts": "2026-07-04T11:51:17.718409", "event": "checkpoint:heartbeat", "session_sec": 58230.8, "sec_since_checkpoint": 0.0, "store_size": 14774, "vnn_nodes": 5764, "vnn_archways": 24046, "detail": null}
{"ts": "2026-07-04T12:01:18.467113", "event": "checkpoint:heartbeat", "session_sec": 58831.5, "sec_since_checkpoint": 0.0, "store_size": 14774, "vnn_nodes": 5765, "vnn_archways": 24064, "detail": null}
{"ts": "2026-07-04T12:11:18.946469", "event": "checkpoint:heartbeat", "session_sec": 59432.0, "sec_since_checkpoint": 0.0, "store_size": 14775, "vnn_nodes": 5766, "vnn_archways": 24082, "detail": null}
{"ts": "2026-07-04T12:21:21.108013", "event": "checkpoint:heartbeat", "session_sec": 60034.1, "sec_since_checkpoint": 0.0, "store_size": 14780, "vnn_nodes": 5901, "vnn_archways": 24792, "detail": null}
{"ts": "2026-07-04T12:31:21.398447", "event": "checkpoint:heartbeat", "session_sec": 60634.4, "sec_since_checkpoint": 0.0, "store_size": 14790, "vnn_nodes": 6602, "vnn_archways": 29032, "detail": null}
{"ts": "2026-07-04T12:41:21.660492", "event": "checkpoint:heartbeat", "session_sec": 61234.7, "sec_since_checkpoint": 0.0, "store_size": 14794, "vnn_nodes": 6869, "vnn_archways": 30506, "detail": null}
{"ts": "2026-07-04T12:51:21.878602", "event": "checkpoint:heartbeat", "session_sec": 61834.9, "sec_since_checkpoint": 0.0, "store_size": 14800, "vnn_nodes": 7532, "vnn_archways": 34222, "detail": null}
{"ts": "2026-07-04T13:01:22.360328", "event": "checkpoint:heartbeat", "session_sec": 62435.4, "sec_since_checkpoint": 0.0, "store_size": 14809, "vnn_nodes": 7920, "vnn_archways": 35574, "detail": null}
{"ts": "2026-07-04T13:11:22.628609", "event": "checkpoint:heartbeat", "session_sec": 63035.7, "sec_since_checkpoint": 0.0, "store_size": 14811, "vnn_nodes": 8199, "vnn_archways": 36972, "detail": null}
{"ts": "2026-07-04T13:21:23.458506", "event": "checkpoint:heartbeat", "session_sec": 63636.5, "sec_since_checkpoint": 0.0, "store_size": 14814, "vnn_nodes": 8306, "vnn_archways": 37386, "detail": null}
{"ts": "2026-07-04T13:31:23.957663", "event": "checkpoint:heartbeat", "session_sec": 64237.0, "sec_since_checkpoint": 0.0, "store_size": 14818, "vnn_nodes": 8484, "vnn_archways": 38062, "detail": null}
{"ts": "2026-07-04T13:41:25.010028", "event": "checkpoint:heartbeat", "session_sec": 64838.0, "sec_since_checkpoint": 0.0, "store_size": 14825, "vnn_nodes": 8624, "vnn_archways": 38506, "detail": null}
{"ts": "2026-07-04T13:51:25.584752", "event": "checkpoint:heartbeat", "session_sec": 65438.6, "sec_since_checkpoint": 0.0, "store_size": 14824, "vnn_nodes": 8829, "vnn_archways": 38524, "detail": null}
{"ts": "2026-07-04T14:01:25.796778", "event": "checkpoint:heartbeat", "session_sec": 66038.8, "sec_since_checkpoint": 0.0, "store_size": 14821, "vnn_nodes": 8831, "vnn_archways": 38524, "detail": null}
{"ts": "2026-07-04T14:11:26.136024", "event": "checkpoint:heartbeat", "session_sec": 66639.2, "sec_since_checkpoint": 0.0, "store_size": 14825, "vnn_nodes": 8987, "vnn_archways": 39486, "detail": null}
{"ts": "2026-07-04T14:21:26.306791", "event": "checkpoint:heartbeat", "session_sec": 67239.3, "sec_since_checkpoint": 0.0, "store_size": 14825, "vnn_nodes": 8996, "vnn_archways": 39540, "detail": null}
{"ts": "2026-07-04T14:31:27.390404", "event": "checkpoint:heartbeat", "session_sec": 67840.4, "sec_since_checkpoint": 0.0, "store_size": 14832, "vnn_nodes": 9421, "vnn_archways": 41188, "detail": null}
{"ts": "2026-07-04T14:41:27.645459", "event": "checkpoint:heartbeat", "session_sec": 68440.7, "sec_since_checkpoint": 0.0, "store_size": 14830, "vnn_nodes": 9435, "vnn_archways": 41222, "detail": null}
{"ts": "2026-07-04T14:51:28.234368", "event": "checkpoint:heartbeat", "session_sec": 69041.3, "sec_since_checkpoint": 0.0, "store_size": 14833, "vnn_nodes": 9469, "vnn_archways": 41470, "detail": null}
{"ts": "2026-07-04T15:01:28.515445", "event": "checkpoint:heartbeat", "session_sec": 69641.6, "sec_since_checkpoint": 0.0, "store_size": 14833, "vnn_nodes": 9482, "vnn_archways": 41548, "detail": null}
{"ts": "2026-07-04T15:11:28.755278", "event": "checkpoint:heartbeat", "session_sec": 70241.8, "sec_since_checkpoint": 0.0, "store_size": 14840, "vnn_nodes": 9733, "vnn_archways": 42472, "detail": null}
{"ts": "2026-07-04T15:21:29.281654", "event": "checkpoint:heartbeat", "session_sec": 70842.3, "sec_since_checkpoint": 0.0, "store_size": 14838, "vnn_nodes": 9827, "vnn_archways": 43058, "detail": null}
{"ts": "2026-07-04T15:31:30.121273", "event": "checkpoint:heartbeat", "session_sec": 71443.2, "sec_since_checkpoint": 0.0, "store_size": 14865, "vnn_nodes": 9907, "vnn_archways": 43480, "detail": null}
{"ts": "2026-07-04T15:41:31.325766", "event": "checkpoint:heartbeat", "session_sec": 72044.4, "sec_since_checkpoint": 0.0, "store_size": 14877, "vnn_nodes": 10075, "vnn_archways": 43480, "detail": null}
{"ts": "2026-07-04T15:51:31.781712", "event": "checkpoint:heartbeat", "session_sec": 72644.8, "sec_since_checkpoint": 0.0, "store_size": 14894, "vnn_nodes": 10075, "vnn_archways": 43480, "detail": null}
{"ts": "2026-07-04T16:01:33.779408", "event": "checkpoint:heartbeat", "session_sec": 73246.8, "sec_since_checkpoint": 0.0, "store_size": 14913, "vnn_nodes": 10076, "vnn_archways": 43480, "detail": null}
{"ts": "2026-07-04T16:11:34.690232", "event": "checkpoint:heartbeat", "session_sec": 73847.7, "sec_since_checkpoint": 0.0, "store_size": 14934, "vnn_nodes": 10077, "vnn_archways": 43480, "detail": null}
{"ts": "2026-07-04T16:21:36.520238", "event": "checkpoint:heartbeat", "session_sec": 74449.6, "sec_since_checkpoint": 0.0, "store_size": 14951, "vnn_nodes": 10078, "vnn_archways": 43480, "detail": null}
{"ts": "2026-07-04T16:31:38.325558", "event": "checkpoint:heartbeat", "session_sec": 75051.4, "sec_since_checkpoint": 0.0, "store_size": 14978, "vnn_nodes": 10080, "vnn_archways": 43480, "detail": null}
{"ts": "2026-07-04T16:41:38.617980", "event": "checkpoint:heartbeat", "session_sec": 75651.7, "sec_since_checkpoint": 0.0, "store_size": 15006, "vnn_nodes": 10081, "vnn_archways": 43480, "detail": null}
{"ts": "2026-07-04T16:51:39.152920", "event": "checkpoint:heartbeat", "session_sec": 76252.2, "sec_since_checkpoint": 0.0, "store_size": 15026, "vnn_nodes": 10082, "vnn_archways": 43480, "detail": null}
{"ts": "2026-07-04T17:01:39.760429", "event": "checkpoint:heartbeat", "session_sec": 76852.8, "sec_since_checkpoint": 0.0, "store_size": 15047, "vnn_nodes": 10083, "vnn_archways": 43480, "detail": null}
{"ts": "2026-07-04T17:11:40.139368", "event": "checkpoint:heartbeat", "session_sec": 77453.2, "sec_since_checkpoint": 0.0, "store_size": 15066, "vnn_nodes": 10116, "vnn_archways": 43480, "detail": null}
{"ts": "2026-07-04T17:21:40.522253", "event": "checkpoint:heartbeat", "session_sec": 78053.6, "sec_since_checkpoint": 0.0, "store_size": 15081, "vnn_nodes": 10117, "vnn_archways": 43480, "detail": null}
{"ts": "2026-07-04T17:31:40.854063", "event": "checkpoint:heartbeat", "session_sec": 78653.9, "sec_since_checkpoint": 0.0, "store_size": 15111, "vnn_nodes": 10118, "vnn_archways": 43480, "detail": null}
{"ts": "2026-07-04T17:41:41.118119", "event": "checkpoint:heartbeat", "session_sec": 79254.2, "sec_since_checkpoint": 0.0, "store_size": 15136, "vnn_nodes": 10119, "vnn_archways": 43482, "detail": null}
{"ts": "2026-07-04T17:51:41.618040", "event": "checkpoint:heartbeat", "session_sec": 79854.7, "sec_since_checkpoint": 0.0, "store_size": 15150, "vnn_nodes": 10120, "vnn_archways": 43482, "detail": null}
{"ts": "2026-07-04T18:01:41.944835", "event": "checkpoint:heartbeat", "session_sec": 80455.0, "sec_since_checkpoint": 0.0, "store_size": 15169, "vnn_nodes": 10121, "vnn_archways": 43482, "detail": null}
{"ts": "2026-07-04T18:11:42.147089", "event": "checkpoint:heartbeat", "session_sec": 81055.2, "sec_since_checkpoint": 0.0, "store_size": 15190, "vnn_nodes": 10122, "vnn_archways": 43482, "detail": null}
{"ts": "2026-07-04T18:21:42.897113", "event": "checkpoint:heartbeat", "session_sec": 81655.9, "sec_since_checkpoint": 0.0, "store_size": 15196, "vnn_nodes": 10123, "vnn_archways": 43482, "detail": null}
{"ts": "2026-07-04T18:31:43.375843", "event": "checkpoint:heartbeat", "session_sec": 82256.4, "sec_since_checkpoint": 0.0, "store_size": 15196, "vnn_nodes": 10124, "vnn_archways": 43484, "detail": null}
{"ts": "2026-07-04T18:41:43.630946", "event": "checkpoint:heartbeat", "session_sec": 82856.7, "sec_since_checkpoint": 0.0, "store_size": 15196, "vnn_nodes": 10125, "vnn_archways": 43484, "detail": null}
{"ts": "2026-07-04T18:51:44.682390", "event": "checkpoint:heartbeat", "session_sec": 83457.7, "sec_since_checkpoint": 0.0, "store_size": 15196, "vnn_nodes": 10126, "vnn_archways": 43484, "detail": null}
{"ts": "2026-07-04T19:01:44.996236", "event": "checkpoint:heartbeat", "session_sec": 84058.0, "sec_since_checkpoint": 0.0, "store_size": 15196, "vnn_nodes": 10127, "vnn_archways": 43484, "detail": null}
{"ts": "2026-07-04T19:11:45.589519", "event": "checkpoint:heartbeat", "session_sec": 84658.6, "sec_since_checkpoint": 0.0, "store_size": 15196, "vnn_nodes": 10128, "vnn_archways": 43484, "detail": null}
{"ts": "2026-07-04T19:21:46.282754", "event": "checkpoint:heartbeat", "session_sec": 85259.3, "sec_since_checkpoint": 0.0, "store_size": 15196, "vnn_nodes": 10129, "vnn_archways": 43484, "detail": null}
{"ts": "2026-07-04T19:31:47.412940", "event": "checkpoint:heartbeat", "session_sec": 85860.5, "sec_since_checkpoint": 0.0, "store_size": 15197, "vnn_nodes": 10135, "vnn_archways": 43484, "detail": null}
{"ts": "2026-07-04T19:41:48.107691", "event": "checkpoint:heartbeat", "session_sec": 86461.1, "sec_since_checkpoint": 0.0, "store_size": 15197, "vnn_nodes": 10136, "vnn_archways": 43484, "detail": null}
{"ts": "2026-07-04T19:51:49.978070", "event": "checkpoint:heartbeat", "session_sec": 87063.0, "sec_since_checkpoint": 0.0, "store_size": 15197, "vnn_nodes": 10137, "vnn_archways": 43484, "detail": null}
{"ts": "2026-07-04T20:01:50.547611", "event": "checkpoint:heartbeat", "session_sec": 87663.6, "sec_since_checkpoint": 0.0, "store_size": 15217, "vnn_nodes": 12602, "vnn_archways": 58622, "detail": null}
{"ts": "2026-07-04T20:11:53.257136", "event": "checkpoint:heartbeat", "session_sec": 88266.3, "sec_since_checkpoint": 0.0, "store_size": 15205, "vnn_nodes": 12997, "vnn_archways": 58748, "detail": null}
{"ts": "2026-07-04T20:21:54.711771", "event": "checkpoint:heartbeat", "session_sec": 88867.7, "sec_since_checkpoint": 0.0, "store_size": 15203, "vnn_nodes": 13649, "vnn_archways": 58748, "detail": null}
{"ts": "2026-07-04T20:31:56.924452", "event": "checkpoint:heartbeat", "session_sec": 89470.0, "sec_since_checkpoint": 0.0, "store_size": 15205, "vnn_nodes": 13662, "vnn_archways": 58916, "detail": null}
{"ts": "2026-07-04T20:41:59.188009", "event": "checkpoint:heartbeat", "session_sec": 90072.2, "sec_since_checkpoint": 0.0, "store_size": 15206, "vnn_nodes": 13664, "vnn_archways": 58936, "detail": null}
{"ts": "2026-07-04T20:52:00.683240", "event": "checkpoint:heartbeat", "session_sec": 90673.7, "sec_since_checkpoint": 0.0, "store_size": 15205, "vnn_nodes": 13666, "vnn_archways": 58936, "detail": null}
{"ts": "2026-07-04T21:02:02.913609", "event": "checkpoint:heartbeat", "session_sec": 91276.0, "sec_since_checkpoint": 0.0, "store_size": 15207, "vnn_nodes": 14267, "vnn_archways": 62536, "detail": null}
{"ts": "2026-07-04T21:12:05.417801", "event": "checkpoint:heartbeat", "session_sec": 91878.5, "sec_since_checkpoint": 0.0, "store_size": 15214, "vnn_nodes": 14564, "vnn_archways": 62752, "detail": null}
{"ts": "2026-07-04T21:22:05.702232", "event": "checkpoint:heartbeat", "session_sec": 92478.7, "sec_since_checkpoint": 0.0, "store_size": 15223, "vnn_nodes": 14622, "vnn_archways": 63128, "detail": null}
{"ts": "2026-07-04T21:32:08.262648", "event": "checkpoint:heartbeat", "session_sec": 93081.3, "sec_since_checkpoint": 0.0, "store_size": 15226, "vnn_nodes": 14631, "vnn_archways": 63144, "detail": null}
{"ts": "2026-07-04T21:42:10.014315", "event": "checkpoint:heartbeat", "session_sec": 93683.1, "sec_since_checkpoint": 0.0, "store_size": 15225, "vnn_nodes": 15617, "vnn_archways": 68160, "detail": null}
{"ts": "2026-07-04T21:52:11.170331", "event": "checkpoint:heartbeat", "session_sec": 94284.2, "sec_since_checkpoint": 0.0, "store_size": 15225, "vnn_nodes": 15635, "vnn_archways": 68274, "detail": null}
{"ts": "2026-07-04T22:02:12.443049", "event": "checkpoint:heartbeat", "session_sec": 94885.5, "sec_since_checkpoint": 0.0, "store_size": 15228, "vnn_nodes": 15641, "vnn_archways": 68310, "detail": null}
{"ts": "2026-07-04T22:12:13.032961", "event": "checkpoint:heartbeat", "session_sec": 95486.1, "sec_since_checkpoint": 0.0, "store_size": 15229, "vnn_nodes": 15642, "vnn_archways": 68310, "detail": null}
{"ts": "2026-07-04T22:22:14.146409", "event": "checkpoint:heartbeat", "session_sec": 96087.2, "sec_since_checkpoint": 0.0, "store_size": 15229, "vnn_nodes": 15642, "vnn_archways": 68310, "detail": null}
{"ts": "2026-07-04T22:32:15.805370", "event": "checkpoint:heartbeat", "session_sec": 96688.8, "sec_since_checkpoint": 0.0, "store_size": 15230, "vnn_nodes": 15644, "vnn_archways": 68310, "detail": null}
{"ts": "2026-07-04T22:42:16.384741", "event": "checkpoint:heartbeat", "session_sec": 97289.4, "sec_since_checkpoint": 0.0, "store_size": 15231, "vnn_nodes": 15696, "vnn_archways": 68616, "detail": null}
{"ts": "2026-07-04T22:52:18.656166", "event": "checkpoint:heartbeat", "session_sec": 97891.7, "sec_since_checkpoint": 0.0, "store_size": 15236, "vnn_nodes": 16376, "vnn_archways": 72774, "detail": null}
{"ts": "2026-07-04T23:02:19.724314", "event": "checkpoint:heartbeat", "session_sec": 98492.8, "sec_since_checkpoint": 0.0, "store_size": 15238, "vnn_nodes": 16424, "vnn_archways": 72774, "detail": null}
{"ts": "2026-07-04T23:12:21.401506", "event": "checkpoint:heartbeat", "session_sec": 99094.4, "sec_since_checkpoint": 0.0, "store_size": 15241, "vnn_nodes": 17797, "vnn_archways": 76986, "detail": null}
{"ts": "2026-07-04T23:22:23.783228", "event": "checkpoint:heartbeat", "session_sec": 99696.8, "sec_since_checkpoint": 0.0, "store_size": 15242, "vnn_nodes": 17797, "vnn_archways": 76986, "detail": null}
{"ts": "2026-07-04T23:32:26.511220", "event": "checkpoint:heartbeat", "session_sec": 100299.5, "sec_since_checkpoint": 0.0, "store_size": 15242, "vnn_nodes": 17797, "vnn_archways": 76986, "detail": null}
{"ts": "2026-07-04T23:42:27.488177", "event": "checkpoint:heartbeat", "session_sec": 100900.5, "sec_since_checkpoint": 0.0, "store_size": 15245, "vnn_nodes": 17797, "vnn_archways": 76986, "detail": null}
{"ts": "2026-07-04T23:52:31.008227", "event": "checkpoint:heartbeat", "session_sec": 101504.0, "sec_since_checkpoint": 0.0, "store_size": 15250, "vnn_nodes": 17797, "vnn_archways": 76986, "detail": null}
{"ts": "2026-07-05T00:02:32.090922", "event": "checkpoint:heartbeat", "session_sec": 102105.1, "sec_since_checkpoint": 0.0, "store_size": 15246, "vnn_nodes": 17797, "vnn_archways": 76986, "detail": null}
{"ts": "2026-07-05T00:12:34.656714", "event": "checkpoint:heartbeat", "session_sec": 102707.7, "sec_since_checkpoint": 0.0, "store_size": 15252, "vnn_nodes": 17798, "vnn_archways": 76996, "detail": null}
{"ts": "2026-07-05T00:22:35.825491", "event": "checkpoint:heartbeat", "session_sec": 103308.9, "sec_since_checkpoint": 0.0, "store_size": 15249, "vnn_nodes": 17798, "vnn_archways": 76996, "detail": null}
{"ts": "2026-07-05T00:32:39.822428", "event": "checkpoint:heartbeat", "session_sec": 103912.9, "sec_since_checkpoint": 0.0, "store_size": 15251, "vnn_nodes": 18009, "vnn_archways": 78306, "detail": null}
{"ts": "2026-07-05T00:42:40.106307", "event": "checkpoint:heartbeat", "session_sec": 104513.1, "sec_since_checkpoint": 0.0, "store_size": 15254, "vnn_nodes": 18352, "vnn_archways": 78708, "detail": null}
{"ts": "2026-07-05T00:52:41.981073", "event": "checkpoint:heartbeat", "session_sec": 105115.0, "sec_since_checkpoint": 0.0, "store_size": 15254, "vnn_nodes": 18355, "vnn_archways": 78708, "detail": null}
{"ts": "2026-07-05T01:02:45.388840", "event": "checkpoint:heartbeat", "session_sec": 105718.4, "sec_since_checkpoint": 0.0, "store_size": 15253, "vnn_nodes": 18355, "vnn_archways": 78708, "detail": null}
{"ts": "2026-07-05T01:12:45.846256", "event": "checkpoint:heartbeat", "session_sec": 106318.9, "sec_since_checkpoint": 0.0, "store_size": 15255, "vnn_nodes": 18418, "vnn_archways": 79092, "detail": null}
{"ts": "2026-07-05T01:22:47.009811", "event": "checkpoint:heartbeat", "session_sec": 106920.0, "sec_since_checkpoint": 0.0, "store_size": 15256, "vnn_nodes": 18418, "vnn_archways": 79092, "detail": null}
{"ts": "2026-07-05T01:32:49.127690", "event": "checkpoint:heartbeat", "session_sec": 107522.2, "sec_since_checkpoint": 0.0, "store_size": 15257, "vnn_nodes": 18418, "vnn_archways": 79092, "detail": null}
{"ts": "2026-07-05T01:42:49.603868", "event": "checkpoint:heartbeat", "session_sec": 108122.6, "sec_since_checkpoint": 0.0, "store_size": 15258, "vnn_nodes": 18484, "vnn_archways": 79488, "detail": null}
{"ts": "2026-07-05T01:52:53.204203", "event": "checkpoint:heartbeat", "session_sec": 108726.2, "sec_since_checkpoint": 0.0, "store_size": 15267, "vnn_nodes": 18558, "vnn_archways": 79944, "detail": null}
{"ts": "2026-07-05T02:02:54.368314", "event": "checkpoint:heartbeat", "session_sec": 109327.4, "sec_since_checkpoint": 0.0, "store_size": 15270, "vnn_nodes": 18593, "vnn_archways": 80114, "detail": null}
{"ts": "2026-07-05T02:12:57.340762", "event": "checkpoint:heartbeat", "session_sec": 109930.4, "sec_since_checkpoint": 0.0, "store_size": 15266, "vnn_nodes": 18595, "vnn_archways": 80126, "detail": null}
{"ts": "2026-07-05T02:22:57.887356", "event": "checkpoint:heartbeat", "session_sec": 110530.9, "sec_since_checkpoint": 0.0, "store_size": 15274, "vnn_nodes": 19383, "vnn_archways": 84858, "detail": null}
{"ts": "2026-07-05T02:32:58.214531", "event": "checkpoint:heartbeat", "session_sec": 111131.3, "sec_since_checkpoint": 0.0, "store_size": 15277, "vnn_nodes": 19686, "vnn_archways": 86676, "detail": null}
{"ts": "2026-07-05T02:42:58.930828", "event": "checkpoint:heartbeat", "session_sec": 111732.0, "sec_since_checkpoint": 0.0, "store_size": 15279, "vnn_nodes": 19695, "vnn_archways": 86676, "detail": null}
{"ts": "2026-07-05T02:52:59.298166", "event": "checkpoint:heartbeat", "session_sec": 112332.3, "sec_since_checkpoint": 0.0, "store_size": 15280, "vnn_nodes": 20182, "vnn_archways": 88606, "detail": null}
{"ts": "2026-07-05T03:03:00.579818", "event": "checkpoint:heartbeat", "session_sec": 112933.6, "sec_since_checkpoint": 0.0, "store_size": 15284, "vnn_nodes": 21020, "vnn_archways": 93394, "detail": null}
{"ts": "2026-07-05T03:13:01.674209", "event": "checkpoint:heartbeat", "session_sec": 113534.7, "sec_since_checkpoint": 0.0, "store_size": 15287, "vnn_nodes": 21824, "vnn_archways": 93832, "detail": null}
{"ts": "2026-07-05T03:23:02.114504", "event": "checkpoint:heartbeat", "session_sec": 114135.2, "sec_since_checkpoint": 0.0, "store_size": 15292, "vnn_nodes": 21900, "vnn_archways": 93878, "detail": null}
{"ts": "2026-07-05T03:33:02.916647", "event": "checkpoint:heartbeat", "session_sec": 114736.0, "sec_since_checkpoint": 0.0, "store_size": 15302, "vnn_nodes": 21956, "vnn_archways": 94242, "detail": null}
{"ts": "2026-07-05T03:43:06.494558", "event": "checkpoint:heartbeat", "session_sec": 115339.5, "sec_since_checkpoint": 0.0, "store_size": 15305, "vnn_nodes": 22000, "vnn_archways": 94492, "detail": null}
{"ts": "2026-07-05T03:53:07.076038", "event": "checkpoint:heartbeat", "session_sec": 115940.1, "sec_since_checkpoint": 0.0, "store_size": 15304, "vnn_nodes": 22015, "vnn_archways": 94510, "detail": null}
{"ts": "2026-07-05T04:03:11.470424", "event": "checkpoint:heartbeat", "session_sec": 116544.5, "sec_since_checkpoint": 0.0, "store_size": 15310, "vnn_nodes": 22498, "vnn_archways": 96200, "detail": null}
{"ts": "2026-07-05T04:13:16.835360", "event": "checkpoint:heartbeat", "session_sec": 117149.9, "sec_since_checkpoint": 0.0, "store_size": 15312, "vnn_nodes": 22520, "vnn_archways": 96308, "detail": null}
{"ts": "2026-07-05T04:23:17.431659", "event": "checkpoint:heartbeat", "session_sec": 117750.5, "sec_since_checkpoint": 0.0, "store_size": 15313, "vnn_nodes": 24034, "vnn_archways": 103876, "detail": null}
{"ts": "2026-07-05T04:33:18.709608", "event": "checkpoint:heartbeat", "session_sec": 118351.7, "sec_since_checkpoint": 0.0, "store_size": 15327, "vnn_nodes": 25075, "vnn_archways": 103970, "detail": null}
{"ts": "2026-07-05T04:43:19.436283", "event": "checkpoint:heartbeat", "session_sec": 118952.5, "sec_since_checkpoint": 0.0, "store_size": 15327, "vnn_nodes": 25086, "vnn_archways": 103970, "detail": null}
{"ts": "2026-07-05T04:53:20.638229", "event": "checkpoint:heartbeat", "session_sec": 119553.7, "sec_since_checkpoint": 0.0, "store_size": 15329, "vnn_nodes": 25106, "vnn_archways": 104070, "detail": null}
{"ts": "2026-07-05T05:03:23.687865", "event": "checkpoint:heartbeat", "session_sec": 120156.7, "sec_since_checkpoint": 0.0, "store_size": 15332, "vnn_nodes": 26722, "vnn_archways": 112438, "detail": null}
{"ts": "2026-07-05T05:13:27.669907", "event": "checkpoint:heartbeat", "session_sec": 120760.7, "sec_since_checkpoint": 0.0, "store_size": 15331, "vnn_nodes": 26789, "vnn_archways": 112582, "detail": null}
{"ts": "2026-07-05T05:23:28.250603", "event": "checkpoint:heartbeat", "session_sec": 121361.3, "sec_since_checkpoint": 0.0, "store_size": 15336, "vnn_nodes": 26876, "vnn_archways": 113242, "detail": null}
{"ts": "2026-07-05T05:33:30.936585", "event": "checkpoint:heartbeat", "session_sec": 121964.0, "sec_since_checkpoint": 0.0, "store_size": 15337, "vnn_nodes": 26897, "vnn_archways": 113312, "detail": null}
{"ts": "2026-07-05T05:43:32.019558", "event": "checkpoint:heartbeat", "session_sec": 122565.1, "sec_since_checkpoint": 0.0, "store_size": 15339, "vnn_nodes": 27579, "vnn_archways": 115796, "detail": null}
{"ts": "2026-07-05T05:53:35.299777", "event": "checkpoint:heartbeat", "session_sec": 123168.3, "sec_since_checkpoint": 0.0, "store_size": 15341, "vnn_nodes": 29718, "vnn_archways": 122180, "detail": null}
{"ts": "2026-07-05T06:03:35.944053", "event": "checkpoint:heartbeat", "session_sec": 123769.0, "sec_since_checkpoint": 0.0, "store_size": 15346, "vnn_nodes": 30934, "vnn_archways": 122736, "detail": null}
{"ts": "2026-07-05T06:13:36.580056", "event": "checkpoint:heartbeat", "session_sec": 124369.6, "sec_since_checkpoint": 0.0, "store_size": 15348, "vnn_nodes": 30944, "vnn_archways": 122738, "detail": null}
{"ts": "2026-07-05T06:23:38.290165", "event": "checkpoint:heartbeat", "session_sec": 124971.3, "sec_since_checkpoint": 0.0, "store_size": 15347, "vnn_nodes": 32379, "vnn_archways": 131404, "detail": null}
{"ts": "2026-07-05T06:33:41.395617", "event": "checkpoint:heartbeat", "session_sec": 125574.4, "sec_since_checkpoint": 0.0, "store_size": 15354, "vnn_nodes": 34785, "vnn_archways": 135024, "detail": null}
{"ts": "2026-07-05T06:43:45.897501", "event": "checkpoint:heartbeat", "session_sec": 126178.9, "sec_since_checkpoint": 0.0, "store_size": 15357, "vnn_nodes": 34918, "vnn_archways": 135240, "detail": null}
{"ts": "2026-07-05T06:53:47.761116", "event": "checkpoint:heartbeat", "session_sec": 126780.8, "sec_since_checkpoint": 0.0, "store_size": 15357, "vnn_nodes": 36384, "vnn_archways": 139918, "detail": null}
{"ts": "2026-07-05T07:03:49.206204", "event": "checkpoint:heartbeat", "session_sec": 127382.2, "sec_since_checkpoint": 0.0, "store_size": 15359, "vnn_nodes": 38092, "vnn_archways": 149506, "detail": null}
{"ts": "2026-07-05T07:13:49.657752", "event": "checkpoint:heartbeat", "session_sec": 127982.7, "sec_since_checkpoint": 0.0, "store_size": 15363, "vnn_nodes": 39581, "vnn_archways": 149506, "detail": null}
{"ts": "2026-07-05T07:23:52.549424", "event": "checkpoint:heartbeat", "session_sec": 128585.6, "sec_since_checkpoint": 0.0, "store_size": 15367, "vnn_nodes": 39583, "vnn_archways": 149506, "detail": null}
{"ts": "2026-07-05T07:33:57.115181", "event": "checkpoint:heartbeat", "session_sec": 129190.2, "sec_since_checkpoint": 0.0, "store_size": 15365, "vnn_nodes": 39584, "vnn_archways": 149506, "detail": null}
{"ts": "2026-07-05T07:43:59.128210", "event": "checkpoint:heartbeat", "session_sec": 129792.2, "sec_since_checkpoint": 0.0, "store_size": 15369, "vnn_nodes": 39584, "vnn_archways": 149506, "detail": null}
{"ts": "2026-07-05T07:54:03.021781", "event": "checkpoint:heartbeat", "session_sec": 130396.1, "sec_since_checkpoint": 0.0, "store_size": 15383, "vnn_nodes": 39584, "vnn_archways": 149506, "detail": null}
{"ts": "2026-07-05T08:04:05.903514", "event": "checkpoint:heartbeat", "session_sec": 130998.9, "sec_since_checkpoint": 0.0, "store_size": 15442, "vnn_nodes": 39591, "vnn_archways": 149506, "detail": null}
{"ts": "2026-07-05T08:14:06.647369", "event": "checkpoint:heartbeat", "session_sec": 131599.7, "sec_since_checkpoint": 0.0, "store_size": 15549, "vnn_nodes": 39593, "vnn_archways": 149506, "detail": null}
{"ts": "2026-07-05T08:24:11.807378", "event": "checkpoint:heartbeat", "session_sec": 132204.8, "sec_since_checkpoint": 0.0, "store_size": 15655, "vnn_nodes": 39595, "vnn_archways": 149506, "detail": null}
{"ts": "2026-07-05T08:34:17.801691", "event": "checkpoint:heartbeat", "session_sec": 132810.8, "sec_since_checkpoint": 0.0, "store_size": 15760, "vnn_nodes": 39603, "vnn_archways": 149524, "detail": null}
{"ts": "2026-07-05T08:44:22.594349", "event": "checkpoint:heartbeat", "session_sec": 133415.6, "sec_since_checkpoint": 0.0, "store_size": 15868, "vnn_nodes": 39604, "vnn_archways": 149524, "detail": null}
{"ts": "2026-07-05T08:54:23.583393", "event": "checkpoint:heartbeat", "session_sec": 134016.6, "sec_since_checkpoint": 0.0, "store_size": 15972, "vnn_nodes": 39605, "vnn_archways": 149524, "detail": null}
{"ts": "2026-07-05T09:04:25.276989", "event": "checkpoint:heartbeat", "session_sec": 134618.3, "sec_since_checkpoint": 0.0, "store_size": 16078, "vnn_nodes": 39607, "vnn_archways": 149524, "detail": null}
{"ts": "2026-07-05T09:14:32.259102", "event": "checkpoint:heartbeat", "session_sec": 135225.3, "sec_since_checkpoint": 0.0, "store_size": 16183, "vnn_nodes": 39609, "vnn_archways": 149524, "detail": null}
{"ts": "2026-07-05T09:24:34.121339", "event": "checkpoint:heartbeat", "session_sec": 135827.2, "sec_since_checkpoint": 0.0, "store_size": 16290, "vnn_nodes": 39611, "vnn_archways": 149524, "detail": null}
{"ts": "2026-07-05T09:34:36.802375", "event": "checkpoint:heartbeat", "session_sec": 136429.8, "sec_since_checkpoint": 0.0, "store_size": 16398, "vnn_nodes": 39613, "vnn_archways": 149524, "detail": null}
{"ts": "2026-07-05T09:44:39.165884", "event": "checkpoint:heartbeat", "session_sec": 137032.2, "sec_since_checkpoint": 0.0, "store_size": 16493, "vnn_nodes": 39615, "vnn_archways": 149524, "detail": null}
{"ts": "2026-07-05T09:54:43.404103", "event": "checkpoint:heartbeat", "session_sec": 137636.4, "sec_since_checkpoint": 0.0, "store_size": 16598, "vnn_nodes": 39616, "vnn_archways": 149524, "detail": null}
{"ts": "2026-07-05T10:04:48.176871", "event": "checkpoint:heartbeat", "session_sec": 138241.2, "sec_since_checkpoint": 0.0, "store_size": 16700, "vnn_nodes": 39618, "vnn_archways": 149524, "detail": null}
{"ts": "2026-07-05T10:14:48.850236", "event": "checkpoint:heartbeat", "session_sec": 138841.9, "sec_since_checkpoint": 0.0, "store_size": 16802, "vnn_nodes": 39620, "vnn_archways": 149524, "detail": null}
{"ts": "2026-07-05T10:24:50.304399", "event": "checkpoint:heartbeat", "session_sec": 139443.3, "sec_since_checkpoint": 0.0, "store_size": 16905, "vnn_nodes": 39621, "vnn_archways": 149524, "detail": null}
{"ts": "2026-07-05T10:34:50.876203", "event": "checkpoint:heartbeat", "session_sec": 140043.9, "sec_since_checkpoint": 0.0, "store_size": 17014, "vnn_nodes": 39623, "vnn_archways": 149524, "detail": null}
{"ts": "2026-07-05T10:44:52.461522", "event": "checkpoint:heartbeat", "session_sec": 140645.5, "sec_since_checkpoint": 0.0, "store_size": 17124, "vnn_nodes": 39625, "vnn_archways": 149524, "detail": null}
{"ts": "2026-07-05T10:54:56.116043", "event": "checkpoint:heartbeat", "session_sec": 141249.2, "sec_since_checkpoint": 0.0, "store_size": 17230, "vnn_nodes": 39626, "vnn_archways": 149524, "detail": null}
{"ts": "2026-07-05T11:04:58.877366", "event": "checkpoint:heartbeat", "session_sec": 141851.9, "sec_since_checkpoint": 0.0, "store_size": 17337, "vnn_nodes": 39628, "vnn_archways": 149524, "detail": null}
{"ts": "2026-07-05T11:14:59.844711", "event": "checkpoint:heartbeat", "session_sec": 142452.9, "sec_since_checkpoint": 0.0, "store_size": 17445, "vnn_nodes": 39629, "vnn_archways": 149524, "detail": null}
{"ts": "2026-07-05T11:25:04.027218", "event": "checkpoint:heartbeat", "session_sec": 143057.1, "sec_since_checkpoint": 0.0, "store_size": 17553, "vnn_nodes": 39629, "vnn_archways": 149524, "detail": null}
{"ts": "2026-07-05T11:35:06.529697", "event": "checkpoint:heartbeat", "session_sec": 143659.6, "sec_since_checkpoint": 0.0, "store_size": 17659, "vnn_nodes": 39629, "vnn_archways": 149524, "detail": null}
{"ts": "2026-07-05T11:45:08.296733", "event": "checkpoint:heartbeat", "session_sec": 144261.3, "sec_since_checkpoint": 0.0, "store_size": 17771, "vnn_nodes": 39629, "vnn_archways": 149524, "detail": null}
{"ts": "2026-07-05T11:55:08.804547", "event": "checkpoint:heartbeat", "session_sec": 144861.8, "sec_since_checkpoint": 0.0, "store_size": 17875, "vnn_nodes": 39629, "vnn_archways": 149524, "detail": null}
{"ts": "2026-07-05T12:05:12.047516", "event": "checkpoint:heartbeat", "session_sec": 145465.1, "sec_since_checkpoint": 0.0, "store_size": 17982, "vnn_nodes": 39629, "vnn_archways": 149524, "detail": null}
{"ts": "2026-07-05T12:15:14.220806", "event": "checkpoint:heartbeat", "session_sec": 146067.3, "sec_since_checkpoint": 0.0, "store_size": 18092, "vnn_nodes": 39629, "vnn_archways": 149524, "detail": null}
{"ts": "2026-07-05T12:25:16.053388", "event": "checkpoint:heartbeat", "session_sec": 146669.1, "sec_since_checkpoint": 0.0, "store_size": 18202, "vnn_nodes": 39629, "vnn_archways": 149524, "detail": null}
{"ts": "2026-07-05T12:35:18.457353", "event": "checkpoint:heartbeat", "session_sec": 147271.5, "sec_since_checkpoint": 0.0, "store_size": 18310, "vnn_nodes": 39629, "vnn_archways": 149524, "detail": null}
{"ts": "2026-07-05T12:45:20.562816", "event": "checkpoint:heartbeat", "session_sec": 147873.6, "sec_since_checkpoint": 0.0, "store_size": 18420, "vnn_nodes": 39629, "vnn_archways": 149524, "detail": null}
{"ts": "2026-07-05T12:55:21.228041", "event": "checkpoint:heartbeat", "session_sec": 148474.3, "sec_since_checkpoint": 0.0, "store_size": 18528, "vnn_nodes": 39629, "vnn_archways": 149524, "detail": null}
{"ts": "2026-07-05T13:05:22.248217", "event": "checkpoint:heartbeat", "session_sec": 149075.3, "sec_since_checkpoint": 0.0, "store_size": 18639, "vnn_nodes": 39629, "vnn_archways": 149524, "detail": null}
{"ts": "2026-07-05T13:15:24.523627", "event": "checkpoint:heartbeat", "session_sec": 149677.6, "sec_since_checkpoint": 0.0, "store_size": 18752, "vnn_nodes": 39629, "vnn_archways": 149524, "detail": null}
{"ts": "2026-07-05T13:25:27.020055", "event": "checkpoint:heartbeat", "session_sec": 150280.1, "sec_since_checkpoint": 0.0, "store_size": 18856, "vnn_nodes": 39629, "vnn_archways": 149524, "detail": null}
{"ts": "2026-07-05T13:35:29.114385", "event": "checkpoint:heartbeat", "session_sec": 150882.2, "sec_since_checkpoint": 0.0, "store_size": 18963, "vnn_nodes": 39630, "vnn_archways": 149524, "detail": null}
{"ts": "2026-07-05T13:45:30.407784", "event": "checkpoint:heartbeat", "session_sec": 151483.4, "sec_since_checkpoint": 0.0, "store_size": 19068, "vnn_nodes": 39631, "vnn_archways": 149524, "detail": null}
{"ts": "2026-07-05T13:55:31.477592", "event": "checkpoint:heartbeat", "session_sec": 152084.5, "sec_since_checkpoint": 0.0, "store_size": 19174, "vnn_nodes": 39632, "vnn_archways": 149524, "detail": null}
{"ts": "2026-07-05T14:05:32.583221", "event": "checkpoint:heartbeat", "session_sec": 152685.6, "sec_since_checkpoint": 0.0, "store_size": 19271, "vnn_nodes": 39633, "vnn_archways": 149524, "detail": null}
{"ts": "2026-07-05T14:15:35.066495", "event": "checkpoint:heartbeat", "session_sec": 153288.1, "sec_since_checkpoint": 0.0, "store_size": 19302, "vnn_nodes": 39634, "vnn_archways": 149524, "detail": null}
{"ts": "2026-07-05T14:25:36.010483", "event": "checkpoint:heartbeat", "session_sec": 153889.0, "sec_since_checkpoint": 0.0, "store_size": 19309, "vnn_nodes": 39635, "vnn_archways": 149524, "detail": null}
{"ts": "2026-07-05T14:35:36.568163", "event": "checkpoint:heartbeat", "session_sec": 154489.6, "sec_since_checkpoint": 0.0, "store_size": 19322, "vnn_nodes": 39636, "vnn_archways": 149524, "detail": null}
{"ts": "2026-07-05T14:45:41.253985", "event": "checkpoint:heartbeat", "session_sec": 155094.3, "sec_since_checkpoint": 0.0, "store_size": 19326, "vnn_nodes": 39636, "vnn_archways": 149524, "detail": null}
{"ts": "2026-07-05T14:55:42.546385", "event": "checkpoint:heartbeat", "session_sec": 155695.6, "sec_since_checkpoint": 0.0, "store_size": 19334, "vnn_nodes": 39637, "vnn_archways": 149524, "detail": null}
{"ts": "2026-07-05T15:05:43.410754", "event": "checkpoint:heartbeat", "session_sec": 156296.4, "sec_since_checkpoint": 0.0, "store_size": 19342, "vnn_nodes": 39638, "vnn_archways": 149524, "detail": null}
{"ts": "2026-07-05T15:15:45.742966", "event": "checkpoint:heartbeat", "session_sec": 156898.8, "sec_since_checkpoint": 0.0, "store_size": 19348, "vnn_nodes": 39639, "vnn_archways": 149524, "detail": null}
{"ts": "2026-07-05T15:25:48.014569", "event": "checkpoint:heartbeat", "session_sec": 157501.1, "sec_since_checkpoint": 0.0, "store_size": 19351, "vnn_nodes": 39640, "vnn_archways": 149524, "detail": null}
{"ts": "2026-07-05T15:35:48.882903", "event": "checkpoint:heartbeat", "session_sec": 158101.9, "sec_since_checkpoint": 0.0, "store_size": 19359, "vnn_nodes": 39640, "vnn_archways": 149524, "detail": null}
{"ts": "2026-07-05T15:45:50.002243", "event": "checkpoint:heartbeat", "session_sec": 158703.0, "sec_since_checkpoint": 0.0, "store_size": 19367, "vnn_nodes": 39641, "vnn_archways": 149524, "detail": null}
{"ts": "2026-07-05T15:55:53.031403", "event": "checkpoint:heartbeat", "session_sec": 159306.1, "sec_since_checkpoint": 0.0, "store_size": 19370, "vnn_nodes": 39642, "vnn_archways": 149524, "detail": null}
{"ts": "2026-07-05T16:05:57.949612", "event": "checkpoint:heartbeat", "session_sec": 159911.0, "sec_since_checkpoint": 0.0, "store_size": 19376, "vnn_nodes": 39643, "vnn_archways": 149524, "detail": null}
{"ts": "2026-07-05T16:16:00.237581", "event": "checkpoint:heartbeat", "session_sec": 160513.3, "sec_since_checkpoint": 0.0, "store_size": 19379, "vnn_nodes": 39644, "vnn_archways": 149524, "detail": null}
{"ts": "2026-07-05T16:26:03.201930", "event": "checkpoint:heartbeat", "session_sec": 161116.2, "sec_since_checkpoint": 0.0, "store_size": 19379, "vnn_nodes": 39644, "vnn_archways": 149524, "detail": null}
{"ts": "2026-07-05T16:36:04.660118", "event": "checkpoint:heartbeat", "session_sec": 161717.7, "sec_since_checkpoint": 0.0, "store_size": 19380, "vnn_nodes": 39645, "vnn_archways": 149524, "detail": null}
{"ts": "2026-07-05T16:46:07.383023", "event": "checkpoint:heartbeat", "session_sec": 162320.4, "sec_since_checkpoint": 0.0, "store_size": 19380, "vnn_nodes": 39646, "vnn_archways": 149524, "detail": null}
{"ts": "2026-07-05T16:56:11.019610", "event": "checkpoint:heartbeat", "session_sec": 162924.1, "sec_since_checkpoint": 0.0, "store_size": 19380, "vnn_nodes": 39647, "vnn_archways": 149524, "detail": null}
{"ts": "2026-07-05T17:06:15.381545", "event": "checkpoint:heartbeat", "session_sec": 163528.4, "sec_since_checkpoint": 0.0, "store_size": 19381, "vnn_nodes": 39648, "vnn_archways": 149524, "detail": null}
{"ts": "2026-07-05T17:16:16.294318", "event": "checkpoint:heartbeat", "session_sec": 164129.3, "sec_since_checkpoint": 0.0, "store_size": 19381, "vnn_nodes": 39649, "vnn_archways": 149524, "detail": null}
{"ts": "2026-07-05T17:26:17.983253", "event": "checkpoint:heartbeat", "session_sec": 164731.0, "sec_since_checkpoint": 0.0, "store_size": 19381, "vnn_nodes": 39650, "vnn_archways": 149524, "detail": null}
{"ts": "2026-07-05T17:36:22.938930", "event": "checkpoint:heartbeat", "session_sec": 165336.0, "sec_since_checkpoint": 0.0, "store_size": 19381, "vnn_nodes": 39651, "vnn_archways": 149524, "detail": null}
{"ts": "2026-07-05T17:46:23.788799", "event": "checkpoint:heartbeat", "session_sec": 165936.8, "sec_since_checkpoint": 0.0, "store_size": 19381, "vnn_nodes": 39652, "vnn_archways": 149524, "detail": null}
{"ts": "2026-07-05T17:56:28.598703", "event": "checkpoint:heartbeat", "session_sec": 166541.6, "sec_since_checkpoint": 0.0, "store_size": 19381, "vnn_nodes": 39653, "vnn_archways": 149524, "detail": null}
{"ts": "2026-07-05T18:06:29.591906", "event": "checkpoint:heartbeat", "session_sec": 167142.6, "sec_since_checkpoint": 0.0, "store_size": 19381, "vnn_nodes": 39654, "vnn_archways": 149524, "detail": null}
{"ts": "2026-07-05T18:16:35.765812", "event": "checkpoint:heartbeat", "session_sec": 167748.8, "sec_since_checkpoint": 0.0, "store_size": 19381, "vnn_nodes": 39655, "vnn_archways": 149524, "detail": null}
{"ts": "2026-07-05T18:26:37.715652", "event": "checkpoint:heartbeat", "session_sec": 168350.8, "sec_since_checkpoint": 0.0, "store_size": 19381, "vnn_nodes": 39656, "vnn_archways": 149524, "detail": null}
{"ts": "2026-07-05T18:36:39.517935", "event": "checkpoint:heartbeat", "session_sec": 168952.6, "sec_since_checkpoint": 0.0, "store_size": 19381, "vnn_nodes": 39657, "vnn_archways": 149524, "detail": null}
{"ts": "2026-07-05T18:46:41.380299", "event": "checkpoint:heartbeat", "session_sec": 169554.4, "sec_since_checkpoint": 0.0, "store_size": 19381, "vnn_nodes": 39659, "vnn_archways": 149524, "detail": null}
{"ts": "2026-07-05T18:56:44.199832", "event": "checkpoint:heartbeat", "session_sec": 170157.2, "sec_since_checkpoint": 0.0, "store_size": 19381, "vnn_nodes": 39660, "vnn_archways": 149524, "detail": null}
{"ts": "2026-07-05T19:06:49.686952", "event": "checkpoint:heartbeat", "session_sec": 170762.7, "sec_since_checkpoint": 0.0, "store_size": 19381, "vnn_nodes": 39661, "vnn_archways": 149524, "detail": null}
{"ts": "2026-07-05T19:16:53.227166", "event": "checkpoint:heartbeat", "session_sec": 171366.3, "sec_since_checkpoint": 0.0, "store_size": 19381, "vnn_nodes": 39662, "vnn_archways": 149524, "detail": null}
{"ts": "2026-07-05T19:26:55.080894", "event": "checkpoint:heartbeat", "session_sec": 171968.1, "sec_since_checkpoint": 0.0, "store_size": 19381, "vnn_nodes": 39663, "vnn_archways": 149524, "detail": null}
{"ts": "2026-07-05T19:36:55.921205", "event": "checkpoint:heartbeat", "session_sec": 172569.0, "sec_since_checkpoint": 0.0, "store_size": 19381, "vnn_nodes": 39665, "vnn_archways": 149524, "detail": null}
{"ts": "2026-07-05T19:46:57.767766", "event": "checkpoint:heartbeat", "session_sec": 173170.8, "sec_since_checkpoint": 0.0, "store_size": 19389, "vnn_nodes": 41205, "vnn_archways": 156118, "detail": null}
{"ts": "2026-07-05T19:57:11.476231", "event": "checkpoint:heartbeat", "session_sec": 173784.5, "sec_since_checkpoint": 0.0, "store_size": 19389, "vnn_nodes": 41215, "vnn_archways": 156118, "detail": null}
{"ts": "2026-07-05T20:07:47.914338", "event": "checkpoint:heartbeat", "session_sec": 174421.0, "sec_since_checkpoint": 0.0, "store_size": 19397, "vnn_nodes": 42274, "vnn_archways": 156382, "detail": null}
{"ts": "2026-07-05T20:17:51.159389", "event": "checkpoint:heartbeat", "session_sec": 175024.2, "sec_since_checkpoint": 0.0, "store_size": 19398, "vnn_nodes": 42670, "vnn_archways": 156454, "detail": null}
{"ts": "2026-07-05T20:27:54.861917", "event": "checkpoint:heartbeat", "session_sec": 175627.9, "sec_since_checkpoint": 0.0, "store_size": 19396, "vnn_nodes": 42670, "vnn_archways": 156454, "detail": null}
{"ts": "2026-07-05T20:37:56.668489", "event": "checkpoint:heartbeat", "session_sec": 176229.7, "sec_since_checkpoint": 0.0, "store_size": 19399, "vnn_nodes": 42679, "vnn_archways": 156508, "detail": null}
{"ts": "2026-07-05T20:48:16.016400", "event": "checkpoint:heartbeat", "session_sec": 176849.1, "sec_since_checkpoint": 0.0, "store_size": 19403, "vnn_nodes": 43300, "vnn_archways": 156508, "detail": null}
{"ts": "2026-07-05T20:58:22.164665", "event": "checkpoint:heartbeat", "session_sec": 177455.2, "sec_since_checkpoint": 0.0, "store_size": 19405, "vnn_nodes": 43300, "vnn_archways": 156508, "detail": null}
{"ts": "2026-07-05T21:08:24.025948", "event": "checkpoint:heartbeat", "session_sec": 178057.1, "sec_since_checkpoint": 0.0, "store_size": 19412, "vnn_nodes": 43360, "vnn_archways": 156508, "detail": null}
{"ts": "2026-07-05T21:18:24.520754", "event": "checkpoint:heartbeat", "session_sec": 178657.6, "sec_since_checkpoint": 0.0, "store_size": 19410, "vnn_nodes": 43368, "vnn_archways": 156556, "detail": null}
{"ts": "2026-07-05T21:28:26.974965", "event": "checkpoint:heartbeat", "session_sec": 179260.0, "sec_since_checkpoint": 0.0, "store_size": 19412, "vnn_nodes": 44414, "vnn_archways": 162820, "detail": null}
{"ts": "2026-07-05T21:38:49.153909", "event": "checkpoint:heartbeat", "session_sec": 179882.2, "sec_since_checkpoint": 0.0, "store_size": 19418, "vnn_nodes": 44501, "vnn_archways": 163342, "detail": null}
{"ts": "2026-07-05T21:48:51.563367", "event": "checkpoint:heartbeat", "session_sec": 180484.6, "sec_since_checkpoint": 0.0, "store_size": 19417, "vnn_nodes": 44663, "vnn_archways": 163342, "detail": null}
{"ts": "2026-07-05T21:58:57.068600", "event": "checkpoint:heartbeat", "session_sec": 181090.1, "sec_since_checkpoint": 0.0, "store_size": 19421, "vnn_nodes": 44663, "vnn_archways": 163342, "detail": null}
{"ts": "2026-07-05T22:09:00.058528", "event": "checkpoint:heartbeat", "session_sec": 181693.1, "sec_since_checkpoint": 0.0, "store_size": 19424, "vnn_nodes": 44663, "vnn_archways": 163342, "detail": null}
{"ts": "2026-07-05T22:19:02.335715", "event": "checkpoint:heartbeat", "session_sec": 182295.4, "sec_since_checkpoint": 0.0, "store_size": 19427, "vnn_nodes": 44761, "vnn_archways": 163462, "detail": null}
{"ts": "2026-07-05T22:29:04.381916", "event": "checkpoint:heartbeat", "session_sec": 182897.4, "sec_since_checkpoint": 0.0, "store_size": 19432, "vnn_nodes": 44763, "vnn_archways": 163462, "detail": null}
{"ts": "2026-07-05T22:39:07.120196", "event": "checkpoint:heartbeat", "session_sec": 183500.2, "sec_since_checkpoint": 0.0, "store_size": 19432, "vnn_nodes": 45807, "vnn_archways": 163462, "detail": null}
{"ts": "2026-07-05T22:49:09.856741", "event": "checkpoint:heartbeat", "session_sec": 184102.9, "sec_since_checkpoint": 0.0, "store_size": 19434, "vnn_nodes": 45807, "vnn_archways": 163462, "detail": null}
{"ts": "2026-07-05T22:59:10.559374", "event": "checkpoint:heartbeat", "session_sec": 184703.6, "sec_since_checkpoint": 0.0, "store_size": 19434, "vnn_nodes": 45807, "vnn_archways": 163462, "detail": null}
{"ts": "2026-07-05T23:09:13.084800", "event": "checkpoint:heartbeat", "session_sec": 185306.1, "sec_since_checkpoint": 0.0, "store_size": 19443, "vnn_nodes": 45807, "vnn_archways": 163462, "detail": null}
{"ts": "2026-07-05T23:19:17.964864", "event": "checkpoint:heartbeat", "session_sec": 185911.0, "sec_since_checkpoint": 0.0, "store_size": 19440, "vnn_nodes": 45807, "vnn_archways": 163462, "detail": null}
{"ts": "2026-07-05T23:29:19.394520", "event": "checkpoint:heartbeat", "session_sec": 186512.4, "sec_since_checkpoint": 0.0, "store_size": 19441, "vnn_nodes": 45807, "vnn_archways": 163462, "detail": null}
{"ts": "2026-07-05T23:39:22.440267", "event": "checkpoint:heartbeat", "session_sec": 187115.5, "sec_since_checkpoint": 0.0, "store_size": 19442, "vnn_nodes": 45808, "vnn_archways": 163468, "detail": null}
{"ts": "2026-07-05T23:49:25.821947", "event": "checkpoint:heartbeat", "session_sec": 187718.9, "sec_since_checkpoint": 0.0, "store_size": 19441, "vnn_nodes": 45808, "vnn_archways": 163468, "detail": null}
{"ts": "2026-07-05T23:59:27.696940", "event": "checkpoint:heartbeat", "session_sec": 188320.7, "sec_since_checkpoint": 0.0, "store_size": 19447, "vnn_nodes": 45809, "vnn_archways": 163468, "detail": null}
{"ts": "2026-07-06T00:09:32.914396", "event": "checkpoint:heartbeat", "session_sec": 188926.0, "sec_since_checkpoint": 0.0, "store_size": 19450, "vnn_nodes": 45812, "vnn_archways": 163468, "detail": null}
{"ts": "2026-07-06T00:19:37.335881", "event": "checkpoint:heartbeat", "session_sec": 189530.4, "sec_since_checkpoint": 0.0, "store_size": 19453, "vnn_nodes": 45863, "vnn_archways": 163540, "detail": null}
{"ts": "2026-07-06T00:29:43.469441", "event": "checkpoint:heartbeat", "session_sec": 190136.5, "sec_since_checkpoint": 0.0, "store_size": 19456, "vnn_nodes": 45863, "vnn_archways": 163540, "detail": null}
{"ts": "2026-07-06T00:39:45.939377", "event": "checkpoint:heartbeat", "session_sec": 190739.0, "sec_since_checkpoint": 0.0, "store_size": 19459, "vnn_nodes": 45863, "vnn_archways": 163540, "detail": null}
{"ts": "2026-07-06T00:49:46.571188", "event": "checkpoint:heartbeat", "session_sec": 191339.6, "sec_since_checkpoint": 0.0, "store_size": 19456, "vnn_nodes": 45863, "vnn_archways": 163540, "detail": null}
{"ts": "2026-07-06T00:59:53.565338", "event": "checkpoint:heartbeat", "session_sec": 191946.6, "sec_since_checkpoint": 0.0, "store_size": 19460, "vnn_nodes": 45863, "vnn_archways": 163540, "detail": null}
{"ts": "2026-07-06T01:09:56.308330", "event": "checkpoint:heartbeat", "session_sec": 192549.3, "sec_since_checkpoint": 0.0, "store_size": 19460, "vnn_nodes": 45864, "vnn_archways": 163546, "detail": null}
{"ts": "2026-07-06T01:19:57.130892", "event": "checkpoint:heartbeat", "session_sec": 193150.2, "sec_since_checkpoint": 0.0, "store_size": 19462, "vnn_nodes": 45864, "vnn_archways": 163546, "detail": null}
{"ts": "2026-07-06T01:29:59.568495", "event": "checkpoint:heartbeat", "session_sec": 193752.6, "sec_since_checkpoint": 0.0, "store_size": 19466, "vnn_nodes": 45876, "vnn_archways": 163618, "detail": null}
{"ts": "2026-07-06T01:40:01.257145", "event": "checkpoint:heartbeat", "session_sec": 194354.3, "sec_since_checkpoint": 0.0, "store_size": 19465, "vnn_nodes": 45876, "vnn_archways": 163618, "detail": null}
{"ts": "2026-07-06T01:50:07.102244", "event": "checkpoint:heartbeat", "session_sec": 194960.1, "sec_since_checkpoint": 0.0, "store_size": 19466, "vnn_nodes": 46003, "vnn_archways": 163618, "detail": null}
{"ts": "2026-07-06T02:00:11.031130", "event": "checkpoint:heartbeat", "session_sec": 195564.1, "sec_since_checkpoint": 0.0, "store_size": 19471, "vnn_nodes": 46003, "vnn_archways": 163618, "detail": null}
{"ts": "2026-07-06T02:10:12.291034", "event": "checkpoint:heartbeat", "session_sec": 196165.3, "sec_since_checkpoint": 0.0, "store_size": 19472, "vnn_nodes": 46063, "vnn_archways": 163672, "detail": null}
{"ts": "2026-07-06T02:20:12.979684", "event": "checkpoint:heartbeat", "session_sec": 196766.0, "sec_since_checkpoint": 0.0, "store_size": 19472, "vnn_nodes": 46063, "vnn_archways": 163672, "detail": null}
{"ts": "2026-07-06T02:30:17.125967", "event": "checkpoint:heartbeat", "session_sec": 197370.2, "sec_since_checkpoint": 0.0, "store_size": 19475, "vnn_nodes": 46071, "vnn_archways": 163672, "detail": null}
{"ts": "2026-07-06T02:40:36.803095", "event": "checkpoint:heartbeat", "session_sec": 197989.8, "sec_since_checkpoint": 0.0, "store_size": 19477, "vnn_nodes": 46071, "vnn_archways": 163672, "detail": null}
{"ts": "2026-07-06T02:50:42.789520", "event": "checkpoint:heartbeat", "session_sec": 198595.8, "sec_since_checkpoint": 0.0, "store_size": 19476, "vnn_nodes": 46071, "vnn_archways": 163672, "detail": null}
{"ts": "2026-07-06T03:00:46.315305", "event": "checkpoint:heartbeat", "session_sec": 199199.4, "sec_since_checkpoint": 0.0, "store_size": 19477, "vnn_nodes": 46071, "vnn_archways": 163672, "detail": null}
{"ts": "2026-07-06T03:10:50.052147", "event": "checkpoint:heartbeat", "session_sec": 199803.1, "sec_since_checkpoint": 0.0, "store_size": 19478, "vnn_nodes": 46071, "vnn_archways": 163672, "detail": null}
{"ts": "2026-07-06T03:20:52.437644", "event": "checkpoint:heartbeat", "session_sec": 200405.5, "sec_since_checkpoint": 0.0, "store_size": 19481, "vnn_nodes": 46071, "vnn_archways": 163672, "detail": null}
{"ts": "2026-07-06T03:30:57.430447", "event": "checkpoint:heartbeat", "session_sec": 201010.5, "sec_since_checkpoint": 0.0, "store_size": 19483, "vnn_nodes": 46072, "vnn_archways": 163672, "detail": null}
{"ts": "2026-07-06T03:41:01.138228", "event": "checkpoint:heartbeat", "session_sec": 201614.2, "sec_since_checkpoint": 0.0, "store_size": 19483, "vnn_nodes": 46073, "vnn_archways": 163672, "detail": null}
{"ts": "2026-07-06T03:51:03.620031", "event": "checkpoint:heartbeat", "session_sec": 202216.7, "sec_since_checkpoint": 0.0, "store_size": 19484, "vnn_nodes": 46073, "vnn_archways": 163672, "detail": null}
{"ts": "2026-07-06T04:01:05.462521", "event": "checkpoint:heartbeat", "session_sec": 202818.5, "sec_since_checkpoint": 0.0, "store_size": 19487, "vnn_nodes": 46073, "vnn_archways": 163672, "detail": null}
{"ts": "2026-07-06T04:11:05.998725", "event": "checkpoint:heartbeat", "session_sec": 203419.0, "sec_since_checkpoint": 0.0, "store_size": 19491, "vnn_nodes": 46073, "vnn_archways": 163672, "detail": null}
{"ts": "2026-07-06T04:21:07.986149", "event": "checkpoint:heartbeat", "session_sec": 204021.0, "sec_since_checkpoint": 0.0, "store_size": 19490, "vnn_nodes": 46073, "vnn_archways": 163672, "detail": null}
{"ts": "2026-07-06T04:31:11.691564", "event": "checkpoint:heartbeat", "session_sec": 204624.7, "sec_since_checkpoint": 0.0, "store_size": 19493, "vnn_nodes": 46073, "vnn_archways": 163672, "detail": null}
{"ts": "2026-07-06T04:41:13.902410", "event": "checkpoint:heartbeat", "session_sec": 205226.9, "sec_since_checkpoint": 0.0, "store_size": 19497, "vnn_nodes": 46076, "vnn_archways": 163672, "detail": null}
{"ts": "2026-07-06T04:51:17.478949", "event": "checkpoint:heartbeat", "session_sec": 205830.5, "sec_since_checkpoint": 0.0, "store_size": 19502, "vnn_nodes": 46076, "vnn_archways": 163672, "detail": null}
{"ts": "2026-07-06T05:01:22.970682", "event": "checkpoint:heartbeat", "session_sec": 206436.0, "sec_since_checkpoint": 0.0, "store_size": 19500, "vnn_nodes": 46099, "vnn_archways": 163804, "detail": null}
{"ts": "2026-07-06T05:11:28.846210", "event": "checkpoint:heartbeat", "session_sec": 207041.9, "sec_since_checkpoint": 0.0, "store_size": 19499, "vnn_nodes": 46104, "vnn_archways": 163834, "detail": null}
{"ts": "2026-07-06T05:21:29.823384", "event": "checkpoint:heartbeat", "session_sec": 207642.9, "sec_since_checkpoint": 0.0, "store_size": 19499, "vnn_nodes": 46111, "vnn_archways": 163846, "detail": null}
{"ts": "2026-07-06T05:31:33.400588", "event": "checkpoint:heartbeat", "session_sec": 208246.4, "sec_since_checkpoint": 0.0, "store_size": 19503, "vnn_nodes": 46136, "vnn_archways": 163966, "detail": null}
{"ts": "2026-07-06T05:41:35.629154", "event": "checkpoint:heartbeat", "session_sec": 208848.7, "sec_since_checkpoint": 0.0, "store_size": 19501, "vnn_nodes": 46137, "vnn_archways": 163972, "detail": null}
{"ts": "2026-07-06T05:51:38.745289", "event": "checkpoint:heartbeat", "session_sec": 209451.8, "sec_since_checkpoint": 0.0, "store_size": 19501, "vnn_nodes": 46142, "vnn_archways": 163978, "detail": null}
{"ts": "2026-07-06T06:01:40.709538", "event": "checkpoint:heartbeat", "session_sec": 210053.7, "sec_since_checkpoint": 0.0, "store_size": 19505, "vnn_nodes": 46142, "vnn_archways": 163978, "detail": null}
{"ts": "2026-07-06T06:11:43.858482", "event": "checkpoint:heartbeat", "session_sec": 210656.9, "sec_since_checkpoint": 0.0, "store_size": 19507, "vnn_nodes": 46154, "vnn_archways": 164050, "detail": null}
{"ts": "2026-07-06T06:21:49.443760", "event": "checkpoint:heartbeat", "session_sec": 211262.5, "sec_since_checkpoint": 0.0, "store_size": 19507, "vnn_nodes": 46159, "vnn_archways": 164068, "detail": null}
{"ts": "2026-07-06T06:31:50.719371", "event": "checkpoint:heartbeat", "session_sec": 211863.8, "sec_since_checkpoint": 0.0, "store_size": 19510, "vnn_nodes": 46176, "vnn_archways": 164164, "detail": null}
{"ts": "2026-07-06T06:41:57.038144", "event": "checkpoint:heartbeat", "session_sec": 212470.1, "sec_since_checkpoint": 0.0, "store_size": 19514, "vnn_nodes": 46192, "vnn_archways": 164164, "detail": null}
{"ts": "2026-07-06T06:52:01.514459", "event": "checkpoint:heartbeat", "session_sec": 213074.6, "sec_since_checkpoint": 0.0, "store_size": 19513, "vnn_nodes": 46192, "vnn_archways": 164164, "detail": null}
{"ts": "2026-07-06T07:02:07.875903", "event": "checkpoint:heartbeat", "session_sec": 213680.9, "sec_since_checkpoint": 0.0, "store_size": 19516, "vnn_nodes": 46206, "vnn_archways": 164164, "detail": null}
{"ts": "2026-07-06T07:12:10.087457", "event": "checkpoint:heartbeat", "session_sec": 214283.1, "sec_since_checkpoint": 0.0, "store_size": 19518, "vnn_nodes": 46213, "vnn_archways": 164164, "detail": null}
{"ts": "2026-07-06T07:22:11.947493", "event": "checkpoint:heartbeat", "session_sec": 214885.0, "sec_since_checkpoint": 0.0, "store_size": 19529, "vnn_nodes": 46216, "vnn_archways": 164164, "detail": null}
{"ts": "2026-07-06T07:32:13.340020", "event": "checkpoint:heartbeat", "session_sec": 215486.4, "sec_since_checkpoint": 0.0, "store_size": 19551, "vnn_nodes": 46216, "vnn_archways": 164164, "detail": null}
{"ts": "2026-07-06T07:42:19.365537", "event": "checkpoint:heartbeat", "session_sec": 216092.4, "sec_since_checkpoint": 0.0, "store_size": 19572, "vnn_nodes": 46216, "vnn_archways": 164164, "detail": null}
{"ts": "2026-07-06T07:52:20.143741", "event": "checkpoint:heartbeat", "session_sec": 216693.2, "sec_since_checkpoint": 0.0, "store_size": 19600, "vnn_nodes": 46216, "vnn_archways": 164164, "detail": null}
{"ts": "2026-07-06T08:02:23.363142", "event": "checkpoint:heartbeat", "session_sec": 217296.4, "sec_since_checkpoint": 0.0, "store_size": 19645, "vnn_nodes": 46217, "vnn_archways": 164164, "detail": null}
{"ts": "2026-07-06T08:12:24.950957", "event": "checkpoint:heartbeat", "session_sec": 217898.0, "sec_since_checkpoint": 0.0, "store_size": 19746, "vnn_nodes": 46223, "vnn_archways": 164164, "detail": null}
{"ts": "2026-07-06T08:22:29.211106", "event": "checkpoint:heartbeat", "session_sec": 218502.2, "sec_since_checkpoint": 0.0, "store_size": 19847, "vnn_nodes": 46225, "vnn_archways": 164164, "detail": null}
{"ts": "2026-07-06T08:32:31.999820", "event": "checkpoint:heartbeat", "session_sec": 219105.0, "sec_since_checkpoint": 0.0, "store_size": 19950, "vnn_nodes": 46227, "vnn_archways": 164164, "detail": null}
{"ts": "2026-07-06T08:42:33.282241", "event": "checkpoint:heartbeat", "session_sec": 219706.3, "sec_since_checkpoint": 0.0, "store_size": 20054, "vnn_nodes": 46229, "vnn_archways": 164164, "detail": null}
{"ts": "2026-07-06T08:52:34.023931", "event": "checkpoint:heartbeat", "session_sec": 220307.1, "sec_since_checkpoint": 0.0, "store_size": 20157, "vnn_nodes": 46231, "vnn_archways": 164164, "detail": null}
{"ts": "2026-07-06T09:02:36.140749", "event": "checkpoint:heartbeat", "session_sec": 220909.2, "sec_since_checkpoint": 0.0, "store_size": 20258, "vnn_nodes": 46233, "vnn_archways": 164164, "detail": null}
{"ts": "2026-07-06T09:12:42.175651", "event": "checkpoint:heartbeat", "session_sec": 221515.2, "sec_since_checkpoint": 0.0, "store_size": 20360, "vnn_nodes": 46235, "vnn_archways": 164164, "detail": null}
{"ts": "2026-07-06T09:22:45.797341", "event": "checkpoint:heartbeat", "session_sec": 222118.8, "sec_since_checkpoint": 0.0, "store_size": 20462, "vnn_nodes": 46237, "vnn_archways": 164164, "detail": null}
{"ts": "2026-07-06T09:32:48.464836", "event": "checkpoint:heartbeat", "session_sec": 222721.5, "sec_since_checkpoint": 0.0, "store_size": 20563, "vnn_nodes": 46238, "vnn_archways": 164164, "detail": null}
{"ts": "2026-07-06T09:42:50.224728", "event": "checkpoint:heartbeat", "session_sec": 223323.3, "sec_since_checkpoint": 0.0, "store_size": 20664, "vnn_nodes": 46240, "vnn_archways": 164164, "detail": null}
{"ts": "2026-07-06T09:52:50.938379", "event": "checkpoint:heartbeat", "session_sec": 223924.0, "sec_since_checkpoint": 0.0, "store_size": 20767, "vnn_nodes": 46242, "vnn_archways": 164164, "detail": null}
{"ts": "2026-07-06T10:02:58.245452", "event": "checkpoint:heartbeat", "session_sec": 224531.3, "sec_since_checkpoint": 0.0, "store_size": 20867, "vnn_nodes": 46243, "vnn_archways": 164164, "detail": null}
{"ts": "2026-07-06T10:13:00.996712", "event": "checkpoint:heartbeat", "session_sec": 225134.0, "sec_since_checkpoint": 0.0, "store_size": 20957, "vnn_nodes": 46244, "vnn_archways": 164164, "detail": null}
{"ts": "2026-07-06T10:23:04.587886", "event": "checkpoint:heartbeat", "session_sec": 225737.6, "sec_since_checkpoint": 0.0, "store_size": 21058, "vnn_nodes": 46244, "vnn_archways": 164164, "detail": null}
{"ts": "2026-07-06T10:33:05.817560", "event": "checkpoint:heartbeat", "session_sec": 226338.9, "sec_since_checkpoint": 0.0, "store_size": 21157, "vnn_nodes": 46244, "vnn_archways": 164164, "detail": null}
{"ts": "2026-07-06T10:43:13.662046", "event": "checkpoint:heartbeat", "session_sec": 226946.7, "sec_since_checkpoint": 0.0, "store_size": 21259, "vnn_nodes": 46244, "vnn_archways": 164164, "detail": null}
{"ts": "2026-07-06T10:53:15.771134", "event": "checkpoint:heartbeat", "session_sec": 227548.8, "sec_since_checkpoint": 0.0, "store_size": 21367, "vnn_nodes": 46244, "vnn_archways": 164164, "detail": null}
{"ts": "2026-07-06T11:03:16.770885", "event": "checkpoint:heartbeat", "session_sec": 228149.8, "sec_since_checkpoint": 0.0, "store_size": 21470, "vnn_nodes": 46244, "vnn_archways": 164164, "detail": null}
{"ts": "2026-07-06T11:13:20.932784", "event": "checkpoint:heartbeat", "session_sec": 228754.0, "sec_since_checkpoint": 0.0, "store_size": 21568, "vnn_nodes": 46244, "vnn_archways": 164164, "detail": null}
{"ts": "2026-07-06T11:23:21.662826", "event": "checkpoint:heartbeat", "session_sec": 229354.7, "sec_since_checkpoint": 0.0, "store_size": 21668, "vnn_nodes": 46244, "vnn_archways": 164164, "detail": null}
{"ts": "2026-07-06T11:33:24.145567", "event": "checkpoint:heartbeat", "session_sec": 229957.2, "sec_since_checkpoint": 0.0, "store_size": 21764, "vnn_nodes": 46244, "vnn_archways": 164164, "detail": null}
{"ts": "2026-07-06T11:43:26.400554", "event": "checkpoint:heartbeat", "session_sec": 230559.4, "sec_since_checkpoint": 0.0, "store_size": 21870, "vnn_nodes": 46244, "vnn_archways": 164164, "detail": null}
{"ts": "2026-07-06T11:53:29.137303", "event": "checkpoint:heartbeat", "session_sec": 231162.2, "sec_since_checkpoint": 0.0, "store_size": 21969, "vnn_nodes": 46244, "vnn_archways": 164164, "detail": null}
{"ts": "2026-07-06T12:03:30.734444", "event": "checkpoint:heartbeat", "session_sec": 231763.8, "sec_since_checkpoint": 0.0, "store_size": 22069, "vnn_nodes": 46244, "vnn_archways": 164164, "detail": null}
{"ts": "2026-07-06T12:13:32.930916", "event": "checkpoint:heartbeat", "session_sec": 232366.0, "sec_since_checkpoint": 0.0, "store_size": 22167, "vnn_nodes": 46244, "vnn_archways": 164164, "detail": null}
{"ts": "2026-07-06T12:23:13.107265", "event": "preserve:finally", "session_sec": 232946.1, "sec_since_checkpoint": 580.2, "store_size": 22236, "vnn_nodes": 46244, "vnn_archways": 164164, "detail": null}
{"ts": "2026-07-06T19:37:46.202105", "event": "session_start", "session_sec": 0.0, "sec_since_checkpoint": 0.0, "store_size": 0, "vnn_nodes": 0, "vnn_archways": 0, "detail": null}
{"ts": "2026-07-06T19:47:46.360752", "event": "checkpoint:heartbeat", "session_sec": 600.2, "sec_since_checkpoint": 0.0, "store_size": 355, "vnn_nodes": 2824, "vnn_archways": 12466, "detail": null}
{"ts": "2026-07-06T19:57:46.566202", "event": "checkpoint:heartbeat", "session_sec": 1200.4, "sec_since_checkpoint": 0.0, "store_size": 589, "vnn_nodes": 2825, "vnn_archways": 12466, "detail": null}
{"ts": "2026-07-06T20:07:46.872622", "event": "checkpoint:heartbeat", "session_sec": 1800.7, "sec_since_checkpoint": 0.0, "store_size": 685, "vnn_nodes": 3868, "vnn_archways": 17006, "detail": null}
{"ts": "2026-07-06T20:13:57.357342", "event": "preserve:finally", "session_sec": 2171.2, "sec_since_checkpoint": 370.5, "store_size": 797, "vnn_nodes": 3924, "vnn_archways": 17296, "detail": null}
{"ts": "2026-07-07T12:16:42.567464", "event": "session_start", "session_sec": 0.0, "sec_since_checkpoint": 0.0, "store_size": 797, "vnn_nodes": 3924, "vnn_archways": 17296, "detail": null}
{"ts": "2026-07-07T12:26:42.786480", "event": "checkpoint:heartbeat", "session_sec": 600.2, "sec_since_checkpoint": 0.0, "store_size": 1006, "vnn_nodes": 5967, "vnn_archways": 25494, "detail": null}
{"ts": "2026-07-07T12:32:05.815801", "event": "preserve:finally", "session_sec": 923.2, "sec_since_checkpoint": 323.0, "store_size": 1200, "vnn_nodes": 6099, "vnn_archways": 26206, "detail": null}
{"ts": "2026-07-07T12:32:21.686976", "event": "session_start", "session_sec": 0.0, "sec_since_checkpoint": 0.0, "store_size": 0, "vnn_nodes": 0, "vnn_archways": 0, "detail": null}
{"ts": "2026-07-07T12:36:18.766971", "event": "preserve:finally", "session_sec": 237.1, "sec_since_checkpoint": 237.1, "store_size": 163, "vnn_nodes": 795, "vnn_archways": 4358, "detail": null}
{"ts": "2026-07-07T12:38:36.979148", "event": "session_start", "session_sec": 0.0, "sec_since_checkpoint": 0.0, "store_size": 163, "vnn_nodes": 795, "vnn_archways": 4358, "detail": null}
{"ts": "2026-07-07T12:46:33.339163", "event": "preserve:finally", "session_sec": 476.4, "sec_since_checkpoint": 476.4, "store_size": 300, "vnn_nodes": 1249, "vnn_archways": 6304, "detail": null}
{"ts": "2026-07-07T12:51:18.840394", "event": "session_start", "session_sec": 0.0, "sec_since_checkpoint": 0.0, "store_size": 300, "vnn_nodes": 1249, "vnn_archways": 6304, "detail": null}
{"ts": "2026-07-07T13:01:18.912266", "event": "checkpoint:heartbeat", "session_sec": 600.1, "sec_since_checkpoint": 0.0, "store_size": 763, "vnn_nodes": 3099, "vnn_archways": 12608, "detail": null}
{"ts": "2026-07-07T13:06:51.107105", "event": "preserve:finally", "session_sec": 932.3, "sec_since_checkpoint": 332.2, "store_size": 749, "vnn_nodes": 3136, "vnn_archways": 12780, "detail": null}
{"ts": "2026-07-07T13:18:13.962159", "event": "session_start", "session_sec": 0.0, "sec_since_checkpoint": 0.0, "store_size": 749, "vnn_nodes": 3136, "vnn_archways": 12780, "detail": null}
{"ts": "2026-07-07T13:28:14.034759", "event": "checkpoint:heartbeat", "session_sec": 600.1, "sec_since_checkpoint": 0.0, "store_size": 811, "vnn_nodes": 3771, "vnn_archways": 15248, "detail": null}
{"ts": "2026-07-07T13:38:14.404596", "event": "checkpoint:heartbeat", "session_sec": 1200.4, "sec_since_checkpoint": 0.0, "store_size": 830, "vnn_nodes": 4228, "vnn_archways": 17250, "detail": null}
{"ts": "2026-07-07T13:48:14.593499", "event": "checkpoint:heartbeat", "session_sec": 1800.6, "sec_since_checkpoint": 0.0, "store_size": 834, "vnn_nodes": 4395, "vnn_archways": 17984, "detail": null}
{"ts": "2026-07-07T13:58:14.736290", "event": "checkpoint:heartbeat", "session_sec": 2400.8, "sec_since_checkpoint": 0.0, "store_size": 839, "vnn_nodes": 4571, "vnn_archways": 19082, "detail": null}
{"ts": "2026-07-07T14:08:15.141216", "event": "checkpoint:heartbeat", "session_sec": 3001.2, "sec_since_checkpoint": 0.0, "store_size": 850, "vnn_nodes": 4998, "vnn_archways": 21154, "detail": null}
{"ts": "2026-07-07T14:18:15.702701", "event": "checkpoint:heartbeat", "session_sec": 3601.7, "sec_since_checkpoint": 0.0, "store_size": 853, "vnn_nodes": 5341, "vnn_archways": 22164, "detail": null}
{"ts": "2026-07-07T14:26:13.911427", "event": "preserve:finally", "session_sec": 4079.9, "sec_since_checkpoint": 478.2, "store_size": 979, "vnn_nodes": 5436, "vnn_archways": 22286, "detail": null}
{"ts": "2026-07-08T13:46:54.710634", "event": "session_start", "session_sec": 0.0, "sec_since_checkpoint": 0.0, "store_size": 0, "vnn_nodes": 0, "vnn_archways": 0, "detail": null}
{"ts": "2026-07-08T13:50:16.861329", "event": "preserve:finally", "session_sec": 202.2, "sec_since_checkpoint": 202.2, "store_size": 71, "vnn_nodes": 1201, "vnn_archways": 7292, "detail": null}
{"ts": "2026-07-08T14:12:58.708361", "event": "session_start", "session_sec": 0.0, "sec_since_checkpoint": 0.0, "store_size": 71, "vnn_nodes": 1201, "vnn_archways": 7292, "detail": null}
{"ts": "2026-07-08T14:19:16.491176", "event": "preserve:finally", "session_sec": 377.8, "sec_since_checkpoint": 377.8, "store_size": 135, "vnn_nodes": 3431, "vnn_archways": 16922, "detail": null}
{"ts": "2026-07-08T15:51:42.463451", "event": "session_start", "session_sec": 0.0, "sec_since_checkpoint": 0.0, "store_size": 135, "vnn_nodes": 3431, "vnn_archways": 16922, "detail": null}
{"ts": "2026-07-08T15:54:16.196533", "event": "preserve:finally", "session_sec": 153.7, "sec_since_checkpoint": 153.7, "store_size": 280, "vnn_nodes": 4214, "vnn_archways": 21708, "detail": null}
{"ts": "2026-07-08T16:52:39.740188", "event": "session_start", "session_sec": 0.0, "sec_since_checkpoint": 0.0, "store_size": 280, "vnn_nodes": 4214, "vnn_archways": 21708, "detail": null}
{"ts": "2026-07-08T17:02:39.912718", "event": "checkpoint:heartbeat", "session_sec": 600.2, "sec_since_checkpoint": 0.0, "store_size": 541, "vnn_nodes": 4974, "vnn_archways": 25402, "detail": null}
{"ts": "2026-07-08T17:12:40.081590", "event": "checkpoint:heartbeat", "session_sec": 1200.3, "sec_since_checkpoint": 0.0, "store_size": 496, "vnn_nodes": 5218, "vnn_archways": 26248, "detail": null}
{"ts": "2026-07-08T17:22:40.188311", "event": "checkpoint:heartbeat", "session_sec": 1800.4, "sec_since_checkpoint": 0.0, "store_size": 640, "vnn_nodes": 5315, "vnn_archways": 26852, "detail": null}
{"ts": "2026-07-08T17:32:40.307024", "event": "checkpoint:heartbeat", "session_sec": 2400.6, "sec_since_checkpoint": 0.0, "store_size": 805, "vnn_nodes": 5316, "vnn_archways": 26852, "detail": null}
{"ts": "2026-07-08T17:34:19.886922", "event": "preserve:finally", "session_sec": 2500.1, "sec_since_checkpoint": 99.6, "store_size": 819, "vnn_nodes": 5317, "vnn_archways": 26852, "detail": null}
{"ts": "2026-07-08T17:54:23.316356", "event": "session_start", "session_sec": 0.0, "sec_since_checkpoint": 0.0, "store_size": 819, "vnn_nodes": 5317, "vnn_archways": 26852, "detail": null}
{"ts": "2026-07-08T17:58:51.241977", "event": "preserve:finally", "session_sec": 267.9, "sec_since_checkpoint": 267.9, "store_size": 879, "vnn_nodes": 5783, "vnn_archways": 29682, "detail": null}
{"ts": "2026-07-09T08:13:08.113474", "event": "session_start", "session_sec": 0.0, "sec_since_checkpoint": 0.0, "store_size": 0, "vnn_nodes": 0, "vnn_archways": 0, "detail": null}
{"ts": "2026-07-09T08:16:09.948440", "event": "preserve:finally", "session_sec": 181.8, "sec_since_checkpoint": 181.8, "store_size": 237, "vnn_nodes": 326, "vnn_archways": 1578, "detail": null}
{"ts": "2026-07-09T10:24:31.962414", "event": "session_start", "session_sec": 0.0, "sec_since_checkpoint": 0.0, "store_size": 237, "vnn_nodes": 326, "vnn_archways": 1578, "detail": null}
{"ts": "2026-07-09T10:34:32.081156", "event": "checkpoint:heartbeat", "session_sec": 600.1, "sec_since_checkpoint": 0.0, "store_size": 568, "vnn_nodes": 4410, "vnn_archways": 20320, "detail": null}
{"ts": "2026-07-09T10:44:32.133110", "event": "checkpoint:heartbeat", "session_sec": 1200.2, "sec_since_checkpoint": 0.0, "store_size": 518, "vnn_nodes": 4612, "vnn_archways": 21200, "detail": null}
{"ts": "2026-07-09T10:49:08.836965", "event": "preserve:finally", "session_sec": 1476.9, "sec_since_checkpoint": 276.7, "store_size": 589, "vnn_nodes": 5999, "vnn_archways": 29506, "detail": null}
{"ts": "2026-07-09T12:05:15.780137", "event": "session_start", "session_sec": 0.0, "sec_since_checkpoint": 0.0, "store_size": 589, "vnn_nodes": 5999, "vnn_archways": 29506, "detail": null}
{"ts": "2026-07-09T12:08:16.989425", "event": "preserve:finally", "session_sec": 181.2, "sec_since_checkpoint": 181.2, "store_size": 695, "vnn_nodes": 6178, "vnn_archways": 30558, "detail": null}
{"ts": "2026-07-09T12:18:32.490062", "event": "session_start", "session_sec": 0.0, "sec_since_checkpoint": 0.0, "store_size": 695, "vnn_nodes": 6178, "vnn_archways": 30558, "detail": null}
{"ts": "2026-07-09T12:18:50.766509", "event": "preserve:finally", "session_sec": 18.3, "sec_since_checkpoint": 18.3, "store_size": 699, "vnn_nodes": 6178, "vnn_archways": 30558, "detail": null}
{"ts": "2026-07-09T17:47:30.231643", "event": "session_start", "session_sec": 0.0, "sec_since_checkpoint": 0.0, "store_size": 0, "vnn_nodes": 0, "vnn_archways": 0, "detail": null}
{"ts": "2026-07-09T17:57:30.359262", "event": "checkpoint:heartbeat", "session_sec": 600.1, "sec_since_checkpoint": 0.0, "store_size": 182, "vnn_nodes": 1007, "vnn_archways": 4182, "detail": null}
{"ts": "2026-07-09T17:57:37.322299", "event": "preserve:finally", "session_sec": 607.1, "sec_since_checkpoint": 7.0, "store_size": 182, "vnn_nodes": 1007, "vnn_archways": 4182, "detail": null}
{"ts": "2026-07-09T18:30:07.494102", "event": "session_start", "session_sec": 0.0, "sec_since_checkpoint": 0.0, "store_size": 182, "vnn_nodes": 1007, "vnn_archways": 4182, "detail": null}
{"ts": "2026-07-09T18:31:36.807414", "event": "preserve:finally", "session_sec": 89.3, "sec_since_checkpoint": 89.3, "store_size": 215, "vnn_nodes": 1059, "vnn_archways": 4182, "detail": null}
{"ts": "2026-07-09T19:06:36.179647", "event": "session_start", "session_sec": 0.0, "sec_since_checkpoint": 0.0, "store_size": 215, "vnn_nodes": 1059, "vnn_archways": 4182, "detail": null}
{"ts": "2026-07-09T19:16:36.299329", "event": "checkpoint:heartbeat", "session_sec": 600.1, "sec_since_checkpoint": 0.0, "store_size": 1584, "vnn_nodes": 1071, "vnn_archways": 4194, "detail": null}
{"ts": "2026-07-09T19:20:13.722626", "event": "preserve:finally", "session_sec": 817.5, "sec_since_checkpoint": 217.4, "store_size": 1802, "vnn_nodes": 3321, "vnn_archways": 17086, "detail": null}
{"ts": "2026-07-09T20:07:47.162833", "event": "session_start", "session_sec": 0.0, "sec_since_checkpoint": 0.0, "store_size": 1802, "vnn_nodes": 3321, "vnn_archways": 17086, "detail": null}
{"ts": "2026-07-09T20:09:15.258379", "event": "preserve:finally", "session_sec": 88.1, "sec_since_checkpoint": 88.1, "store_size": 1812, "vnn_nodes": 3324, "vnn_archways": 17086, "detail": null}
{"ts": "2026-07-10T11:56:36.053497", "event": "session_start", "session_sec": 0.0, "sec_since_checkpoint": 0.0, "store_size": 0, "vnn_nodes": 0, "vnn_archways": 0, "detail": null}
{"ts": "2026-07-10T12:06:36.116472", "event": "checkpoint:heartbeat", "session_sec": 600.1, "sec_since_checkpoint": 0.0, "store_size": 5412, "vnn_nodes": 85, "vnn_archways": 242, "detail": null}
{"ts": "2026-07-10T12:16:36.160349", "event": "checkpoint:heartbeat", "session_sec": 1200.1, "sec_since_checkpoint": 0.0, "store_size": 5876, "vnn_nodes": 102, "vnn_archways": 242, "detail": null}
{"ts": "2026-07-10T12:26:36.762032", "event": "checkpoint:heartbeat", "session_sec": 1800.7, "sec_since_checkpoint": 0.0, "store_size": 6277, "vnn_nodes": 4404, "vnn_archways": 25174, "detail": null}
{"ts": "2026-07-10T12:36:37.949862", "event": "checkpoint:heartbeat", "session_sec": 2401.9, "sec_since_checkpoint": 0.0, "store_size": 6473, "vnn_nodes": 5722, "vnn_archways": 29472, "detail": null}
{"ts": "2026-07-10T12:46:39.968811", "event": "checkpoint:heartbeat", "session_sec": 3003.9, "sec_since_checkpoint": 0.0, "store_size": 6526, "vnn_nodes": 5792, "vnn_archways": 29544, "detail": null}
{"ts": "2026-07-10T12:56:42.937103", "event": "checkpoint:heartbeat", "session_sec": 3606.9, "sec_since_checkpoint": 0.0, "store_size": 6598, "vnn_nodes": 7224, "vnn_archways": 37260, "detail": null}
{"ts": "2026-07-10T13:06:43.274338", "event": "checkpoint:heartbeat", "session_sec": 4207.2, "sec_since_checkpoint": 0.0, "store_size": 6548, "vnn_nodes": 7227, "vnn_archways": 37274, "detail": null}
{"ts": "2026-07-10T13:16:43.802377", "event": "checkpoint:heartbeat", "session_sec": 4807.7, "sec_since_checkpoint": 0.0, "store_size": 6548, "vnn_nodes": 7235, "vnn_archways": 37338, "detail": null}
{"ts": "2026-07-10T13:26:47.091804", "event": "checkpoint:heartbeat", "session_sec": 5411.0, "sec_since_checkpoint": 0.0, "store_size": 6623, "vnn_nodes": 7277, "vnn_archways": 37430, "detail": null}
{"ts": "2026-07-10T13:36:47.194069", "event": "checkpoint:heartbeat", "session_sec": 6011.1, "sec_since_checkpoint": 0.0, "store_size": 6707, "vnn_nodes": 7293, "vnn_archways": 37430, "detail": null}
{"ts": "2026-07-10T13:46:47.840571", "event": "checkpoint:heartbeat", "session_sec": 6611.8, "sec_since_checkpoint": 0.0, "store_size": 6780, "vnn_nodes": 7294, "vnn_archways": 37430, "detail": null}
{"ts": "2026-07-10T13:56:48.225137", "event": "checkpoint:heartbeat", "session_sec": 7212.2, "sec_since_checkpoint": 0.0, "store_size": 6848, "vnn_nodes": 7294, "vnn_archways": 37430, "detail": null}
{"ts": "2026-07-10T14:06:48.512784", "event": "checkpoint:heartbeat", "session_sec": 7812.5, "sec_since_checkpoint": 0.0, "store_size": 6889, "vnn_nodes": 7294, "vnn_archways": 37430, "detail": null}
{"ts": "2026-07-10T14:16:50.417350", "event": "checkpoint:heartbeat", "session_sec": 8414.4, "sec_since_checkpoint": 0.0, "store_size": 6902, "vnn_nodes": 7294, "vnn_archways": 37430, "detail": null}
{"ts": "2026-07-10T14:26:51.543338", "event": "checkpoint:heartbeat", "session_sec": 9015.5, "sec_since_checkpoint": 0.0, "store_size": 6923, "vnn_nodes": 7294, "vnn_archways": 37430, "detail": null}
{"ts": "2026-07-10T14:36:51.968614", "event": "checkpoint:heartbeat", "session_sec": 9615.9, "sec_since_checkpoint": 0.0, "store_size": 6932, "vnn_nodes": 7294, "vnn_archways": 37430, "detail": null}
{"ts": "2026-07-10T14:46:53.061333", "event": "checkpoint:heartbeat", "session_sec": 10217.0, "sec_since_checkpoint": 0.0, "store_size": 6968, "vnn_nodes": 7295, "vnn_archways": 37430, "detail": null}
{"ts": "2026-07-10T14:56:54.273121", "event": "checkpoint:heartbeat", "session_sec": 10818.2, "sec_since_checkpoint": 0.0, "store_size": 6997, "vnn_nodes": 7296, "vnn_archways": 37430, "detail": null}
{"ts": "2026-07-10T15:06:54.676996", "event": "checkpoint:heartbeat", "session_sec": 11418.6, "sec_since_checkpoint": 0.0, "store_size": 7019, "vnn_nodes": 7296, "vnn_archways": 37430, "detail": null}
{"ts": "2026-07-10T15:16:54.909325", "event": "checkpoint:heartbeat", "session_sec": 12018.9, "sec_since_checkpoint": 0.0, "store_size": 7044, "vnn_nodes": 7297, "vnn_archways": 37430, "detail": null}
{"ts": "2026-07-10T15:26:55.195354", "event": "checkpoint:heartbeat", "session_sec": 12619.1, "sec_since_checkpoint": 0.0, "store_size": 7068, "vnn_nodes": 7299, "vnn_archways": 37430, "detail": null}
{"ts": "2026-07-10T15:36:55.761728", "event": "checkpoint:heartbeat", "session_sec": 13219.7, "sec_since_checkpoint": 0.0, "store_size": 7084, "vnn_nodes": 7300, "vnn_archways": 37430, "detail": null}
{"ts": "2026-07-10T15:46:56.928494", "event": "checkpoint:heartbeat", "session_sec": 13820.9, "sec_since_checkpoint": 0.0, "store_size": 7103, "vnn_nodes": 7301, "vnn_archways": 37430, "detail": null}
{"ts": "2026-07-10T15:56:57.235132", "event": "checkpoint:heartbeat", "session_sec": 14421.2, "sec_since_checkpoint": 0.0, "store_size": 7149, "vnn_nodes": 7303, "vnn_archways": 37430, "detail": null}
{"ts": "2026-07-10T16:06:57.440415", "event": "checkpoint:heartbeat", "session_sec": 15021.4, "sec_since_checkpoint": 0.0, "store_size": 7180, "vnn_nodes": 7306, "vnn_archways": 37430, "detail": null}
{"ts": "2026-07-10T16:16:57.616902", "event": "checkpoint:heartbeat", "session_sec": 15621.6, "sec_since_checkpoint": 0.0, "store_size": 7228, "vnn_nodes": 7308, "vnn_archways": 37430, "detail": null}
{"ts": "2026-07-10T16:26:57.899086", "event": "checkpoint:heartbeat", "session_sec": 16221.8, "sec_since_checkpoint": 0.0, "store_size": 7269, "vnn_nodes": 7311, "vnn_archways": 37430, "detail": null}
{"ts": "2026-07-10T16:36:58.162231", "event": "checkpoint:heartbeat", "session_sec": 16822.1, "sec_since_checkpoint": 0.0, "store_size": 7417, "vnn_nodes": 9220, "vnn_archways": 47056, "detail": null}
{"ts": "2026-07-10T16:46:58.441265", "event": "checkpoint:heartbeat", "session_sec": 17422.4, "sec_since_checkpoint": 0.0, "store_size": 7516, "vnn_nodes": 9222, "vnn_archways": 47056, "detail": null}
{"ts": "2026-07-10T16:57:44.284219", "event": "preserve:finally", "session_sec": 18068.2, "sec_since_checkpoint": 645.8, "store_size": 7595, "vnn_nodes": 9223, "vnn_archways": 47056, "detail": null}
{"ts": "2026-07-10T17:23:08.863832", "event": "session_start", "session_sec": 0.0, "sec_since_checkpoint": 0.0, "store_size": 0, "vnn_nodes": 0, "vnn_archways": 0, "detail": null}
{"ts": "2026-07-10T17:27:18.256058", "event": "preserve:finally", "session_sec": 249.4, "sec_since_checkpoint": 249.4, "store_size": 40, "vnn_nodes": 41, "vnn_archways": 40, "detail": null}
{"ts": "2026-07-10T18:25:09.800972", "event": "session_start", "session_sec": 0.0, "sec_since_checkpoint": 0.0, "store_size": 22236, "vnn_nodes": 46244, "vnn_archways": 164164, "detail": null}
{"ts": "2026-07-10T18:35:13.488908", "event": "checkpoint:heartbeat", "session_sec": 603.7, "sec_since_checkpoint": 0.0, "store_size": 22239, "vnn_nodes": 46253, "vnn_archways": 164164, "detail": null}
{"ts": "2026-07-10T18:45:16.610357", "event": "checkpoint:heartbeat", "session_sec": 1206.8, "sec_since_checkpoint": 0.0, "store_size": 22315, "vnn_nodes": 46310, "vnn_archways": 164176, "detail": null}
{"ts": "2026-07-10T18:58:32.786822", "event": "preserve:finally", "session_sec": 2003.0, "sec_since_checkpoint": 796.2, "store_size": 22351, "vnn_nodes": 46454, "vnn_archways": 164568, "detail": null}
{"ts": "2026-07-10T20:11:18.533790", "event": "session_start", "session_sec": 0.0, "sec_since_checkpoint": 0.0, "store_size": 0, "vnn_nodes": 0, "vnn_archways": 0, "detail": null}
{"ts": "2026-07-10T20:19:19.760116", "event": "preserve:finally", "session_sec": 481.2, "sec_since_checkpoint": 481.2, "store_size": 770, "vnn_nodes": 65, "vnn_archways": 140, "detail": null}
{"ts": "2026-07-10T20:28:14.811194", "event": "session_start", "session_sec": 0.0, "sec_since_checkpoint": 0.0, "store_size": 770, "vnn_nodes": 65, "vnn_archways": 140, "detail": null}
{"ts": "2026-07-10T20:28:26.410866", "event": "preserve:finally", "session_sec": 11.6, "sec_since_checkpoint": 11.6, "store_size": 780, "vnn_nodes": 66, "vnn_archways": 140, "detail": null}
{"ts": "2026-07-10T20:28:54.716976", "event": "session_start", "session_sec": 0.0, "sec_since_checkpoint": 0.0, "store_size": 780, "vnn_nodes": 66, "vnn_archways": 140, "detail": null}
{"ts": "2026-07-10T20:33:48.531526", "event": "preserve:finally", "session_sec": 293.8, "sec_since_checkpoint": 293.8, "store_size": 3713, "vnn_nodes": 73, "vnn_archways": 140, "detail": null}
{"ts": "2026-07-10T20:50:27.571203", "event": "session_start", "session_sec": 0.0, "sec_since_checkpoint": 0.0, "store_size": 3713, "vnn_nodes": 73, "vnn_archways": 140, "detail": null}
{"ts": "2026-07-10T21:50:27.647946", "event": "checkpoint:heartbeat", "session_sec": 3600.1, "sec_since_checkpoint": 0.0, "store_size": 6770, "vnn_nodes": 125, "vnn_archways": 348, "detail": null}
{"ts": "2026-07-10T22:21:10.930292", "event": "preserve:finally", "session_sec": 5443.4, "sec_since_checkpoint": 1843.3, "store_size": 7895, "vnn_nodes": 125, "vnn_archways": 348, "detail": null}
{"ts": "2026-07-11T08:14:45.286642", "event": "session_start", "session_sec": 0.0, "sec_since_checkpoint": 0.0, "store_size": 0, "vnn_nodes": 0, "vnn_archways": 0, "detail": null}
{"ts": "2026-07-11T08:15:38.753801", "event": "preserve:finally", "session_sec": 53.5, "sec_since_checkpoint": 53.5, "store_size": 136, "vnn_nodes": 43, "vnn_archways": 0, "detail": null}
{"ts": "2026-07-11T10:36:38.013110", "event": "session_start", "session_sec": 0.0, "sec_since_checkpoint": 0.0, "store_size": 136, "vnn_nodes": 43, "vnn_archways": 0, "detail": null}
{"ts": "2026-07-11T10:37:22.465180", "event": "preserve:finally", "session_sec": 44.5, "sec_since_checkpoint": 44.5, "store_size": 165, "vnn_nodes": 104, "vnn_archways": 0, "detail": null}
{"ts": "2026-07-11T15:41:48.330025", "event": "session_start", "session_sec": 0.0, "sec_since_checkpoint": 0.0, "store_size": 165, "vnn_nodes": 104, "vnn_archways": 0, "detail": null}
{"ts": "2026-07-11T15:44:02.261805", "event": "checkpoint:architect_manual", "session_sec": 133.9, "sec_since_checkpoint": 0.0, "store_size": 169, "vnn_nodes": 105, "vnn_archways": 0, "detail": null}
{"ts": "2026-07-11T15:46:23.195187", "event": "preserve:finally", "session_sec": 274.9, "sec_since_checkpoint": 140.9, "store_size": 1158, "vnn_nodes": 117, "vnn_archways": 36, "detail": null}
{"ts": "2026-07-11T15:47:51.860464", "event": "session_start", "session_sec": 0.0, "sec_since_checkpoint": 0.0, "store_size": 1158, "vnn_nodes": 117, "vnn_archways": 36, "detail": null}
{"ts": "2026-07-11T15:50:40.654408", "event": "preserve:finally", "session_sec": 168.8, "sec_since_checkpoint": 168.8, "store_size": 1316, "vnn_nodes": 124, "vnn_archways": 36, "detail": null}
{"ts": "2026-07-11T15:56:42.405105", "event": "session_start", "session_sec": 0.0, "sec_since_checkpoint": 0.0, "store_size": 1316, "vnn_nodes": 124, "vnn_archways": 36, "detail": null}
{"ts": "2026-07-11T15:57:11.799779", "event": "preserve:finally", "session_sec": 29.4, "sec_since_checkpoint": 29.4, "store_size": 1320, "vnn_nodes": 125, "vnn_archways": 36, "detail": null}
{"ts": "2026-07-11T15:58:45.326855", "event": "session_start", "session_sec": 0.0, "sec_since_checkpoint": 0.0, "store_size": 1320, "vnn_nodes": 125, "vnn_archways": 36, "detail": null}
{"ts": "2026-07-11T15:59:17.376723", "event": "checkpoint:architect_manual", "session_sec": 32.0, "sec_since_checkpoint": 0.0, "store_size": 1324, "vnn_nodes": 125, "vnn_archways": 36, "detail": null}
{"ts": "2026-07-11T16:02:56.384176", "event": "preserve:finally", "session_sec": 251.1, "sec_since_checkpoint": 219.0, "store_size": 1336, "vnn_nodes": 655, "vnn_archways": 3420, "detail": null}
{"ts": "2026-07-11T16:03:12.738919", "event": "session_start", "session_sec": 0.0, "sec_since_checkpoint": 0.0, "store_size": 0, "vnn_nodes": 0, "vnn_archways": 0, "detail": null}
{"ts": "2026-07-11T16:07:29.481624", "event": "preserve:finally", "session_sec": 256.7, "sec_since_checkpoint": 256.7, "store_size": 246, "vnn_nodes": 1063, "vnn_archways": 4836, "detail": null}
{"ts": "2026-07-11T16:13:31.790475", "event": "session_start", "session_sec": 0.0, "sec_since_checkpoint": 0.0, "store_size": 246, "vnn_nodes": 1063, "vnn_archways": 4836, "detail": null}
{"ts": "2026-07-11T16:15:20.684375", "event": "preserve:finally", "session_sec": 108.9, "sec_since_checkpoint": 108.9, "store_size": 238, "vnn_nodes": 1074, "vnn_archways": 4836, "detail": null}
{"ts": "2026-07-11T16:32:47.293956", "event": "session_start", "session_sec": 0.0, "sec_since_checkpoint": 0.0, "store_size": 238, "vnn_nodes": 1074, "vnn_archways": 4836, "detail": null}
{"ts": "2026-07-11T16:35:34.057368", "event": "preserve:finally", "session_sec": 166.8, "sec_since_checkpoint": 166.8, "store_size": 278, "vnn_nodes": 1469, "vnn_archways": 7176, "detail": null}
{"ts": "2026-07-11T16:53:30.061296", "event": "session_start", "session_sec": 0.0, "sec_since_checkpoint": 0.0, "store_size": 278, "vnn_nodes": 1469, "vnn_archways": 7176, "detail": null}
{"ts": "2026-07-11T16:55:42.727751", "event": "preserve:finally", "session_sec": 132.7, "sec_since_checkpoint": 132.7, "store_size": 282, "vnn_nodes": 1470, "vnn_archways": 7176, "detail": null}
{"ts": "2026-07-11T17:20:13.573364", "event": "session_start", "session_sec": 0.0, "sec_since_checkpoint": 0.0, "store_size": 282, "vnn_nodes": 1470, "vnn_archways": 7176, "detail": null}
{"ts": "2026-07-11T17:20:44.775285", "event": "preserve:finally", "session_sec": 31.2, "sec_since_checkpoint": 31.2, "store_size": 286, "vnn_nodes": 1471, "vnn_archways": 7176, "detail": null}
{"ts": "2026-07-11T17:32:31.463114", "event": "session_start", "session_sec": 0.0, "sec_since_checkpoint": 0.0, "store_size": 286, "vnn_nodes": 1471, "vnn_archways": 7176, "detail": null}
{"ts": "2026-07-11T17:44:35.460354", "event": "preserve:finally", "session_sec": 724.0, "sec_since_checkpoint": 724.0, "store_size": 767, "vnn_nodes": 1496, "vnn_archways": 7176, "detail": null}
{"ts": "2026-07-11T17:46:52.707472", "event": "session_start", "session_sec": 0.0, "sec_since_checkpoint": 0.0, "store_size": 22351, "vnn_nodes": 46454, "vnn_archways": 164568, "detail": null}
{"ts": "2026-07-11T18:46:53.571846", "event": "checkpoint:heartbeat", "session_sec": 3600.9, "sec_since_checkpoint": 0.0, "store_size": 23435, "vnn_nodes": 50452, "vnn_archways": 180080, "detail": null}
{"ts": "2026-07-11T19:25:28.706855", "event": "preserve:finally", "session_sec": 5916.0, "sec_since_checkpoint": 2315.1, "store_size": 23484, "vnn_nodes": 73461, "vnn_archways": 250946, "detail": null}
{"ts": "2026-07-12T09:39:52.881705", "event": "session_start", "session_sec": 0.0, "sec_since_checkpoint": 0.0, "store_size": 23484, "vnn_nodes": 73461, "vnn_archways": 250946, "detail": null}
{"ts": "2026-07-12T09:48:19.592860", "event": "preserve:finally", "session_sec": 506.7, "sec_since_checkpoint": 506.7, "store_size": 23748, "vnn_nodes": 73666, "vnn_archways": 251932, "detail": null}
{"ts": "2026-07-12T09:49:12.561775", "event": "session_start", "session_sec": 0.0, "sec_since_checkpoint": 0.0, "store_size": 0, "vnn_nodes": 0, "vnn_archways": 0, "detail": null}
{"ts": "2026-07-12T09:53:52.057405", "event": "preserve:finally", "session_sec": 279.5, "sec_since_checkpoint": 279.5, "store_size": 272, "vnn_nodes": 700, "vnn_archways": 2588, "detail": null}
{"ts": "2026-07-12T10:19:25.866858", "event": "session_start", "session_sec": 0.0, "sec_since_checkpoint": 0.0, "store_size": 23748, "vnn_nodes": 73666, "vnn_archways": 251932, "detail": null}
{"ts": "2026-07-12T10:23:03.347532", "event": "preserve:finally", "session_sec": 217.5, "sec_since_checkpoint": 217.5, "store_size": 23763, "vnn_nodes": 73684, "vnn_archways": 251932, "detail": null}
{"ts": "2026-07-12T10:31:52.958350", "event": "session_start", "session_sec": 0.0, "sec_since_checkpoint": 0.0, "store_size": 23763, "vnn_nodes": 73684, "vnn_archways": 251932, "detail": null}
{"ts": "2026-07-12T10:38:07.530973", "event": "preserve:finally", "session_sec": 374.6, "sec_since_checkpoint": 374.6, "store_size": 23791, "vnn_nodes": 86961, "vnn_archways": 333358, "detail": null}
{"ts": "2026-07-12T10:39:28.511631", "event": "session_start", "session_sec": 0.0, "sec_since_checkpoint": 0.0, "store_size": 23791, "vnn_nodes": 86961, "vnn_archways": 333358, "detail": null}
{"ts": "2026-07-12T10:50:48.448646", "event": "preserve:finally", "session_sec": 679.9, "sec_since_checkpoint": 679.9, "store_size": 24002, "vnn_nodes": 87662, "vnn_archways": 337746, "detail": null}
{"ts": "2026-07-12T11:40:13.417159", "event": "session_start", "session_sec": 0.0, "sec_since_checkpoint": 0.0, "store_size": 24002, "vnn_nodes": 87662, "vnn_archways": 337746, "detail": null}
{"ts": "2026-07-12T11:43:29.035328", "event": "preserve:finally", "session_sec": 195.6, "sec_since_checkpoint": 195.6, "store_size": 24008, "vnn_nodes": 87664, "vnn_archways": 337746, "detail": null}
{"ts": "2026-07-12T11:53:29.062773", "event": "session_start", "session_sec": 0.0, "sec_since_checkpoint": 0.0, "store_size": 0, "vnn_nodes": 0, "vnn_archways": 0, "detail": null}
{"ts": "2026-07-12T12:02:03.703038", "event": "preserve:finally", "session_sec": 514.6, "sec_since_checkpoint": 514.6, "store_size": 412, "vnn_nodes": 6355, "vnn_archways": 33370, "detail": null}
{"ts": "2026-07-12T12:34:43.556486", "event": "session_start", "session_sec": 0.0, "sec_since_checkpoint": 0.0, "store_size": 412, "vnn_nodes": 6355, "vnn_archways": 33370, "detail": null}
{"ts": "2026-07-12T12:36:09.304534", "event": "preserve:finally", "session_sec": 85.7, "sec_since_checkpoint": 85.7, "store_size": 467, "vnn_nodes": 6444, "vnn_archways": 33862, "detail": null}
{"ts": "2026-07-12T16:39:27.501821", "event": "session_start", "session_sec": 0.0, "sec_since_checkpoint": 0.0, "store_size": 467, "vnn_nodes": 6444, "vnn_archways": 33862, "detail": null}
{"ts": "2026-07-12T16:40:45.469354", "event": "preserve:finally", "session_sec": 78.0, "sec_since_checkpoint": 78.0, "store_size": 486, "vnn_nodes": 6543, "vnn_archways": 34400, "detail": null}
{"ts": "2026-07-12T18:51:29.234885", "event": "session_start", "session_sec": 0.0, "sec_since_checkpoint": 0.0, "store_size": 486, "vnn_nodes": 6543, "vnn_archways": 34400, "detail": null}
{"ts": "2026-07-12T18:52:57.293791", "event": "preserve:finally", "session_sec": 88.1, "sec_since_checkpoint": 88.1, "store_size": 682, "vnn_nodes": 6672, "vnn_archways": 34790, "detail": null}
{"ts": "2026-07-13T11:20:46.321948", "event": "session_start", "session_sec": 0.0, "sec_since_checkpoint": 0.0, "store_size": 0, "vnn_nodes": 0, "vnn_archways": 0, "detail": null}
{"ts": "2026-07-13T11:21:57.140041", "event": "preserve:finally", "session_sec": 70.8, "sec_since_checkpoint": 70.8, "store_size": 57, "vnn_nodes": 58, "vnn_archways": 0, "detail": null}
{"ts": "2026-07-13T11:22:35.733895", "event": "session_start", "session_sec": 0.0, "sec_since_checkpoint": 0.0, "store_size": 57, "vnn_nodes": 58, "vnn_archways": 0, "detail": null}
{"ts": "2026-07-13T11:24:10.506278", "event": "session_start", "session_sec": 0.0, "sec_since_checkpoint": 0.0, "store_size": 57, "vnn_nodes": 58, "vnn_archways": 0, "detail": null}
{"ts": "2026-07-13T11:24:43.010611", "event": "preserve:finally", "session_sec": 32.5, "sec_since_checkpoint": 32.5, "store_size": 61, "vnn_nodes": 58, "vnn_archways": 0, "detail": null}
{"ts": "2026-07-13T11:24:55.570161", "event": "session_start", "session_sec": 0.0, "sec_since_checkpoint": 0.0, "store_size": 0, "vnn_nodes": 0, "vnn_archways": 0, "detail": null}
{"ts": "2026-07-13T11:25:20.296496", "event": "preserve:finally", "session_sec": 24.7, "sec_since_checkpoint": 24.7, "store_size": 14, "vnn_nodes": 24, "vnn_archways": 0, "detail": null}
{"ts": "2026-07-13T11:26:26.071065", "event": "session_start", "session_sec": 0.0, "sec_since_checkpoint": 0.0, "store_size": 14, "vnn_nodes": 24, "vnn_archways": 0, "detail": null}
{"ts": "2026-07-13T11:26:46.900919", "event": "preserve:finally", "session_sec": 20.8, "sec_since_checkpoint": 20.8, "store_size": 18, "vnn_nodes": 24, "vnn_archways": 0, "detail": null}
{"ts": "2026-07-13T11:27:29.871176", "event": "session_start", "session_sec": 0.0, "sec_since_checkpoint": 0.0, "store_size": 0, "vnn_nodes": 0, "vnn_archways": 0, "detail": null}
{"ts": "2026-07-13T11:28:00.971077", "event": "preserve:finally", "session_sec": 31.1, "sec_since_checkpoint": 31.1, "store_size": 4, "vnn_nodes": 24, "vnn_archways": 0, "detail": null}
{"ts": "2026-07-13T11:28:48.334488", "event": "session_start", "session_sec": 0.0, "sec_since_checkpoint": 0.0, "store_size": 4, "vnn_nodes": 24, "vnn_archways": 0, "detail": null}
{"ts": "2026-07-13T12:07:55.386243", "event": "preserve:finally", "session_sec": 2347.1, "sec_since_checkpoint": 2347.1, "store_size": 2479, "vnn_nodes": 39, "vnn_archways": 12, "detail": null}
{"ts": "2026-07-13T12:48:37.172640", "event": "session_start", "session_sec": 0.0, "sec_since_checkpoint": 0.0, "store_size": 2479, "vnn_nodes": 39, "vnn_archways": 12, "detail": null}
{"ts": "2026-07-13T12:48:56.254231", "event": "preserve:finally", "session_sec": 19.1, "sec_since_checkpoint": 19.1, "store_size": 2483, "vnn_nodes": 40, "vnn_archways": 12, "detail": null}
{"ts": "2026-07-13T12:50:27.392327", "event": "session_start", "session_sec": 0.0, "sec_since_checkpoint": 0.0, "store_size": 2483, "vnn_nodes": 40, "vnn_archways": 12, "detail": null}
{"ts": "2026-07-13T12:51:50.872691", "event": "preserve:finally", "session_sec": 83.5, "sec_since_checkpoint": 83.5, "store_size": 2508, "vnn_nodes": 214, "vnn_archways": 1016, "detail": null}
{"ts": "2026-07-13T12:55:04.806897", "event": "session_start", "session_sec": 0.0, "sec_since_checkpoint": 0.0, "store_size": 0, "vnn_nodes": 0, "vnn_archways": 0, "detail": null}
{"ts": "2026-07-13T12:56:26.751917", "event": "preserve:finally", "session_sec": 81.9, "sec_since_checkpoint": 81.9, "store_size": 150, "vnn_nodes": 3410, "vnn_archways": 20420, "detail": null}
{"ts": "2026-07-14T12:46:17.042684", "event": "session_start", "session_sec": 0.0, "sec_since_checkpoint": 0.0, "store_size": 0, "vnn_nodes": 0, "vnn_archways": 0, "detail": null}
{"ts": "2026-07-14T12:47:27.311436", "event": "preserve:finally", "session_sec": 70.3, "sec_since_checkpoint": 70.3, "store_size": 49, "vnn_nodes": 180, "vnn_archways": 700, "detail": null}
{"ts": "2026-07-14T13:01:37.087301", "event": "session_start", "session_sec": 0.0, "sec_since_checkpoint": 0.0, "store_size": 49, "vnn_nodes": 180, "vnn_archways": 700, "detail": null}
{"ts": "2026-07-14T13:02:48.516268", "event": "preserve:finally", "session_sec": 71.4, "sec_since_checkpoint": 71.4, "store_size": 99, "vnn_nodes": 262, "vnn_archways": 780, "detail": null}
{"ts": "2026-07-14T13:15:17.616367", "event": "session_start", "session_sec": 0.0, "sec_since_checkpoint": 0.0, "store_size": 99, "vnn_nodes": 262, "vnn_archways": 780, "detail": null}
{"ts": "2026-07-14T13:15:58.337474", "event": "preserve:finally", "session_sec": 40.7, "sec_since_checkpoint": 40.7, "store_size": 127, "vnn_nodes": 296, "vnn_archways": 780, "detail": null}
{"ts": "2026-07-14T18:08:01.950878", "event": "session_start", "session_sec": 0.0, "sec_since_checkpoint": 0.0, "store_size": 127, "vnn_nodes": 296, "vnn_archways": 780, "detail": null}
{"ts": "2026-07-14T18:08:37.591279", "event": "checkpoint:architect_manual", "session_sec": 35.6, "sec_since_checkpoint": 0.0, "store_size": 131, "vnn_nodes": 297, "vnn_archways": 780, "detail": null}
{"ts": "2026-07-14T18:09:27.968891", "event": "preserve:finally", "session_sec": 86.0, "sec_since_checkpoint": 50.4, "store_size": 131, "vnn_nodes": 297, "vnn_archways": 780, "detail": null}
{"ts": "2026-07-14T18:15:02.994777", "event": "session_start", "session_sec": 0.0, "sec_since_checkpoint": 0.0, "store_size": 24008, "vnn_nodes": 87664, "vnn_archways": 337746, "detail": null}
{"ts": "2026-07-14T18:35:10.598058", "event": "preserve:finally", "session_sec": 1207.6, "sec_since_checkpoint": 1207.6, "store_size": 24028, "vnn_nodes": 107473, "vnn_archways": 398778, "detail": null}
{"ts": "2026-07-14T19:33:26.671491", "event": "session_start", "session_sec": 0.0, "sec_since_checkpoint": 0.0, "store_size": 0, "vnn_nodes": 0, "vnn_archways": 0, "detail": null}
{"ts": "2026-07-14T20:21:11.684142", "event": "checkpoint:heartbeat", "session_sec": 2865.0, "sec_since_checkpoint": 0.0, "store_size": 2265, "vnn_nodes": 762, "vnn_archways": 3608, "detail": null}
{"ts": "2026-07-14T20:31:14.782724", "event": "checkpoint:heartbeat", "session_sec": 3468.1, "sec_since_checkpoint": 0.0, "store_size": 2339, "vnn_nodes": 911, "vnn_archways": 4316, "detail": null}
{"ts": "2026-07-14T20:41:14.845703", "event": "checkpoint:heartbeat", "session_sec": 4068.2, "sec_since_checkpoint": 0.0, "store_size": 2306, "vnn_nodes": 936, "vnn_archways": 4436, "detail": null}
{"ts": "2026-07-14T20:51:15.027660", "event": "checkpoint:heartbeat", "session_sec": 4668.4, "sec_since_checkpoint": 0.0, "store_size": 2318, "vnn_nodes": 993, "vnn_archways": 4654, "detail": null}
{"ts": "2026-07-14T21:01:15.214800", "event": "checkpoint:heartbeat", "session_sec": 5268.5, "sec_since_checkpoint": 0.0, "store_size": 2324, "vnn_nodes": 1058, "vnn_archways": 4912, "detail": null}
{"ts": "2026-07-14T21:11:15.348398", "event": "checkpoint:heartbeat", "session_sec": 5868.7, "sec_since_checkpoint": 0.0, "store_size": 2331, "vnn_nodes": 1104, "vnn_archways": 5118, "detail": null}
{"ts": "2026-07-14T21:21:15.582280", "event": "checkpoint:heartbeat", "session_sec": 6468.9, "sec_since_checkpoint": 0.0, "store_size": 2361, "vnn_nodes": 1141, "vnn_archways": 5342, "detail": null}
{"ts": "2026-07-14T21:31:15.780966", "event": "checkpoint:heartbeat", "session_sec": 7069.1, "sec_since_checkpoint": 0.0, "store_size": 2370, "vnn_nodes": 1170, "vnn_archways": 5548, "detail": null}
{"ts": "2026-07-14T21:41:15.946876", "event": "checkpoint:heartbeat", "session_sec": 7669.3, "sec_since_checkpoint": 0.0, "store_size": 2377, "vnn_nodes": 1258, "vnn_archways": 6070, "detail": null}
{"ts": "2026-07-14T21:51:16.012845", "event": "checkpoint:heartbeat", "session_sec": 8269.3, "sec_since_checkpoint": 0.0, "store_size": 2385, "vnn_nodes": 1342, "vnn_archways": 6556, "detail": null}
{"ts": "2026-07-14T22:01:16.230567", "event": "checkpoint:heartbeat", "session_sec": 8869.6, "sec_since_checkpoint": 0.0, "store_size": 2402, "vnn_nodes": 1431, "vnn_archways": 7030, "detail": null}
{"ts": "2026-07-14T22:11:16.527539", "event": "checkpoint:heartbeat", "session_sec": 9469.9, "sec_since_checkpoint": 0.0, "store_size": 2413, "vnn_nodes": 1472, "vnn_archways": 7202, "detail": null}
{"ts": "2026-07-14T22:21:16.647100", "event": "checkpoint:heartbeat", "session_sec": 10070.0, "sec_since_checkpoint": 0.0, "store_size": 2411, "vnn_nodes": 1531, "vnn_archways": 7588, "detail": null}
{"ts": "2026-07-14T22:31:16.853567", "event": "checkpoint:heartbeat", "session_sec": 10670.2, "sec_since_checkpoint": 0.0, "store_size": 2423, "vnn_nodes": 1557, "vnn_archways": 7610, "detail": null}
{"ts": "2026-07-14T22:41:17.108550", "event": "checkpoint:heartbeat", "session_sec": 11270.4, "sec_since_checkpoint": 0.0, "store_size": 2418, "vnn_nodes": 1632, "vnn_archways": 8084, "detail": null}
{"ts": "2026-07-14T22:51:17.342141", "event": "checkpoint:heartbeat", "session_sec": 11870.7, "sec_since_checkpoint": 0.0, "store_size": 2430, "vnn_nodes": 1639, "vnn_archways": 8092, "detail": null}
{"ts": "2026-07-14T23:01:17.472567", "event": "checkpoint:heartbeat", "session_sec": 12470.8, "sec_since_checkpoint": 0.0, "store_size": 2425, "vnn_nodes": 1641, "vnn_archways": 8110, "detail": null}
{"ts": "2026-07-14T23:11:17.639715", "event": "checkpoint:heartbeat", "session_sec": 13071.0, "sec_since_checkpoint": 0.0, "store_size": 2433, "vnn_nodes": 1677, "vnn_archways": 8328, "detail": null}
{"ts": "2026-07-14T23:21:17.763175", "event": "checkpoint:heartbeat", "session_sec": 13671.1, "sec_since_checkpoint": 0.0, "store_size": 2443, "vnn_nodes": 1689, "vnn_archways": 8346, "detail": null}
{"ts": "2026-07-14T23:31:17.840781", "event": "checkpoint:heartbeat", "session_sec": 14271.2, "sec_since_checkpoint": 0.0, "store_size": 2437, "vnn_nodes": 1709, "vnn_archways": 8426, "detail": null}
{"ts": "2026-07-14T23:41:18.035119", "event": "checkpoint:heartbeat", "session_sec": 14871.4, "sec_since_checkpoint": 0.0, "store_size": 2436, "vnn_nodes": 1716, "vnn_archways": 8466, "detail": null}
{"ts": "2026-07-14T23:51:18.316426", "event": "checkpoint:heartbeat", "session_sec": 15471.6, "sec_since_checkpoint": 0.0, "store_size": 2440, "vnn_nodes": 1731, "vnn_archways": 8544, "detail": null}
{"ts": "2026-07-15T00:01:18.438567", "event": "checkpoint:heartbeat", "session_sec": 16071.8, "sec_since_checkpoint": 0.0, "store_size": 2442, "vnn_nodes": 1736, "vnn_archways": 8568, "detail": null}
{"ts": "2026-07-15T00:11:18.588383", "event": "checkpoint:heartbeat", "session_sec": 16671.9, "sec_since_checkpoint": 0.0, "store_size": 2440, "vnn_nodes": 1743, "vnn_archways": 8590, "detail": null}
{"ts": "2026-07-15T00:21:18.861136", "event": "checkpoint:heartbeat", "session_sec": 17272.2, "sec_since_checkpoint": 0.0, "store_size": 2440, "vnn_nodes": 1743, "vnn_archways": 8590, "detail": null}
{"ts": "2026-07-15T00:31:19.046828", "event": "checkpoint:heartbeat", "session_sec": 17872.4, "sec_since_checkpoint": 0.0, "store_size": 2440, "vnn_nodes": 1749, "vnn_archways": 8602, "detail": null}
{"ts": "2026-07-15T00:41:19.327473", "event": "checkpoint:heartbeat", "session_sec": 18472.7, "sec_since_checkpoint": 0.0, "store_size": 2440, "vnn_nodes": 1765, "vnn_archways": 8638, "detail": null}
{"ts": "2026-07-15T00:51:19.774214", "event": "checkpoint:heartbeat", "session_sec": 19073.1, "sec_since_checkpoint": 0.0, "store_size": 2440, "vnn_nodes": 1787, "vnn_archways": 8684, "detail": null}
{"ts": "2026-07-15T01:01:19.810290", "event": "checkpoint:heartbeat", "session_sec": 19673.1, "sec_since_checkpoint": 0.0, "store_size": 2440, "vnn_nodes": 1790, "vnn_archways": 8694, "detail": null}
{"ts": "2026-07-15T01:11:19.997956", "event": "checkpoint:heartbeat", "session_sec": 20273.3, "sec_since_checkpoint": 0.0, "store_size": 2440, "vnn_nodes": 1791, "vnn_archways": 8706, "detail": null}
{"ts": "2026-07-15T01:21:20.278381", "event": "checkpoint:heartbeat", "session_sec": 20873.6, "sec_since_checkpoint": 0.0, "store_size": 2440, "vnn_nodes": 1792, "vnn_archways": 8714, "detail": null}
{"ts": "2026-07-15T01:31:20.452440", "event": "checkpoint:heartbeat", "session_sec": 21473.8, "sec_since_checkpoint": 0.0, "store_size": 2440, "vnn_nodes": 1792, "vnn_archways": 8714, "detail": null}
{"ts": "2026-07-15T01:41:20.901253", "event": "checkpoint:heartbeat", "session_sec": 22074.2, "sec_since_checkpoint": 0.0, "store_size": 2440, "vnn_nodes": 1792, "vnn_archways": 8714, "detail": null}
{"ts": "2026-07-15T01:51:21.131575", "event": "checkpoint:heartbeat", "session_sec": 22674.5, "sec_since_checkpoint": 0.0, "store_size": 2444, "vnn_nodes": 1800, "vnn_archways": 8764, "detail": null}
{"ts": "2026-07-15T02:01:21.394748", "event": "checkpoint:heartbeat", "session_sec": 23274.7, "sec_since_checkpoint": 0.0, "store_size": 2451, "vnn_nodes": 1811, "vnn_archways": 8764, "detail": null}
{"ts": "2026-07-15T02:11:21.675593", "event": "checkpoint:heartbeat", "session_sec": 23875.0, "sec_since_checkpoint": 0.0, "store_size": 2450, "vnn_nodes": 1818, "vnn_archways": 8810, "detail": null}
{"ts": "2026-07-15T02:21:21.743569", "event": "checkpoint:heartbeat", "session_sec": 24475.1, "sec_since_checkpoint": 0.0, "store_size": 2456, "vnn_nodes": 1833, "vnn_archways": 8898, "detail": null}
{"ts": "2026-07-15T02:31:22.038912", "event": "checkpoint:heartbeat", "session_sec": 25075.4, "sec_since_checkpoint": 0.0, "store_size": 2452, "vnn_nodes": 1836, "vnn_archways": 8908, "detail": null}
{"ts": "2026-07-15T02:41:22.241657", "event": "checkpoint:heartbeat", "session_sec": 25675.6, "sec_since_checkpoint": 0.0, "store_size": 2452, "vnn_nodes": 1838, "vnn_archways": 8918, "detail": null}
{"ts": "2026-07-15T02:51:22.485116", "event": "checkpoint:heartbeat", "session_sec": 26275.8, "sec_since_checkpoint": 0.0, "store_size": 2452, "vnn_nodes": 1845, "vnn_archways": 8956, "detail": null}
{"ts": "2026-07-15T03:01:22.653749", "event": "checkpoint:heartbeat", "session_sec": 26876.0, "sec_since_checkpoint": 0.0, "store_size": 2452, "vnn_nodes": 1846, "vnn_archways": 8956, "detail": null}
{"ts": "2026-07-15T03:11:22.886166", "event": "checkpoint:heartbeat", "session_sec": 27476.2, "sec_since_checkpoint": 0.0, "store_size": 2452, "vnn_nodes": 1860, "vnn_archways": 8992, "detail": null}
{"ts": "2026-07-15T03:21:22.951558", "event": "checkpoint:heartbeat", "session_sec": 28076.3, "sec_since_checkpoint": 0.0, "store_size": 2452, "vnn_nodes": 1869, "vnn_archways": 9004, "detail": null}
{"ts": "2026-07-15T03:31:23.004580", "event": "checkpoint:heartbeat", "session_sec": 28676.3, "sec_since_checkpoint": 0.0, "store_size": 2454, "vnn_nodes": 1873, "vnn_archways": 9032, "detail": null}
{"ts": "2026-07-15T03:41:23.109091", "event": "checkpoint:heartbeat", "session_sec": 29276.4, "sec_since_checkpoint": 0.0, "store_size": 2455, "vnn_nodes": 1925, "vnn_archways": 9184, "detail": null}
{"ts": "2026-07-15T03:51:23.299887", "event": "checkpoint:heartbeat", "session_sec": 29876.6, "sec_since_checkpoint": 0.0, "store_size": 2471, "vnn_nodes": 2014, "vnn_archways": 9644, "detail": null}
{"ts": "2026-07-15T04:01:23.519072", "event": "checkpoint:heartbeat", "session_sec": 30476.8, "sec_since_checkpoint": 0.0, "store_size": 2492, "vnn_nodes": 2154, "vnn_archways": 10372, "detail": null}
{"ts": "2026-07-15T04:11:23.618733", "event": "checkpoint:heartbeat", "session_sec": 31076.9, "sec_since_checkpoint": 0.0, "store_size": 2494, "vnn_nodes": 2178, "vnn_archways": 10520, "detail": null}
{"ts": "2026-07-15T04:21:23.947388", "event": "checkpoint:heartbeat", "session_sec": 31677.3, "sec_since_checkpoint": 0.0, "store_size": 2503, "vnn_nodes": 2243, "vnn_archways": 10876, "detail": null}
{"ts": "2026-07-15T04:31:24.106639", "event": "checkpoint:heartbeat", "session_sec": 32277.4, "sec_since_checkpoint": 0.0, "store_size": 2523, "vnn_nodes": 2269, "vnn_archways": 10890, "detail": null}
{"ts": "2026-07-15T04:41:24.249515", "event": "checkpoint:heartbeat", "session_sec": 32877.6, "sec_since_checkpoint": 0.0, "store_size": 2517, "vnn_nodes": 2291, "vnn_archways": 10990, "detail": null}
{"ts": "2026-07-15T04:51:24.644558", "event": "checkpoint:heartbeat", "session_sec": 33478.0, "sec_since_checkpoint": 0.0, "store_size": 2528, "vnn_nodes": 2291, "vnn_archways": 10990, "detail": null}
{"ts": "2026-07-15T05:01:24.976497", "event": "checkpoint:heartbeat", "session_sec": 34078.3, "sec_since_checkpoint": 0.0, "store_size": 2522, "vnn_nodes": 2306, "vnn_archways": 11082, "detail": null}
{"ts": "2026-07-15T05:11:25.101562", "event": "checkpoint:heartbeat", "session_sec": 34678.4, "sec_since_checkpoint": 0.0, "store_size": 2523, "vnn_nodes": 2316, "vnn_archways": 11152, "detail": null}
{"ts": "2026-07-15T05:21:25.207305", "event": "checkpoint:heartbeat", "session_sec": 35278.5, "sec_since_checkpoint": 0.0, "store_size": 2526, "vnn_nodes": 2332, "vnn_archways": 11240, "detail": null}
{"ts": "2026-07-15T05:31:25.645127", "event": "checkpoint:heartbeat", "session_sec": 35879.0, "sec_since_checkpoint": 0.0, "store_size": 2524, "vnn_nodes": 2332, "vnn_archways": 11240, "detail": null}
{"ts": "2026-07-15T05:41:25.881287", "event": "checkpoint:heartbeat", "session_sec": 36479.2, "sec_since_checkpoint": 0.0, "store_size": 2524, "vnn_nodes": 2332, "vnn_archways": 11240, "detail": null}
{"ts": "2026-07-15T05:51:26.013044", "event": "checkpoint:heartbeat", "session_sec": 37079.3, "sec_since_checkpoint": 0.0, "store_size": 2530, "vnn_nodes": 2366, "vnn_archways": 11386, "detail": null}
{"ts": "2026-07-15T06:01:26.095910", "event": "checkpoint:heartbeat", "session_sec": 37679.4, "sec_since_checkpoint": 0.0, "store_size": 2533, "vnn_nodes": 2368, "vnn_archways": 11402, "detail": null}
{"ts": "2026-07-15T06:11:26.203630", "event": "checkpoint:heartbeat", "session_sec": 38279.5, "sec_since_checkpoint": 0.0, "store_size": 2536, "vnn_nodes": 2372, "vnn_archways": 11416, "detail": null}
{"ts": "2026-07-15T06:21:26.446421", "event": "checkpoint:heartbeat", "session_sec": 38879.8, "sec_since_checkpoint": 0.0, "store_size": 2535, "vnn_nodes": 2372, "vnn_archways": 11416, "detail": null}
{"ts": "2026-07-15T06:31:26.659799", "event": "checkpoint:heartbeat", "session_sec": 39480.0, "sec_since_checkpoint": 0.0, "store_size": 2540, "vnn_nodes": 2389, "vnn_archways": 11474, "detail": null}
{"ts": "2026-07-15T06:41:26.778759", "event": "checkpoint:heartbeat", "session_sec": 40080.1, "sec_since_checkpoint": 0.0, "store_size": 2551, "vnn_nodes": 2448, "vnn_archways": 11710, "detail": null}
{"ts": "2026-07-15T06:51:26.971702", "event": "checkpoint:heartbeat", "session_sec": 40680.3, "sec_since_checkpoint": 0.0, "store_size": 2571, "vnn_nodes": 2509, "vnn_archways": 12074, "detail": null}
{"ts": "2026-07-15T07:01:27.323955", "event": "checkpoint:heartbeat", "session_sec": 41280.7, "sec_since_checkpoint": 0.0, "store_size": 2581, "vnn_nodes": 2530, "vnn_archways": 12134, "detail": null}
{"ts": "2026-07-15T08:07:38.404928", "event": "checkpoint:heartbeat", "session_sec": 45251.7, "sec_since_checkpoint": 0.0, "store_size": 3011, "vnn_nodes": 2717, "vnn_archways": 12862, "detail": null}
{"ts": "2026-07-15T09:07:38.886703", "event": "checkpoint:heartbeat", "session_sec": 48852.2, "sec_since_checkpoint": 0.0, "store_size": 4121, "vnn_nodes": 2731, "vnn_archways": 12862, "detail": null}
{"ts": "2026-07-15T09:41:46.173182", "event": "preserve:finally", "session_sec": 50899.5, "sec_since_checkpoint": 2047.3, "store_size": 4743, "vnn_nodes": 2758, "vnn_archways": 12942, "detail": null}
{"ts": "2026-07-15T09:50:13.834946", "event": "session_start", "session_sec": 0.0, "sec_since_checkpoint": 0.0, "store_size": 24028, "vnn_nodes": 107473, "vnn_archways": 398778, "detail": null}
{"ts": "2026-07-15T10:04:36.313683", "event": "preserve:finally", "session_sec": 862.5, "sec_since_checkpoint": 862.5, "store_size": 24054, "vnn_nodes": 127579, "vnn_archways": 461696, "detail": null}
{"ts": "2026-07-15T10:24:41.547953", "event": "session_start", "session_sec": 0.0, "sec_since_checkpoint": 0.0, "store_size": 0, "vnn_nodes": 0, "vnn_archways": 0, "detail": null}
{"ts": "2026-07-15T10:28:10.564038", "event": "preserve:finally", "session_sec": 209.0, "sec_since_checkpoint": 209.0, "store_size": 194, "vnn_nodes": 3463, "vnn_archways": 19224, "detail": null}
{"ts": "2026-07-15T10:33:29.207612", "event": "session_start", "session_sec": 0.0, "sec_since_checkpoint": 0.0, "store_size": 24054, "vnn_nodes": 127579, "vnn_archways": 461696, "detail": null}
{"ts": "2026-07-15T10:38:48.059642", "event": "preserve:finally", "session_sec": 318.9, "sec_since_checkpoint": 318.9, "store_size": 24059, "vnn_nodes": 127586, "vnn_archways": 461696, "detail": null}
{"ts": "2026-07-15T11:15:04.619748", "event": "session_start", "session_sec": 0.0, "sec_since_checkpoint": 0.0, "store_size": 0, "vnn_nodes": 0, "vnn_archways": 0, "detail": null}
{"ts": "2026-07-15T11:19:07.110115", "event": "preserve:finally", "session_sec": 242.5, "sec_since_checkpoint": 242.5, "store_size": 269, "vnn_nodes": 1555, "vnn_archways": 7316, "detail": null}
{"ts": "2026-07-15T11:20:35.700654", "event": "session_start", "session_sec": 0.0, "sec_since_checkpoint": 0.0, "store_size": 24059, "vnn_nodes": 127586, "vnn_archways": 461696, "detail": null}
{"ts": "2026-07-15T11:26:01.425847", "event": "preserve:finally", "session_sec": 325.7, "sec_since_checkpoint": 325.7, "store_size": 24072, "vnn_nodes": 127595, "vnn_archways": 461696, "detail": null}
{"ts": "2026-07-15T18:18:00.541365", "event": "session_start", "session_sec": 0.0, "sec_since_checkpoint": 0.0, "store_size": 0, "vnn_nodes": 0, "vnn_archways": 0, "detail": null}
{"ts": "2026-07-15T18:24:22.241142", "event": "preserve:finally", "session_sec": 381.7, "sec_since_checkpoint": 381.7, "store_size": 384, "vnn_nodes": 3448, "vnn_archways": 14954, "detail": null}
{"ts": "2026-07-15T18:34:53.279602", "event": "session_start", "session_sec": 0.0, "sec_since_checkpoint": 0.0, "store_size": 24072, "vnn_nodes": 127595, "vnn_archways": 461696, "detail": null}
{"ts": "2026-07-15T18:47:40.662517", "event": "preserve:finally", "session_sec": 767.4, "sec_since_checkpoint": 767.4, "store_size": 24121, "vnn_nodes": 127682, "vnn_archways": 462208, "detail": null}
{"ts": "2026-07-15T19:02:11.042750", "event": "session_start", "session_sec": 0.0, "sec_since_checkpoint": 0.0, "store_size": 24121, "vnn_nodes": 127682, "vnn_archways": 462208, "detail": null}
{"ts": "2026-07-15T20:03:25.188061", "event": "checkpoint:heartbeat", "session_sec": 3674.1, "sec_since_checkpoint": 0.0, "store_size": 24124, "vnn_nodes": 147451, "vnn_archways": 523048, "detail": null}
{"ts": "2026-07-15T20:13:48.294347", "event": "checkpoint:heartbeat", "session_sec": 4297.3, "sec_since_checkpoint": 0.0, "store_size": 24124, "vnn_nodes": 147451, "vnn_archways": 523048, "detail": null}
{"ts": "2026-07-15T20:23:59.066150", "event": "checkpoint:heartbeat", "session_sec": 4908.0, "sec_since_checkpoint": 0.0, "store_size": 24126, "vnn_nodes": 147451, "vnn_archways": 523048, "detail": null}
{"ts": "2026-07-15T20:34:14.627591", "event": "checkpoint:heartbeat", "session_sec": 5523.6, "sec_since_checkpoint": 0.0, "store_size": 24127, "vnn_nodes": 147451, "vnn_archways": 523048, "detail": null}
{"ts": "2026-07-15T20:44:38.726233", "event": "checkpoint:heartbeat", "session_sec": 6147.7, "sec_since_checkpoint": 0.0, "store_size": 24126, "vnn_nodes": 147451, "vnn_archways": 523048, "detail": null}
{"ts": "2026-07-15T20:55:11.915651", "event": "checkpoint:heartbeat", "session_sec": 6780.9, "sec_since_checkpoint": 0.0, "store_size": 24126, "vnn_nodes": 147451, "vnn_archways": 523048, "detail": null}
{"ts": "2026-07-15T21:05:23.582702", "event": "checkpoint:heartbeat", "session_sec": 7392.5, "sec_since_checkpoint": 0.0, "store_size": 24128, "vnn_nodes": 147451, "vnn_archways": 523048, "detail": null}
{"ts": "2026-07-15T21:15:50.187321", "event": "checkpoint:heartbeat", "session_sec": 8019.1, "sec_since_checkpoint": 0.0, "store_size": 24127, "vnn_nodes": 147451, "vnn_archways": 523048, "detail": null}
{"ts": "2026-07-15T21:26:21.577059", "event": "checkpoint:heartbeat", "session_sec": 8650.5, "sec_since_checkpoint": 0.0, "store_size": 24127, "vnn_nodes": 147451, "vnn_archways": 523048, "detail": null}
{"ts": "2026-07-15T21:37:32.922024", "event": "checkpoint:heartbeat", "session_sec": 9321.9, "sec_since_checkpoint": 0.0, "store_size": 24129, "vnn_nodes": 147451, "vnn_archways": 523048, "detail": null}
{"ts": "2026-07-15T21:47:45.013387", "event": "checkpoint:heartbeat", "session_sec": 9934.0, "sec_since_checkpoint": 0.0, "store_size": 24128, "vnn_nodes": 147451, "vnn_archways": 523048, "detail": null}
{"ts": "2026-07-15T22:01:05.940144", "event": "checkpoint:heartbeat", "session_sec": 10734.9, "sec_since_checkpoint": 0.0, "store_size": 24132, "vnn_nodes": 147451, "vnn_archways": 523048, "detail": null}
{"ts": "2026-07-15T22:11:24.493114", "event": "checkpoint:heartbeat", "session_sec": 11353.5, "sec_since_checkpoint": 0.0, "store_size": 24130, "vnn_nodes": 147451, "vnn_archways": 523048, "detail": null}
{"ts": "2026-07-15T22:22:00.196591", "event": "checkpoint:heartbeat", "session_sec": 11989.2, "sec_since_checkpoint": 0.0, "store_size": 24130, "vnn_nodes": 147451, "vnn_archways": 523048, "detail": null}
{"ts": "2026-07-15T22:32:03.131824", "event": "checkpoint:heartbeat", "session_sec": 12592.1, "sec_since_checkpoint": 0.0, "store_size": 24130, "vnn_nodes": 147451, "vnn_archways": 523048, "detail": null}
{"ts": "2026-07-15T22:42:18.988209", "event": "checkpoint:heartbeat", "session_sec": 13207.9, "sec_since_checkpoint": 0.0, "store_size": 24130, "vnn_nodes": 147451, "vnn_archways": 523048, "detail": null}
{"ts": "2026-07-15T22:52:23.655729", "event": "checkpoint:heartbeat", "session_sec": 13812.6, "sec_since_checkpoint": 0.0, "store_size": 24132, "vnn_nodes": 147451, "vnn_archways": 523048, "detail": null}
{"ts": "2026-07-15T23:02:29.609235", "event": "checkpoint:heartbeat", "session_sec": 14418.6, "sec_since_checkpoint": 0.0, "store_size": 24133, "vnn_nodes": 147451, "vnn_archways": 523048, "detail": null}
{"ts": "2026-07-15T23:12:41.517658", "event": "checkpoint:heartbeat", "session_sec": 15030.5, "sec_since_checkpoint": 0.0, "store_size": 24132, "vnn_nodes": 147451, "vnn_archways": 523048, "detail": null}
{"ts": "2026-07-15T23:23:10.898649", "event": "checkpoint:heartbeat", "session_sec": 15659.9, "sec_since_checkpoint": 0.0, "store_size": 24132, "vnn_nodes": 147451, "vnn_archways": 523048, "detail": null}
{"ts": "2026-07-15T23:33:38.596396", "event": "checkpoint:heartbeat", "session_sec": 16287.6, "sec_since_checkpoint": 0.0, "store_size": 24132, "vnn_nodes": 147451, "vnn_archways": 523048, "detail": null}
{"ts": "2026-07-15T23:44:04.842999", "event": "checkpoint:heartbeat", "session_sec": 16913.8, "sec_since_checkpoint": 0.0, "store_size": 24132, "vnn_nodes": 147451, "vnn_archways": 523048, "detail": null}
{"ts": "2026-07-15T23:54:43.540294", "event": "checkpoint:heartbeat", "session_sec": 17552.5, "sec_since_checkpoint": 0.0, "store_size": 24134, "vnn_nodes": 147451, "vnn_archways": 523048, "detail": null}
{"ts": "2026-07-16T00:04:49.754503", "event": "checkpoint:heartbeat", "session_sec": 18158.7, "sec_since_checkpoint": 0.0, "store_size": 24133, "vnn_nodes": 147451, "vnn_archways": 523048, "detail": null}
{"ts": "2026-07-16T00:14:58.473128", "event": "checkpoint:heartbeat", "session_sec": 18767.4, "sec_since_checkpoint": 0.0, "store_size": 24135, "vnn_nodes": 147451, "vnn_archways": 523048, "detail": null}
{"ts": "2026-07-16T00:27:27.597307", "event": "checkpoint:heartbeat", "session_sec": 19516.6, "sec_since_checkpoint": 0.0, "store_size": 24136, "vnn_nodes": 147451, "vnn_archways": 523048, "detail": null}
{"ts": "2026-07-16T00:37:30.007851", "event": "checkpoint:heartbeat", "session_sec": 20119.0, "sec_since_checkpoint": 0.0, "store_size": 24135, "vnn_nodes": 147451, "vnn_archways": 523048, "detail": null}
{"ts": "2026-07-16T00:47:55.850649", "event": "checkpoint:heartbeat", "session_sec": 20744.8, "sec_since_checkpoint": 0.0, "store_size": 24135, "vnn_nodes": 147451, "vnn_archways": 523048, "detail": null}
{"ts": "2026-07-16T00:58:28.427781", "event": "checkpoint:heartbeat", "session_sec": 21377.4, "sec_since_checkpoint": 0.0, "store_size": 24135, "vnn_nodes": 147451, "vnn_archways": 523048, "detail": null}
{"ts": "2026-07-16T01:08:52.748609", "event": "checkpoint:heartbeat", "session_sec": 22001.7, "sec_since_checkpoint": 0.0, "store_size": 24135, "vnn_nodes": 147451, "vnn_archways": 523048, "detail": null}
{"ts": "2026-07-16T01:18:54.022586", "event": "checkpoint:heartbeat", "session_sec": 22603.0, "sec_since_checkpoint": 0.0, "store_size": 24135, "vnn_nodes": 147451, "vnn_archways": 523048, "detail": null}
{"ts": "2026-07-16T01:29:11.765499", "event": "checkpoint:heartbeat", "session_sec": 23220.7, "sec_since_checkpoint": 0.0, "store_size": 24137, "vnn_nodes": 147451, "vnn_archways": 523048, "detail": null}
{"ts": "2026-07-16T01:39:13.196790", "event": "checkpoint:heartbeat", "session_sec": 23822.2, "sec_since_checkpoint": 0.0, "store_size": 24136, "vnn_nodes": 147451, "vnn_archways": 523048, "detail": null}
{"ts": "2026-07-16T01:49:24.078900", "event": "checkpoint:heartbeat", "session_sec": 24433.0, "sec_since_checkpoint": 0.0, "store_size": 24136, "vnn_nodes": 147451, "vnn_archways": 523048, "detail": null}
{"ts": "2026-07-16T01:59:46.739554", "event": "checkpoint:heartbeat", "session_sec": 25055.7, "sec_since_checkpoint": 0.0, "store_size": 24138, "vnn_nodes": 147451, "vnn_archways": 523048, "detail": null}
{"ts": "2026-07-16T02:10:14.901876", "event": "checkpoint:heartbeat", "session_sec": 25683.9, "sec_since_checkpoint": 0.0, "store_size": 24137, "vnn_nodes": 147451, "vnn_archways": 523048, "detail": null}
{"ts": "2026-07-16T02:20:45.726658", "event": "checkpoint:heartbeat", "session_sec": 26314.7, "sec_since_checkpoint": 0.0, "store_size": 24137, "vnn_nodes": 147451, "vnn_archways": 523048, "detail": null}
{"ts": "2026-07-16T02:31:19.561235", "event": "checkpoint:heartbeat", "session_sec": 26948.5, "sec_since_checkpoint": 0.0, "store_size": 24137, "vnn_nodes": 147451, "vnn_archways": 523048, "detail": null}
{"ts": "2026-07-16T02:41:52.495622", "event": "checkpoint:heartbeat", "session_sec": 27581.5, "sec_since_checkpoint": 0.0, "store_size": 24137, "vnn_nodes": 147451, "vnn_archways": 523048, "detail": null}
{"ts": "2026-07-16T02:52:16.657278", "event": "checkpoint:heartbeat", "session_sec": 28205.6, "sec_since_checkpoint": 0.0, "store_size": 24137, "vnn_nodes": 147451, "vnn_archways": 523048, "detail": null}
{"ts": "2026-07-16T03:02:25.878270", "event": "checkpoint:heartbeat", "session_sec": 28814.8, "sec_since_checkpoint": 0.0, "store_size": 24139, "vnn_nodes": 147451, "vnn_archways": 523048, "detail": null}
{"ts": "2026-07-16T03:12:27.678429", "event": "checkpoint:heartbeat", "session_sec": 29416.6, "sec_since_checkpoint": 0.0, "store_size": 24138, "vnn_nodes": 147451, "vnn_archways": 523048, "detail": null}
{"ts": "2026-07-16T03:22:51.700776", "event": "checkpoint:heartbeat", "session_sec": 30040.7, "sec_since_checkpoint": 0.0, "store_size": 24138, "vnn_nodes": 147451, "vnn_archways": 523048, "detail": null}
{"ts": "2026-07-16T03:32:55.846070", "event": "checkpoint:heartbeat", "session_sec": 30644.8, "sec_since_checkpoint": 0.0, "store_size": 24138, "vnn_nodes": 147451, "vnn_archways": 523048, "detail": null}
{"ts": "2026-07-16T03:43:06.847820", "event": "checkpoint:heartbeat", "session_sec": 31255.8, "sec_since_checkpoint": 0.0, "store_size": 24138, "vnn_nodes": 147451, "vnn_archways": 523048, "detail": null}
{"ts": "2026-07-16T03:53:37.220800", "event": "checkpoint:heartbeat", "session_sec": 31886.2, "sec_since_checkpoint": 0.0, "store_size": 24138, "vnn_nodes": 147451, "vnn_archways": 523048, "detail": null}
{"ts": "2026-07-16T04:04:45.203795", "event": "checkpoint:heartbeat", "session_sec": 32554.2, "sec_since_checkpoint": 0.0, "store_size": 24142, "vnn_nodes": 147451, "vnn_archways": 523048, "detail": null}
{"ts": "2026-07-16T04:15:10.776288", "event": "checkpoint:heartbeat", "session_sec": 33179.7, "sec_since_checkpoint": 0.0, "store_size": 24140, "vnn_nodes": 147451, "vnn_archways": 523048, "detail": null}
{"ts": "2026-07-16T04:25:39.424017", "event": "checkpoint:heartbeat", "session_sec": 33808.4, "sec_since_checkpoint": 0.0, "store_size": 24140, "vnn_nodes": 147451, "vnn_archways": 523048, "detail": null}
{"ts": "2026-07-16T04:36:12.907469", "event": "checkpoint:heartbeat", "session_sec": 34441.9, "sec_since_checkpoint": 0.0, "store_size": 24140, "vnn_nodes": 147451, "vnn_archways": 523048, "detail": null}
{"ts": "2026-07-16T04:46:25.954852", "event": "checkpoint:heartbeat", "session_sec": 35054.9, "sec_since_checkpoint": 0.0, "store_size": 24140, "vnn_nodes": 147451, "vnn_archways": 523048, "detail": null}
{"ts": "2026-07-16T04:56:44.072389", "event": "checkpoint:heartbeat", "session_sec": 35673.0, "sec_since_checkpoint": 0.0, "store_size": 24140, "vnn_nodes": 147451, "vnn_archways": 523048, "detail": null}
{"ts": "2026-07-16T05:06:46.670948", "event": "checkpoint:heartbeat", "session_sec": 36275.6, "sec_since_checkpoint": 0.0, "store_size": 24140, "vnn_nodes": 147451, "vnn_archways": 523048, "detail": null}
{"ts": "2026-07-16T05:16:49.083007", "event": "checkpoint:heartbeat", "session_sec": 36878.0, "sec_since_checkpoint": 0.0, "store_size": 24140, "vnn_nodes": 147451, "vnn_archways": 523048, "detail": null}
{"ts": "2026-07-16T05:26:59.819122", "event": "checkpoint:heartbeat", "session_sec": 37488.8, "sec_since_checkpoint": 0.0, "store_size": 24140, "vnn_nodes": 147451, "vnn_archways": 523048, "detail": null}
{"ts": "2026-07-16T05:37:16.695189", "event": "checkpoint:heartbeat", "session_sec": 38105.7, "sec_since_checkpoint": 0.0, "store_size": 24142, "vnn_nodes": 147451, "vnn_archways": 523048, "detail": null}
{"ts": "2026-07-16T05:49:27.703114", "event": "checkpoint:heartbeat", "session_sec": 38836.7, "sec_since_checkpoint": 0.0, "store_size": 24143, "vnn_nodes": 147451, "vnn_archways": 523048, "detail": null}
{"ts": "2026-07-16T06:00:05.042249", "event": "checkpoint:heartbeat", "session_sec": 39474.0, "sec_since_checkpoint": 0.0, "store_size": 24142, "vnn_nodes": 147451, "vnn_archways": 523048, "detail": null}
{"ts": "2026-07-16T06:10:31.525561", "event": "checkpoint:heartbeat", "session_sec": 40100.5, "sec_since_checkpoint": 0.0, "store_size": 24142, "vnn_nodes": 147451, "vnn_archways": 523048, "detail": null}
{"ts": "2026-07-16T06:21:02.064952", "event": "checkpoint:heartbeat", "session_sec": 40731.0, "sec_since_checkpoint": 0.0, "store_size": 24142, "vnn_nodes": 147451, "vnn_archways": 523048, "detail": null}
{"ts": "2026-07-16T06:31:32.622178", "event": "checkpoint:heartbeat", "session_sec": 41361.6, "sec_since_checkpoint": 0.0, "store_size": 24142, "vnn_nodes": 147451, "vnn_archways": 523048, "detail": null}
{"ts": "2026-07-16T06:42:02.649720", "event": "checkpoint:heartbeat", "session_sec": 41991.6, "sec_since_checkpoint": 0.0, "store_size": 24142, "vnn_nodes": 147451, "vnn_archways": 523048, "detail": null}
{"ts": "2026-07-16T06:52:35.151562", "event": "checkpoint:heartbeat", "session_sec": 42624.1, "sec_since_checkpoint": 0.0, "store_size": 24142, "vnn_nodes": 147451, "vnn_archways": 523048, "detail": null}
{"ts": "2026-07-16T07:02:41.863375", "event": "checkpoint:heartbeat", "session_sec": 43230.8, "sec_since_checkpoint": 0.0, "store_size": 24142, "vnn_nodes": 147451, "vnn_archways": 523048, "detail": null}
{"ts": "2026-07-16T08:04:23.548539", "event": "checkpoint:heartbeat", "session_sec": 46932.5, "sec_since_checkpoint": 0.0, "store_size": 24182, "vnn_nodes": 147452, "vnn_archways": 523048, "detail": null}
{"ts": "2026-07-16T09:04:34.419015", "event": "checkpoint:heartbeat", "session_sec": 50543.4, "sec_since_checkpoint": 0.0, "store_size": 24541, "vnn_nodes": 147463, "vnn_archways": 523048, "detail": null}
{"ts": "2026-07-16T10:04:39.985301", "event": "checkpoint:heartbeat", "session_sec": 54148.9, "sec_since_checkpoint": 0.0, "store_size": 24835, "vnn_nodes": 147470, "vnn_archways": 523048, "detail": null}
{"ts": "2026-07-16T11:04:44.218105", "event": "checkpoint:heartbeat", "session_sec": 57753.2, "sec_since_checkpoint": 0.0, "store_size": 25168, "vnn_nodes": 147475, "vnn_archways": 523048, "detail": null}
{"ts": "2026-07-16T12:04:47.147156", "event": "checkpoint:heartbeat", "session_sec": 61356.1, "sec_since_checkpoint": 0.0, "store_size": 25505, "vnn_nodes": 147487, "vnn_archways": 523048, "detail": null}
{"ts": "2026-07-16T12:21:41.395046", "event": "preserve:finally", "session_sec": 62370.4, "sec_since_checkpoint": 1014.2, "store_size": 25560, "vnn_nodes": 147489, "vnn_archways": 523048, "detail": null}
{"ts": "2026-07-16T12:44:50.332058", "event": "session_start", "session_sec": 0.0, "sec_since_checkpoint": 0.0, "store_size": 0, "vnn_nodes": 0, "vnn_archways": 0, "detail": null}
{"ts": "2026-07-16T12:54:27.879671", "event": "preserve:finally", "session_sec": 577.5, "sec_since_checkpoint": 577.5, "store_size": 172, "vnn_nodes": 3575, "vnn_archways": 13628, "detail": null}
{"ts": "2026-07-16T13:14:39.594421", "event": "session_start", "session_sec": 0.0, "sec_since_checkpoint": 0.0, "store_size": 4743, "vnn_nodes": 2758, "vnn_archways": 12942, "detail": null}
{"ts": "2026-07-16T13:23:49.669932", "event": "preserve:finally", "session_sec": 550.1, "sec_since_checkpoint": 550.1, "store_size": 4917, "vnn_nodes": 3664, "vnn_archways": 16584, "detail": null}
{"ts": "2026-07-16T13:36:52.781404", "event": "session_start", "session_sec": 0.0, "sec_since_checkpoint": 0.0, "store_size": 25560, "vnn_nodes": 147489, "vnn_archways": 523048, "detail": null}
{"ts": "2026-07-16T13:43:04.739655", "event": "preserve:finally", "session_sec": 372.0, "sec_since_checkpoint": 372.0, "store_size": 25569, "vnn_nodes": 158972, "vnn_archways": 593664, "detail": null}
{"ts": "2026-07-16T16:14:01.166033", "event": "session_start", "session_sec": 0.0, "sec_since_checkpoint": 0.0, "store_size": 0, "vnn_nodes": 0, "vnn_archways": 0, "detail": null}
{"ts": "2026-07-16T16:36:24.831523", "event": "preserve:finally", "session_sec": 1343.7, "sec_since_checkpoint": 1343.7, "store_size": 690, "vnn_nodes": 8782, "vnn_archways": 45544, "detail": null}
{"ts": "2026-07-16T16:51:21.701591", "event": "session_start", "session_sec": 0.0, "sec_since_checkpoint": 0.0, "store_size": 690, "vnn_nodes": 8782, "vnn_archways": 45544, "detail": null}
{"ts": "2026-07-16T16:52:39.995993", "event": "preserve:finally", "session_sec": 78.3, "sec_since_checkpoint": 78.3, "store_size": 710, "vnn_nodes": 8800, "vnn_archways": 45624, "detail": null}
{"ts": "2026-07-16T17:00:49.324018", "event": "session_start", "session_sec": 0.0, "sec_since_checkpoint": 0.0, "store_size": 710, "vnn_nodes": 8800, "vnn_archways": 45624, "detail": null}
{"ts": "2026-07-16T17:11:30.470215", "event": "preserve:finally", "session_sec": 641.1, "sec_since_checkpoint": 641.1, "store_size": 989, "vnn_nodes": 8889, "vnn_archways": 45966, "detail": null}
{"ts": "2026-07-16T17:20:25.151533", "event": "session_start", "session_sec": 0.0, "sec_since_checkpoint": 0.0, "store_size": 25569, "vnn_nodes": 158972, "vnn_archways": 593664, "detail": null}
{"ts": "2026-07-16T17:35:16.057938", "event": "preserve:finally", "session_sec": 890.9, "sec_since_checkpoint": 890.9, "store_size": 25583, "vnn_nodes": 161107, "vnn_archways": 608294, "detail": null}
{"ts": "2026-07-16T19:35:33.314650", "event": "session_start", "session_sec": 0.0, "sec_since_checkpoint": 0.0, "store_size": 0, "vnn_nodes": 0, "vnn_archways": 0, "detail": null}
{"ts": "2026-07-16T19:37:04.444704", "event": "preserve:finally", "session_sec": 91.1, "sec_since_checkpoint": 91.1, "store_size": 13, "vnn_nodes": 28, "vnn_archways": 6, "detail": null}
{"ts": "2026-07-16T19:39:36.940924", "event": "session_start", "session_sec": 0.0, "sec_since_checkpoint": 0.0, "store_size": 0, "vnn_nodes": 0, "vnn_archways": 0, "detail": null}
{"ts": "2026-07-16T19:39:52.176843", "event": "preserve:finally", "session_sec": 15.2, "sec_since_checkpoint": 15.2, "store_size": 3, "vnn_nodes": 24, "vnn_archways": 0, "detail": null}
{"ts": "2026-07-16T19:48:15.098844", "event": "session_start", "session_sec": 0.0, "sec_since_checkpoint": 0.0, "store_size": 3, "vnn_nodes": 24, "vnn_archways": 0, "detail": null}
{"ts": "2026-07-16T20:05:05.051748", "event": "checkpoint:heartbeat", "session_sec": 1010.0, "sec_since_checkpoint": 0.0, "store_size": 843, "vnn_nodes": 3909, "vnn_archways": 16870, "detail": null}
{"ts": "2026-07-16T20:15:16.212616", "event": "checkpoint:heartbeat", "session_sec": 1621.1, "sec_since_checkpoint": 0.0, "store_size": 927, "vnn_nodes": 3977, "vnn_archways": 17090, "detail": null}
{"ts": "2026-07-16T20:25:16.404108", "event": "checkpoint:heartbeat", "session_sec": 2221.3, "sec_since_checkpoint": 0.0, "store_size": 884, "vnn_nodes": 4199, "vnn_archways": 18508, "detail": null}
{"ts": "2026-07-16T20:35:16.530457", "event": "checkpoint:heartbeat", "session_sec": 2821.4, "sec_since_checkpoint": 0.0, "store_size": 907, "vnn_nodes": 4313, "vnn_archways": 18760, "detail": null}
{"ts": "2026-07-16T20:45:16.695334", "event": "checkpoint:heartbeat", "session_sec": 3421.6, "sec_since_checkpoint": 0.0, "store_size": 903, "vnn_nodes": 4334, "vnn_archways": 18878, "detail": null}
{"ts": "2026-07-16T20:55:16.856585", "event": "checkpoint:heartbeat", "session_sec": 4021.8, "sec_since_checkpoint": 0.0, "store_size": 909, "vnn_nodes": 4563, "vnn_archways": 19784, "detail": null}
{"ts": "2026-07-16T21:05:16.908385", "event": "checkpoint:heartbeat", "session_sec": 4621.8, "sec_since_checkpoint": 0.0, "store_size": 920, "vnn_nodes": 4779, "vnn_archways": 20870, "detail": null}
{"ts": "2026-07-16T21:15:17.156967", "event": "checkpoint:heartbeat", "session_sec": 5222.1, "sec_since_checkpoint": 0.0, "store_size": 929, "vnn_nodes": 5062, "vnn_archways": 22448, "detail": null}
{"ts": "2026-07-16T21:25:17.320863", "event": "checkpoint:heartbeat", "session_sec": 5822.2, "sec_since_checkpoint": 0.0, "store_size": 930, "vnn_nodes": 5316, "vnn_archways": 23816, "detail": null}
{"ts": "2026-07-16T21:35:17.601659", "event": "checkpoint:heartbeat", "session_sec": 6422.5, "sec_since_checkpoint": 0.0, "store_size": 940, "vnn_nodes": 5559, "vnn_archways": 24774, "detail": null}
{"ts": "2026-07-16T21:45:17.844976", "event": "checkpoint:heartbeat", "session_sec": 7022.7, "sec_since_checkpoint": 0.0, "store_size": 949, "vnn_nodes": 5780, "vnn_archways": 25868, "detail": null}
{"ts": "2026-07-16T21:55:18.124399", "event": "checkpoint:heartbeat", "session_sec": 7623.0, "sec_since_checkpoint": 0.0, "store_size": 955, "vnn_nodes": 5878, "vnn_archways": 26118, "detail": null}
{"ts": "2026-07-16T22:05:18.309388", "event": "checkpoint:heartbeat", "session_sec": 8223.2, "sec_since_checkpoint": 0.0, "store_size": 979, "vnn_nodes": 5944, "vnn_archways": 26540, "detail": null}
{"ts": "2026-07-16T22:15:18.567592", "event": "checkpoint:heartbeat", "session_sec": 8823.5, "sec_since_checkpoint": 0.0, "store_size": 987, "vnn_nodes": 5958, "vnn_archways": 26662, "detail": null}
{"ts": "2026-07-16T22:25:18.740013", "event": "checkpoint:heartbeat", "session_sec": 9423.6, "sec_since_checkpoint": 0.0, "store_size": 988, "vnn_nodes": 5970, "vnn_archways": 26700, "detail": null}
{"ts": "2026-07-16T22:35:18.994825", "event": "checkpoint:heartbeat", "session_sec": 10023.9, "sec_since_checkpoint": 0.0, "store_size": 989, "vnn_nodes": 6024, "vnn_archways": 27092, "detail": null}
{"ts": "2026-07-16T22:45:19.311464", "event": "checkpoint:heartbeat", "session_sec": 10624.2, "sec_since_checkpoint": 0.0, "store_size": 996, "vnn_nodes": 6487, "vnn_archways": 29992, "detail": null}
{"ts": "2026-07-16T22:55:19.767188", "event": "checkpoint:heartbeat", "session_sec": 11224.7, "sec_since_checkpoint": 0.0, "store_size": 1000, "vnn_nodes": 6703, "vnn_archways": 30802, "detail": null}
{"ts": "2026-07-16T23:05:20.099222", "event": "checkpoint:heartbeat", "session_sec": 11825.0, "sec_since_checkpoint": 0.0, "store_size": 995, "vnn_nodes": 6703, "vnn_archways": 30802, "detail": null}
{"ts": "2026-07-16T23:15:20.455417", "event": "checkpoint:heartbeat", "session_sec": 12425.4, "sec_since_checkpoint": 0.0, "store_size": 1005, "vnn_nodes": 6706, "vnn_archways": 30818, "detail": null}
{"ts": "2026-07-16T23:25:20.724251", "event": "checkpoint:heartbeat", "session_sec": 13025.6, "sec_since_checkpoint": 0.0, "store_size": 1012, "vnn_nodes": 6824, "vnn_archways": 31212, "detail": null}
{"ts": "2026-07-16T23:35:20.893870", "event": "checkpoint:heartbeat", "session_sec": 13625.8, "sec_since_checkpoint": 0.0, "store_size": 1012, "vnn_nodes": 6826, "vnn_archways": 31218, "detail": null}
{"ts": "2026-07-16T23:45:21.192982", "event": "checkpoint:heartbeat", "session_sec": 14226.1, "sec_since_checkpoint": 0.0, "store_size": 1027, "vnn_nodes": 7177, "vnn_archways": 33162, "detail": null}
{"ts": "2026-07-16T23:55:21.759035", "event": "checkpoint:heartbeat", "session_sec": 14826.7, "sec_since_checkpoint": 0.0, "store_size": 1022, "vnn_nodes": 7240, "vnn_archways": 33162, "detail": null}
{"ts": "2026-07-17T00:05:22.193610", "event": "checkpoint:heartbeat", "session_sec": 15427.1, "sec_since_checkpoint": 0.0, "store_size": 1032, "vnn_nodes": 7370, "vnn_archways": 33698, "detail": null}
{"ts": "2026-07-17T00:15:22.480101", "event": "checkpoint:heartbeat", "session_sec": 16027.4, "sec_since_checkpoint": 0.0, "store_size": 1042, "vnn_nodes": 7372, "vnn_archways": 33722, "detail": null}
{"ts": "2026-07-17T00:25:22.635970", "event": "checkpoint:heartbeat", "session_sec": 16627.5, "sec_since_checkpoint": 0.0, "store_size": 1048, "vnn_nodes": 7491, "vnn_archways": 34100, "detail": null}
{"ts": "2026-07-17T00:35:22.867840", "event": "checkpoint:heartbeat", "session_sec": 17227.8, "sec_since_checkpoint": 0.0, "store_size": 1055, "vnn_nodes": 7550, "vnn_archways": 34420, "detail": null}
{"ts": "2026-07-17T00:45:23.493108", "event": "checkpoint:heartbeat", "session_sec": 17828.4, "sec_since_checkpoint": 0.0, "store_size": 1060, "vnn_nodes": 7601, "vnn_archways": 34454, "detail": null}
{"ts": "2026-07-17T00:55:23.744959", "event": "checkpoint:heartbeat", "session_sec": 18428.6, "sec_since_checkpoint": 0.0, "store_size": 1064, "vnn_nodes": 7619, "vnn_archways": 34454, "detail": null}
{"ts": "2026-07-17T01:05:24.177006", "event": "checkpoint:heartbeat", "session_sec": 19029.1, "sec_since_checkpoint": 0.0, "store_size": 1081, "vnn_nodes": 7625, "vnn_archways": 34486, "detail": null}
{"ts": "2026-07-17T01:15:24.407751", "event": "checkpoint:heartbeat", "session_sec": 19629.3, "sec_since_checkpoint": 0.0, "store_size": 1082, "vnn_nodes": 7626, "vnn_archways": 34490, "detail": null}
{"ts": "2026-07-17T01:25:24.709519", "event": "checkpoint:heartbeat", "session_sec": 20229.6, "sec_since_checkpoint": 0.0, "store_size": 1078, "vnn_nodes": 7635, "vnn_archways": 34534, "detail": null}
{"ts": "2026-07-17T01:35:24.972222", "event": "checkpoint:heartbeat", "session_sec": 20829.9, "sec_since_checkpoint": 0.0, "store_size": 1085, "vnn_nodes": 7652, "vnn_archways": 34644, "detail": null}
{"ts": "2026-07-17T01:45:25.160217", "event": "checkpoint:heartbeat", "session_sec": 21430.1, "sec_since_checkpoint": 0.0, "store_size": 1088, "vnn_nodes": 7706, "vnn_archways": 34698, "detail": null}
{"ts": "2026-07-17T01:55:25.296906", "event": "checkpoint:heartbeat", "session_sec": 22030.2, "sec_since_checkpoint": 0.0, "store_size": 1098, "vnn_nodes": 7735, "vnn_archways": 34906, "detail": null}
{"ts": "2026-07-17T02:05:25.778089", "event": "checkpoint:heartbeat", "session_sec": 22630.7, "sec_since_checkpoint": 0.0, "store_size": 1095, "vnn_nodes": 7737, "vnn_archways": 34926, "detail": null}
{"ts": "2026-07-17T02:15:25.941314", "event": "checkpoint:heartbeat", "session_sec": 23230.8, "sec_since_checkpoint": 0.0, "store_size": 1101, "vnn_nodes": 7774, "vnn_archways": 35170, "detail": null}
{"ts": "2026-07-17T02:25:26.199166", "event": "checkpoint:heartbeat", "session_sec": 23831.1, "sec_since_checkpoint": 0.0, "store_size": 1111, "vnn_nodes": 7856, "vnn_archways": 35540, "detail": null}
{"ts": "2026-07-17T02:35:26.451122", "event": "checkpoint:heartbeat", "session_sec": 24431.4, "sec_since_checkpoint": 0.0, "store_size": 1116, "vnn_nodes": 8035, "vnn_archways": 36596, "detail": null}
{"ts": "2026-07-17T02:45:26.692389", "event": "checkpoint:heartbeat", "session_sec": 25031.6, "sec_since_checkpoint": 0.0, "store_size": 1128, "vnn_nodes": 8108, "vnn_archways": 36762, "detail": null}
{"ts": "2026-07-17T02:55:26.944460", "event": "checkpoint:heartbeat", "session_sec": 25631.8, "sec_since_checkpoint": 0.0, "store_size": 1135, "vnn_nodes": 8308, "vnn_archways": 37756, "detail": null}
{"ts": "2026-07-17T03:05:27.196079", "event": "checkpoint:heartbeat", "session_sec": 26232.1, "sec_since_checkpoint": 0.0, "store_size": 1138, "vnn_nodes": 8423, "vnn_archways": 38146, "detail": null}
{"ts": "2026-07-17T03:15:27.439071", "event": "checkpoint:heartbeat", "session_sec": 26832.3, "sec_since_checkpoint": 0.0, "store_size": 1136, "vnn_nodes": 8523, "vnn_archways": 38752, "detail": null}
{"ts": "2026-07-17T03:25:27.641816", "event": "checkpoint:heartbeat", "session_sec": 27432.5, "sec_since_checkpoint": 0.0, "store_size": 1150, "vnn_nodes": 8846, "vnn_archways": 39844, "detail": null}
{"ts": "2026-07-17T03:35:27.830252", "event": "checkpoint:heartbeat", "session_sec": 28032.7, "sec_since_checkpoint": 0.0, "store_size": 1160, "vnn_nodes": 8983, "vnn_archways": 40518, "detail": null}
{"ts": "2026-07-17T03:45:28.058514", "event": "checkpoint:heartbeat", "session_sec": 28633.0, "sec_since_checkpoint": 0.0, "store_size": 1176, "vnn_nodes": 9027, "vnn_archways": 40792, "detail": null}
{"ts": "2026-07-17T03:55:28.131188", "event": "checkpoint:heartbeat", "session_sec": 29233.0, "sec_since_checkpoint": 0.0, "store_size": 1182, "vnn_nodes": 9052, "vnn_archways": 40958, "detail": null}
{"ts": "2026-07-17T04:05:28.339170", "event": "checkpoint:heartbeat", "session_sec": 29833.2, "sec_since_checkpoint": 0.0, "store_size": 1180, "vnn_nodes": 9052, "vnn_archways": 40964, "detail": null}
{"ts": "2026-07-17T04:15:28.496866", "event": "checkpoint:heartbeat", "session_sec": 30433.4, "sec_since_checkpoint": 0.0, "store_size": 1195, "vnn_nodes": 9098, "vnn_archways": 41262, "detail": null}
{"ts": "2026-07-17T04:25:28.781006", "event": "checkpoint:heartbeat", "session_sec": 31033.7, "sec_since_checkpoint": 0.0, "store_size": 1193, "vnn_nodes": 9197, "vnn_archways": 41916, "detail": null}
{"ts": "2026-07-17T04:35:29.888444", "event": "checkpoint:heartbeat", "session_sec": 31634.8, "sec_since_checkpoint": 0.0, "store_size": 1203, "vnn_nodes": 9335, "vnn_archways": 42500, "detail": null}
{"ts": "2026-07-17T04:45:30.172466", "event": "checkpoint:heartbeat", "session_sec": 32235.1, "sec_since_checkpoint": 0.0, "store_size": 1216, "vnn_nodes": 9458, "vnn_archways": 42984, "detail": null}
{"ts": "2026-07-17T04:55:30.263667", "event": "checkpoint:heartbeat", "session_sec": 32835.2, "sec_since_checkpoint": 0.0, "store_size": 1219, "vnn_nodes": 9571, "vnn_archways": 43384, "detail": null}
{"ts": "2026-07-17T05:05:30.518833", "event": "checkpoint:heartbeat", "session_sec": 33435.4, "sec_since_checkpoint": 0.0, "store_size": 1242, "vnn_nodes": 9579, "vnn_archways": 43420, "detail": null}
{"ts": "2026-07-17T05:15:30.679726", "event": "checkpoint:heartbeat", "session_sec": 34035.6, "sec_since_checkpoint": 0.0, "store_size": 1241, "vnn_nodes": 9581, "vnn_archways": 43428, "detail": null}
{"ts": "2026-07-17T05:25:30.810617", "event": "checkpoint:heartbeat", "session_sec": 34635.7, "sec_since_checkpoint": 0.0, "store_size": 1258, "vnn_nodes": 9582, "vnn_archways": 43462, "detail": null}
{"ts": "2026-07-17T05:35:31.123616", "event": "checkpoint:heartbeat", "session_sec": 35236.0, "sec_since_checkpoint": 0.0, "store_size": 1245, "vnn_nodes": 9582, "vnn_archways": 43462, "detail": null}
{"ts": "2026-07-17T05:45:31.540149", "event": "checkpoint:heartbeat", "session_sec": 35836.4, "sec_since_checkpoint": 0.0, "store_size": 1251, "vnn_nodes": 9590, "vnn_archways": 43532, "detail": null}
{"ts": "2026-07-17T05:55:31.748311", "event": "checkpoint:heartbeat", "session_sec": 36436.6, "sec_since_checkpoint": 0.0, "store_size": 1266, "vnn_nodes": 9742, "vnn_archways": 44140, "detail": null}
{"ts": "2026-07-17T06:05:31.951997", "event": "checkpoint:heartbeat", "session_sec": 37036.9, "sec_since_checkpoint": 0.0, "store_size": 1279, "vnn_nodes": 9753, "vnn_archways": 44206, "detail": null}
{"ts": "2026-07-17T06:15:32.137526", "event": "checkpoint:heartbeat", "session_sec": 37637.0, "sec_since_checkpoint": 0.0, "store_size": 1277, "vnn_nodes": 9764, "vnn_archways": 44242, "detail": null}
{"ts": "2026-07-17T06:25:32.355294", "event": "checkpoint:heartbeat", "session_sec": 38237.3, "sec_since_checkpoint": 0.0, "store_size": 1284, "vnn_nodes": 9804, "vnn_archways": 44498, "detail": null}
{"ts": "2026-07-17T06:35:32.593190", "event": "checkpoint:heartbeat", "session_sec": 38837.5, "sec_since_checkpoint": 0.0, "store_size": 1286, "vnn_nodes": 9899, "vnn_archways": 44780, "detail": null}
{"ts": "2026-07-17T06:45:32.924729", "event": "checkpoint:heartbeat", "session_sec": 39437.8, "sec_since_checkpoint": 0.0, "store_size": 1298, "vnn_nodes": 9938, "vnn_archways": 45036, "detail": null}
{"ts": "2026-07-17T06:55:33.318056", "event": "checkpoint:heartbeat", "session_sec": 40038.2, "sec_since_checkpoint": 0.0, "store_size": 1298, "vnn_nodes": 9950, "vnn_archways": 45048, "detail": null}
{"ts": "2026-07-17T07:05:33.846660", "event": "checkpoint:heartbeat", "session_sec": 40638.7, "sec_since_checkpoint": 0.0, "store_size": 1304, "vnn_nodes": 9968, "vnn_archways": 45162, "detail": null}
{"ts": "2026-07-17T08:10:06.784479", "event": "checkpoint:heartbeat", "session_sec": 44511.7, "sec_since_checkpoint": 0.0, "store_size": 1980, "vnn_nodes": 10139, "vnn_archways": 45794, "detail": null}
{"ts": "2026-07-17T09:10:07.290187", "event": "checkpoint:heartbeat", "session_sec": 48112.2, "sec_since_checkpoint": 0.0, "store_size": 3031, "vnn_nodes": 10165, "vnn_archways": 45876, "detail": null}
{"ts": "2026-07-17T10:10:08.040449", "event": "checkpoint:heartbeat", "session_sec": 51712.9, "sec_since_checkpoint": 0.0, "store_size": 4065, "vnn_nodes": 10176, "vnn_archways": 45878, "detail": null}
{"ts": "2026-07-17T11:10:08.173187", "event": "checkpoint:heartbeat", "session_sec": 55313.1, "sec_since_checkpoint": 0.0, "store_size": 4596, "vnn_nodes": 10186, "vnn_archways": 45880, "detail": null}
{"ts": "2026-07-17T12:10:08.773465", "event": "checkpoint:heartbeat", "session_sec": 58913.7, "sec_since_checkpoint": 0.0, "store_size": 5093, "vnn_nodes": 10195, "vnn_archways": 45880, "detail": null}
{"ts": "2026-07-17T12:51:24.056104", "event": "preserve:finally", "session_sec": 61389.0, "sec_since_checkpoint": 2475.3, "store_size": 5342, "vnn_nodes": 10201, "vnn_archways": 45880, "detail": null}
{"ts": "2026-07-17T13:32:36.736949", "event": "session_start", "session_sec": 0.0, "sec_since_checkpoint": 0.0, "store_size": 0, "vnn_nodes": 0, "vnn_archways": 0, "detail": null}
{"ts": "2026-07-17T13:42:46.942500", "event": "preserve:finally", "session_sec": 610.2, "sec_since_checkpoint": 610.2, "store_size": 715, "vnn_nodes": 1543, "vnn_archways": 5000, "detail": null}
{"ts": "2026-07-17T13:44:21.770206", "event": "session_start", "session_sec": 0.0, "sec_since_checkpoint": 0.0, "store_size": 5342, "vnn_nodes": 10201, "vnn_archways": 45880, "detail": null}
{"ts": "2026-07-17T13:52:10.475094", "event": "preserve:finally", "session_sec": 468.7, "sec_since_checkpoint": 468.7, "store_size": 5625, "vnn_nodes": 10412, "vnn_archways": 46522, "detail": null}
{"ts": "2026-07-17T18:03:32.397353", "event": "session_start", "session_sec": 0.0, "sec_since_checkpoint": 0.0, "store_size": 5625, "vnn_nodes": 10412, "vnn_archways": 46522, "detail": null}
{"ts": "2026-07-17T18:09:58.126145", "event": "preserve:finally", "session_sec": 385.7, "sec_since_checkpoint": 385.7, "store_size": 5854, "vnn_nodes": 10710, "vnn_archways": 48318, "detail": null}
{"ts": "2026-07-17T18:11:00.860858", "event": "session_start", "session_sec": 0.0, "sec_since_checkpoint": 0.0, "store_size": 5854, "vnn_nodes": 10710, "vnn_archways": 48318, "detail": null}
{"ts": "2026-07-17T18:18:15.690371", "event": "preserve:finally", "session_sec": 434.8, "sec_since_checkpoint": 434.8, "store_size": 6214, "vnn_nodes": 10775, "vnn_archways": 48670, "detail": null}
{"ts": "2026-07-17T19:02:00.415635", "event": "session_start", "session_sec": 0.0, "sec_since_checkpoint": 0.0, "store_size": 6214, "vnn_nodes": 10775, "vnn_archways": 48670, "detail": null}
{"ts": "2026-07-17T19:08:16.121453", "event": "preserve:finally", "session_sec": 375.7, "sec_since_checkpoint": 375.7, "store_size": 6313, "vnn_nodes": 11128, "vnn_archways": 50176, "detail": null}
{"ts": "2026-07-18T08:37:02.201043", "event": "session_start", "session_sec": 0.0, "sec_since_checkpoint": 0.0, "store_size": 0, "vnn_nodes": 0, "vnn_archways": 0, "detail": null}
{"ts": "2026-07-18T08:54:47.965289", "event": "preserve:finally", "session_sec": 1065.8, "sec_since_checkpoint": 1065.8, "store_size": 154, "vnn_nodes": 2236, "vnn_archways": 10938, "detail": null}
{"ts": "2026-07-18T09:36:49.811935", "event": "session_start", "session_sec": 0.0, "sec_since_checkpoint": 0.0, "store_size": 154, "vnn_nodes": 2236, "vnn_archways": 10938, "detail": null}
{"ts": "2026-07-18T09:38:07.674470", "event": "preserve:finally", "session_sec": 77.9, "sec_since_checkpoint": 77.9, "store_size": 176, "vnn_nodes": 2237, "vnn_archways": 10938, "detail": null}
{"ts": "2026-07-18T09:40:06.396546", "event": "session_start", "session_sec": 0.0, "sec_since_checkpoint": 0.0, "store_size": 176, "vnn_nodes": 2237, "vnn_archways": 10938, "detail": null}
{"ts": "2026-07-18T09:49:04.712852", "event": "preserve:finally", "session_sec": 538.3, "sec_since_checkpoint": 538.3, "store_size": 651, "vnn_nodes": 2330, "vnn_archways": 11342, "detail": null}
{"ts": "2026-07-18T09:58:52.937525", "event": "session_start", "session_sec": 0.0, "sec_since_checkpoint": 0.0, "store_size": 6313, "vnn_nodes": 11128, "vnn_archways": 50176, "detail": null}
{"ts": "2026-07-18T10:03:18.323502", "event": "preserve:finally", "session_sec": 265.4, "sec_since_checkpoint": 265.4, "store_size": 6461, "vnn_nodes": 11774, "vnn_archways": 54274, "detail": null}
{"ts": "2026-07-18T10:04:12.170601", "event": "session_start", "session_sec": 0.0, "sec_since_checkpoint": 0.0, "store_size": 6461, "vnn_nodes": 11774, "vnn_archways": 54274, "detail": null}
{"ts": "2026-07-18T13:00:56.692182", "event": "preserve:finally", "session_sec": 10604.5, "sec_since_checkpoint": 10604.5, "store_size": 7250, "vnn_nodes": 16763, "vnn_archways": 79988, "detail": null}
{"ts": "2026-07-18T13:52:21.417832", "event": "session_start", "session_sec": 0.0, "sec_since_checkpoint": 0.0, "store_size": 0, "vnn_nodes": 0, "vnn_archways": 0, "detail": null}
{"ts": "2026-07-18T13:55:02.809682", "event": "preserve:finally", "session_sec": 161.4, "sec_since_checkpoint": 161.4, "store_size": 320, "vnn_nodes": 382, "vnn_archways": 186, "detail": null}
{"ts": "2026-07-18T14:23:32.245285", "event": "session_start", "session_sec": 0.0, "sec_since_checkpoint": 0.0, "store_size": 320, "vnn_nodes": 382, "vnn_archways": 186, "detail": null}
{"ts": "2026-07-18T14:24:07.456256", "event": "preserve:finally", "session_sec": 35.2, "sec_since_checkpoint": 2.2, "store_size": 348, "vnn_nodes": 395, "vnn_archways": 186, "detail": null}
{"ts": "2026-07-18T14:24:17.856754", "event": "session_start", "session_sec": 0.0, "sec_since_checkpoint": 0.0, "store_size": 348, "vnn_nodes": 395, "vnn_archways": 186, "detail": null}
{"ts": "2026-07-18T14:24:40.237338", "event": "preserve:finally", "session_sec": 22.4, "sec_since_checkpoint": 2.8, "store_size": 385, "vnn_nodes": 409, "vnn_archways": 186, "detail": null}
{"ts": "2026-07-18T15:31:38.762593", "event": "session_start", "session_sec": 0.0, "sec_since_checkpoint": 0.0, "store_size": 385, "vnn_nodes": 409, "vnn_archways": 186, "detail": null}
{"ts": "2026-07-18T15:34:55.360117", "event": "preserve:finally", "session_sec": 196.6, "sec_since_checkpoint": 3.5, "store_size": 527, "vnn_nodes": 577, "vnn_archways": 1112, "detail": null}
{"ts": "2026-07-18T15:53:50.503507", "event": "session_start", "session_sec": 0.0, "sec_since_checkpoint": 0.0, "store_size": 0, "vnn_nodes": 0, "vnn_archways": 0, "detail": null}
{"ts": "2026-07-18T15:54:34.948079", "event": "preserve:finally", "session_sec": 44.4, "sec_since_checkpoint": 2.6, "store_size": 99, "vnn_nodes": 90, "vnn_archways": 0, "detail": null}
{"ts": "2026-07-18T15:55:57.045483", "event": "session_start", "session_sec": 0.0, "sec_since_checkpoint": 0.0, "store_size": 99, "vnn_nodes": 90, "vnn_archways": 0, "detail": null}
{"ts": "2026-07-18T15:56:11.676135", "event": "preserve:finally", "session_sec": 14.6, "sec_since_checkpoint": 2.5, "store_size": 116, "vnn_nodes": 111, "vnn_archways": 0, "detail": null}
{"ts": "2026-07-18T16:21:26.135999", "event": "session_start", "session_sec": 0.0, "sec_since_checkpoint": 0.0, "store_size": 0, "vnn_nodes": 0, "vnn_archways": 0, "detail": null}
{"ts": "2026-07-18T16:21:46.860381", "event": "preserve:finally", "session_sec": 20.7, "sec_since_checkpoint": 2.2, "store_size": 4, "vnn_nodes": 24, "vnn_archways": 0, "detail": null}
{"ts": "2026-07-18T16:32:35.065056", "event": "session_start", "session_sec": 0.0, "sec_since_checkpoint": 0.0, "store_size": 4, "vnn_nodes": 24, "vnn_archways": 0, "detail": null}
{"ts": "2026-07-18T16:32:57.896692", "event": "preserve:finally", "session_sec": 22.8, "sec_since_checkpoint": 2.1, "store_size": 32, "vnn_nodes": 67, "vnn_archways": 0, "detail": null}
{"ts": "2026-07-18T16:35:02.589607", "event": "session_start", "session_sec": 0.0, "sec_since_checkpoint": 0.0, "store_size": 32, "vnn_nodes": 67, "vnn_archways": 0, "detail": null}
{"ts": "2026-07-18T16:35:28.972735", "event": "preserve:finally", "session_sec": 26.4, "sec_since_checkpoint": 2.2, "store_size": 78, "vnn_nodes": 124, "vnn_archways": 0, "detail": null}
{"ts": "2026-07-18T16:35:39.231344", "event": "session_start", "session_sec": 0.0, "sec_since_checkpoint": 0.0, "store_size": 78, "vnn_nodes": 124, "vnn_archways": 0, "detail": null}
{"ts": "2026-07-18T16:37:23.163749", "event": "preserve:finally", "session_sec": 103.9, "sec_since_checkpoint": 2.0, "store_size": 130, "vnn_nodes": 125, "vnn_archways": 0, "detail": null}
{"ts": "2026-07-18T18:53:25.384932", "event": "session_start", "session_sec": 0.0, "sec_since_checkpoint": 0.0, "store_size": 0, "vnn_nodes": 0, "vnn_archways": 0, "detail": null}
{"ts": "2026-07-18T18:54:12.151309", "event": "preserve:finally", "session_sec": 46.8, "sec_since_checkpoint": 1.8, "store_size": 51, "vnn_nodes": 115, "vnn_archways": 0, "detail": null}
{"ts": "2026-07-18T18:54:25.971843", "event": "session_start", "session_sec": 0.0, "sec_since_checkpoint": 0.0, "store_size": 51, "vnn_nodes": 115, "vnn_archways": 0, "detail": null}
{"ts": "2026-07-18T18:54:37.672673", "event": "preserve:finally", "session_sec": 11.7, "sec_since_checkpoint": 2.0, "store_size": 59, "vnn_nodes": 129, "vnn_archways": 0, "detail": null}
{"ts": "2026-07-18T19:24:58.568766", "event": "session_start", "session_sec": 0.0, "sec_since_checkpoint": 0.0, "store_size": 0, "vnn_nodes": 0, "vnn_archways": 0, "detail": null}
{"ts": "2026-07-18T19:26:28.016887", "event": "preserve:finally", "session_sec": 89.4, "sec_since_checkpoint": 2.6, "store_size": 22, "vnn_nodes": 27, "vnn_archways": 12, "detail": null}
{"ts": "2026-07-18T19:26:51.625692", "event": "session_start", "session_sec": 0.0, "sec_since_checkpoint": 0.0, "store_size": 22, "vnn_nodes": 27, "vnn_archways": 12, "detail": null}
{"ts": "2026-07-18T19:33:25.336111", "event": "preserve:finally", "session_sec": 393.7, "sec_since_checkpoint": 2.0, "store_size": 372, "vnn_nodes": 560, "vnn_archways": 2386, "detail": null}
{"ts": "2026-07-18T19:33:37.520653", "event": "session_start", "session_sec": 0.0, "sec_since_checkpoint": 0.0, "store_size": 372, "vnn_nodes": 560, "vnn_archways": 2386, "detail": null}
{"ts": "2026-07-18T19:35:54.064177", "event": "preserve:finally", "session_sec": 136.5, "sec_since_checkpoint": 2.2, "store_size": 442, "vnn_nodes": 575, "vnn_archways": 2386, "detail": null}
{"ts": "2026-07-19T09:03:55.431007", "event": "session_start", "session_sec": 0.0, "sec_since_checkpoint": 0.0, "store_size": 0, "vnn_nodes": 0, "vnn_archways": 0, "detail": null}
{"ts": "2026-07-19T09:06:06.610972", "event": "preserve:finally", "session_sec": 131.2, "sec_since_checkpoint": 2.0, "store_size": 148, "vnn_nodes": 77, "vnn_archways": 0, "detail": null}
{"ts": "2026-07-19T09:06:24.905126", "event": "session_start", "session_sec": 0.0, "sec_since_checkpoint": 0.0, "store_size": 148, "vnn_nodes": 77, "vnn_archways": 0, "detail": null}
{"ts": "2026-07-19T09:08:03.049596", "event": "preserve:finally", "session_sec": 98.1, "sec_since_checkpoint": 2.1, "store_size": 353, "vnn_nodes": 83, "vnn_archways": 0, "detail": null}
{"ts": "2026-07-19T09:29:08.362078", "event": "session_start", "session_sec": 0.0, "sec_since_checkpoint": 0.0, "store_size": 7250, "vnn_nodes": 16763, "vnn_archways": 79988, "detail": null}
{"ts": "2026-07-19T10:29:09.567212", "event": "checkpoint:heartbeat", "session_sec": 3601.2, "sec_since_checkpoint": 0.0, "store_size": 9309, "vnn_nodes": 17134, "vnn_archways": 81884, "detail": null}
{"ts": "2026-07-19T11:11:12.313863", "event": "preserve:finally", "session_sec": 6124.0, "sec_since_checkpoint": 20.8, "store_size": 10345, "vnn_nodes": 17270, "vnn_archways": 82386, "detail": null}
{"ts": "2026-07-19T13:17:29.651800", "event": "session_start", "session_sec": 0.0, "sec_since_checkpoint": 0.0, "store_size": 0, "vnn_nodes": 0, "vnn_archways": 0, "detail": null}
{"ts": "2026-07-19T13:18:07.914958", "event": "preserve:finally", "session_sec": 38.3, "sec_since_checkpoint": 2.4, "store_size": 14, "vnn_nodes": 24, "vnn_archways": 0, "detail": null}
{"ts": "2026-07-19T13:25:44.482836", "event": "session_start", "session_sec": 0.0, "sec_since_checkpoint": 0.0, "store_size": 14, "vnn_nodes": 24, "vnn_archways": 0, "detail": null}
{"ts": "2026-07-19T13:39:07.042706", "event": "preserve:finally", "session_sec": 802.6, "sec_since_checkpoint": 13.4, "store_size": 5465, "vnn_nodes": 33, "vnn_archways": 0, "detail": null}
{"ts": "2026-07-19T13:58:31.287480", "event": "session_start", "session_sec": 0.0, "sec_since_checkpoint": 0.0, "store_size": 0, "vnn_nodes": 0, "vnn_archways": 0, "detail": null}
{"ts": "2026-07-19T14:01:26.024967", "event": "preserve:finally", "session_sec": 174.7, "sec_since_checkpoint": 2.3, "store_size": 54, "vnn_nodes": 798, "vnn_archways": 4798, "detail": null}
{"ts": "2026-07-19T14:22:42.261153", "event": "session_start", "session_sec": 0.0, "sec_since_checkpoint": 0.0, "store_size": 10345, "vnn_nodes": 17270, "vnn_archways": 82386, "detail": null}
{"ts": "2026-07-19T15:22:44.054719", "event": "checkpoint:heartbeat", "session_sec": 3601.8, "sec_since_checkpoint": 0.0, "store_size": 12000, "vnn_nodes": 17318, "vnn_archways": 82664, "detail": null}
{"ts": "2026-07-19T16:13:30.302092", "event": "preserve:finally", "session_sec": 6648.0, "sec_since_checkpoint": 28.8, "store_size": 12432, "vnn_nodes": 18976, "vnn_archways": 89444, "detail": null}
{"ts": "2026-07-19T17:04:41.023894", "event": "session_start", "session_sec": 0.0, "sec_since_checkpoint": 0.0, "store_size": 0, "vnn_nodes": 0, "vnn_archways": 0, "detail": null}
{"ts": "2026-07-19T17:07:14.307959", "event": "preserve:finally", "session_sec": 153.3, "sec_since_checkpoint": 2.3, "store_size": 62, "vnn_nodes": 707, "vnn_archways": 4266, "detail": null}
{"ts": "2026-07-19T17:12:47.590071", "event": "session_start", "session_sec": 0.0, "sec_since_checkpoint": 0.0, "store_size": 62, "vnn_nodes": 707, "vnn_archways": 4266, "detail": null}
{"ts": "2026-07-19T18:12:47.709474", "event": "checkpoint:heartbeat", "session_sec": 3600.1, "sec_since_checkpoint": 0.0, "store_size": 3273, "vnn_nodes": 3840, "vnn_archways": 18024, "detail": null}
{"ts": "2026-07-19T19:12:47.774734", "event": "checkpoint:heartbeat", "session_sec": 7200.2, "sec_since_checkpoint": 0.0, "store_size": 5606, "vnn_nodes": 3847, "vnn_archways": 18024, "detail": null}
{"ts": "2026-07-20T07:00:11.125178", "event": "checkpoint:heartbeat", "session_sec": 49643.5, "sec_since_checkpoint": 0.0, "store_size": 7466, "vnn_nodes": 11940, "vnn_archways": 56152, "detail": null}
{"ts": "2026-07-20T07:14:18.628571", "event": "preserve:finally", "session_sec": 50491.0, "sec_since_checkpoint": 17.3, "store_size": 7644, "vnn_nodes": 11963, "vnn_archways": 56166, "detail": null}
{"ts": "2026-07-20T10:57:56.624834", "event": "session_start", "session_sec": 0.0, "sec_since_checkpoint": 0.0, "store_size": 7644, "vnn_nodes": 11963, "vnn_archways": 56166, "detail": null}
{"ts": "2026-07-20T11:57:57.484367", "event": "checkpoint:heartbeat", "session_sec": 3600.9, "sec_since_checkpoint": 0.0, "store_size": 9406, "vnn_nodes": 12145, "vnn_archways": 56858, "detail": null}
{"ts": "2026-07-20T12:34:33.703884", "event": "preserve:finally", "session_sec": 5797.1, "sec_since_checkpoint": 28.6, "store_size": 10270, "vnn_nodes": 12150, "vnn_archways": 56858, "detail": null}
{"ts": "2026-07-20T12:39:46.322173", "event": "session_start", "session_sec": 0.0, "sec_since_checkpoint": 0.0, "store_size": 10270, "vnn_nodes": 12150, "vnn_archways": 56858, "detail": null}
{"ts": "2026-07-20T12:40:43.834111", "event": "preserve:finally", "session_sec": 57.5, "sec_since_checkpoint": 40.2, "store_size": 10277, "vnn_nodes": 12150, "vnn_archways": 56858, "detail": null}
{"ts": "2026-07-20T12:41:17.442510", "event": "session_start", "session_sec": 0.0, "sec_since_checkpoint": 0.0, "store_size": 10277, "vnn_nodes": 12150, "vnn_archways": 56858, "detail": null}
{"ts": "2026-07-20T13:41:17.699204", "event": "checkpoint:heartbeat", "session_sec": 3600.3, "sec_since_checkpoint": 0.0, "store_size": 12268, "vnn_nodes": 17507, "vnn_archways": 91926, "detail": null}
{"ts": "2026-07-20T14:41:18.017060", "event": "checkpoint:heartbeat", "session_sec": 7200.6, "sec_since_checkpoint": 0.0, "store_size": 13271, "vnn_nodes": 17511, "vnn_archways": 91928, "detail": null}
{"ts": "2026-07-20T15:37:04.349713", "event": "preserve:finally", "session_sec": 10546.9, "sec_since_checkpoint": 124.1, "store_size": 13963, "vnn_nodes": 17515, "vnn_archways": 91928, "detail": null}
{"ts": "2026-07-20T15:48:40.738691", "event": "session_start", "session_sec": 0.0, "sec_since_checkpoint": 0.0, "store_size": 0, "vnn_nodes": 0, "vnn_archways": 0, "detail": null}
{"ts": "2026-07-20T15:48:55.503581", "event": "preserve:finally", "session_sec": 14.8, "sec_since_checkpoint": 2.2, "store_size": 6, "vnn_nodes": 25, "vnn_archways": 0, "detail": null}
{"ts": "2026-07-20T17:51:15.775392", "event": "session_start", "session_sec": 0.0, "sec_since_checkpoint": 0.0, "store_size": 13963, "vnn_nodes": 17515, "vnn_archways": 91928, "detail": null}
{"ts": "2026-07-20T18:14:27.746650", "event": "preserve:finally", "session_sec": 1392.0, "sec_since_checkpoint": 35.9, "store_size": 14089, "vnn_nodes": 19020, "vnn_archways": 104462, "detail": null}
{"ts": "2026-07-20T18:16:21.072604", "event": "session_start", "session_sec": 0.0, "sec_since_checkpoint": 0.0, "store_size": 14089, "vnn_nodes": 19020, "vnn_archways": 104462, "detail": null}
{"ts": "2026-07-20T18:17:37.504929", "event": "preserve:finally", "session_sec": 76.4, "sec_since_checkpoint": 33.0, "store_size": 14100, "vnn_nodes": 19021, "vnn_archways": 104462, "detail": null}
{"ts": "2026-07-20T18:50:32.109306", "event": "session_start", "session_sec": 0.0, "sec_since_checkpoint": 0.0, "store_size": 0, "vnn_nodes": 0, "vnn_archways": 0, "detail": null}
{"ts": "2026-07-20T18:52:54.398155", "event": "preserve:finally", "session_sec": 142.3, "sec_since_checkpoint": 2.5, "store_size": 325, "vnn_nodes": 29, "vnn_archways": 0, "detail": null}
{"ts": "2026-07-20T18:54:47.127269", "event": "session_start", "session_sec": 0.0, "sec_since_checkpoint": 0.0, "store_size": 325, "vnn_nodes": 29, "vnn_archways": 0, "detail": null}
{"ts": "2026-07-20T19:01:00.967632", "event": "preserve:finally", "session_sec": 373.8, "sec_since_checkpoint": 2.6, "store_size": 472, "vnn_nodes": 1454, "vnn_archways": 8738, "detail": null}
{"ts": "2026-07-20T19:01:11.958397", "event": "session_start", "session_sec": 0.0, "sec_since_checkpoint": 0.0, "store_size": 472, "vnn_nodes": 1454, "vnn_archways": 8738, "detail": null}
{"ts": "2026-07-20T19:01:23.096493", "event": "preserve:finally", "session_sec": 11.1, "sec_since_checkpoint": 2.4, "store_size": 482, "vnn_nodes": 1458, "vnn_archways": 8738, "detail": null}
{"ts": "2026-07-20T19:02:18.554436", "event": "session_start", "session_sec": 0.0, "sec_since_checkpoint": 0.0, "store_size": 482, "vnn_nodes": 1458, "vnn_archways": 8738, "detail": null}
{"ts": "2026-07-20T19:07:21.187651", "event": "preserve:finally", "session_sec": 302.6, "sec_since_checkpoint": 3.3, "store_size": 869, "vnn_nodes": 2193, "vnn_archways": 11250, "detail": null}
{"ts": "2026-07-20T19:07:28.279729", "event": "session_start", "session_sec": 0.0, "sec_since_checkpoint": 0.0, "store_size": 869, "vnn_nodes": 2193, "vnn_archways": 11250, "detail": null}
{"ts": "2026-07-20T19:10:33.962282", "event": "preserve:finally", "session_sec": 185.7, "sec_since_checkpoint": 4.2, "store_size": 1244, "vnn_nodes": 2701, "vnn_archways": 13860, "detail": null}
{"ts": "2026-07-20T19:35:13.115177", "event": "session_start", "session_sec": 0.0, "sec_since_checkpoint": 0.0, "store_size": 1244, "vnn_nodes": 2701, "vnn_archways": 13860, "detail": null}
{"ts": "2026-07-20T19:36:29.126963", "event": "preserve:finally", "session_sec": 76.0, "sec_since_checkpoint": 4.4, "store_size": 1396, "vnn_nodes": 2914, "vnn_archways": 13906, "detail": null}
{"ts": "2026-07-20T19:36:40.679956", "event": "session_start", "session_sec": 0.0, "sec_since_checkpoint": 0.0, "store_size": 1396, "vnn_nodes": 2914, "vnn_archways": 13906, "detail": null}
{"ts": "2026-07-20T19:36:51.230198", "event": "preserve:finally", "session_sec": 10.6, "sec_since_checkpoint": 4.4, "store_size": 1398, "vnn_nodes": 2914, "vnn_archways": 13906, "detail": null}
{"ts": "2026-07-20T19:44:59.739895", "event": "session_start", "session_sec": 0.0, "sec_since_checkpoint": 0.0, "store_size": 14100, "vnn_nodes": 19021, "vnn_archways": 104462, "detail": null}
{"ts": "2026-07-20T22:52:26.034190", "event": "checkpoint:heartbeat", "session_sec": 11246.3, "sec_since_checkpoint": 0.0, "store_size": 14855, "vnn_nodes": 23187, "vnn_archways": 128392, "detail": null}
{"ts": "2026-07-20T22:55:05.483314", "event": "preserve:finally", "session_sec": 11405.7, "sec_since_checkpoint": 33.5, "store_size": 14859, "vnn_nodes": 23263, "vnn_archways": 128922, "detail": null}
{"ts": "2026-07-21T09:29:23.254345", "event": "session_start", "session_sec": 0.0, "sec_since_checkpoint": 0.0, "store_size": 14859, "vnn_nodes": 23263, "vnn_archways": 128922, "detail": null}
{"ts": "2026-07-21T10:40:29.329202", "event": "checkpoint:heartbeat", "session_sec": 4266.1, "sec_since_checkpoint": 0.0, "store_size": 16697, "vnn_nodes": 33920, "vnn_archways": 149878, "detail": null}
{"ts": "2026-07-21T10:51:20.808169", "event": "preserve:finally", "session_sec": 4917.6, "sec_since_checkpoint": 40.3, "store_size": 17060, "vnn_nodes": 33943, "vnn_archways": 150030, "detail": null}
{"ts": "2026-07-21T11:10:57.404780", "event": "session_start", "session_sec": 0.0, "sec_since_checkpoint": 0.0, "store_size": 17060, "vnn_nodes": 33943, "vnn_archways": 150030, "detail": null}
{"ts": "2026-07-21T12:10:57.646640", "event": "checkpoint:heartbeat", "session_sec": 3600.2, "sec_since_checkpoint": 0.0, "store_size": 19220, "vnn_nodes": 33974, "vnn_archways": 150030, "detail": null}
{"ts": "2026-07-21T13:10:58.043658", "event": "checkpoint:heartbeat", "session_sec": 7200.6, "sec_since_checkpoint": 0.0, "store_size": 21153, "vnn_nodes": 34001, "vnn_archways": 150082, "detail": null}
{"ts": "2026-07-21T13:47:29.148379", "event": "preserve:finally", "session_sec": 9391.7, "sec_since_checkpoint": 51.7, "store_size": 21919, "vnn_nodes": 34007, "vnn_archways": 150082, "detail": null}
{"ts": "2026-07-21T13:53:20.955897", "event": "session_start", "session_sec": 0.0, "sec_since_checkpoint": 0.0, "store_size": 21919, "vnn_nodes": 34007, "vnn_archways": 150082, "detail": null}
{"ts": "2026-07-21T14:53:21.172069", "event": "checkpoint:heartbeat", "session_sec": 3600.2, "sec_since_checkpoint": 0.0, "store_size": 23383, "vnn_nodes": 34036, "vnn_archways": 150170, "detail": null}
{"ts": "2026-07-21T15:53:21.527992", "event": "checkpoint:heartbeat", "session_sec": 7200.6, "sec_since_checkpoint": 0.0, "store_size": 24682, "vnn_nodes": 34114, "vnn_archways": 150538, "detail": null}
{"ts": "2026-07-21T16:53:22.070338", "event": "checkpoint:heartbeat", "session_sec": 10801.1, "sec_since_checkpoint": 0.0, "store_size": 25572, "vnn_nodes": 35099, "vnn_archways": 155654, "detail": null}
{"ts": "2026-07-21T17:53:24.005972", "event": "checkpoint:heartbeat", "session_sec": 14403.1, "sec_since_checkpoint": 0.0, "store_size": 26228, "vnn_nodes": 35252, "vnn_archways": 156474, "detail": null}
{"ts": "2026-07-21T18:53:27.652225", "event": "checkpoint:heartbeat", "session_sec": 18006.7, "sec_since_checkpoint": 0.0, "store_size": 26683, "vnn_nodes": 35257, "vnn_archways": 156474, "detail": null}
{"ts": "2026-07-22T07:18:48.211513", "event": "checkpoint:heartbeat", "session_sec": 62727.3, "sec_since_checkpoint": 0.0, "store_size": 27340, "vnn_nodes": 40433, "vnn_archways": 181454, "detail": null}
{"ts": "2026-07-22T08:18:48.908618", "event": "checkpoint:heartbeat", "session_sec": 66328.0, "sec_since_checkpoint": 0.0, "store_size": 28027, "vnn_nodes": 40685, "vnn_archways": 182398, "detail": null}
{"ts": "2026-07-22T09:18:49.187286", "event": "checkpoint:heartbeat", "session_sec": 69928.2, "sec_since_checkpoint": 0.0, "store_size": 29428, "vnn_nodes": 40697, "vnn_archways": 182398, "detail": null}
{"ts": "2026-07-22T10:18:49.815704", "event": "checkpoint:heartbeat", "session_sec": 73528.9, "sec_since_checkpoint": 0.0, "store_size": 31711, "vnn_nodes": 41239, "vnn_archways": 184852, "detail": null}
{"ts": "2026-07-22T11:18:50.108593", "event": "checkpoint:heartbeat", "session_sec": 77129.2, "sec_since_checkpoint": 0.0, "store_size": 32837, "vnn_nodes": 41424, "vnn_archways": 185722, "detail": null}
{"ts": "2026-07-22T12:18:50.453105", "event": "checkpoint:heartbeat", "session_sec": 80729.5, "sec_since_checkpoint": 0.0, "store_size": 33614, "vnn_nodes": 43317, "vnn_archways": 193916, "detail": null}
{"ts": "2026-07-22T13:18:50.839765", "event": "checkpoint:heartbeat", "session_sec": 84329.9, "sec_since_checkpoint": 0.0, "store_size": 34085, "vnn_nodes": 43323, "vnn_archways": 193916, "detail": null}
{"ts": "2026-07-22T14:18:51.211721", "event": "checkpoint:heartbeat", "session_sec": 87930.3, "sec_since_checkpoint": 0.0, "store_size": 34919, "vnn_nodes": 43364, "vnn_archways": 194064, "detail": null}
{"ts": "2026-07-22T15:18:51.634364", "event": "checkpoint:heartbeat", "session_sec": 91530.7, "sec_since_checkpoint": 0.0, "store_size": 34924, "vnn_nodes": 43398, "vnn_archways": 194266, "detail": null}
{"ts": "2026-07-22T16:18:52.030507", "event": "checkpoint:heartbeat", "session_sec": 95131.1, "sec_since_checkpoint": 0.0, "store_size": 34925, "vnn_nodes": 43401, "vnn_archways": 194266, "detail": null}
{"ts": "2026-07-22T17:18:54.702695", "event": "checkpoint:heartbeat", "session_sec": 98733.7, "sec_since_checkpoint": 0.0, "store_size": 35006, "vnn_nodes": 43995, "vnn_archways": 198230, "detail": null}
{"ts": "2026-07-22T18:18:56.045049", "event": "checkpoint:heartbeat", "session_sec": 102335.1, "sec_since_checkpoint": 0.0, "store_size": 35091, "vnn_nodes": 44960, "vnn_archways": 202208, "detail": null}
{"ts": "2026-07-22T19:18:56.721492", "event": "checkpoint:heartbeat", "session_sec": 105935.8, "sec_since_checkpoint": 0.0, "store_size": 35249, "vnn_nodes": 45130, "vnn_archways": 203018, "detail": null}
{"ts": "2026-07-23T07:31:27.769978", "event": "checkpoint:heartbeat", "session_sec": 149886.8, "sec_since_checkpoint": 0.0, "store_size": 35460, "vnn_nodes": 47113, "vnn_archways": 212156, "detail": null}
{"ts": "2026-07-23T08:31:28.783492", "event": "checkpoint:heartbeat", "session_sec": 153487.8, "sec_since_checkpoint": 0.0, "store_size": 36552, "vnn_nodes": 47631, "vnn_archways": 214412, "detail": null}
{"ts": "2026-07-23T09:31:29.196343", "event": "checkpoint:heartbeat", "session_sec": 157088.2, "sec_since_checkpoint": 0.0, "store_size": 37841, "vnn_nodes": 47644, "vnn_archways": 214412, "detail": null}
{"ts": "2026-07-23T10:31:29.721118", "event": "checkpoint:heartbeat", "session_sec": 160688.8, "sec_since_checkpoint": 0.0, "store_size": 39125, "vnn_nodes": 47659, "vnn_archways": 214412, "detail": null}
{"ts": "2026-07-23T11:31:30.199726", "event": "checkpoint:heartbeat", "session_sec": 164289.2, "sec_since_checkpoint": 0.0, "store_size": 39806, "vnn_nodes": 47871, "vnn_archways": 215214, "detail": null}
{"ts": "2026-07-23T12:31:30.913838", "event": "checkpoint:heartbeat", "session_sec": 167890.0, "sec_since_checkpoint": 0.0, "store_size": 40345, "vnn_nodes": 47880, "vnn_archways": 215216, "detail": null}
{"ts": "2026-07-23T13:31:31.414280", "event": "checkpoint:heartbeat", "session_sec": 171490.5, "sec_since_checkpoint": 0.0, "store_size": 40684, "vnn_nodes": 47882, "vnn_archways": 215216, "detail": null}
{"ts": "2026-07-23T14:31:31.829216", "event": "checkpoint:heartbeat", "session_sec": 175090.9, "sec_since_checkpoint": 0.0, "store_size": 40697, "vnn_nodes": 47885, "vnn_archways": 215218, "detail": null}
{"ts": "2026-07-23T15:31:32.423267", "event": "checkpoint:heartbeat", "session_sec": 178691.5, "sec_since_checkpoint": 0.0, "store_size": 40705, "vnn_nodes": 47887, "vnn_archways": 215218, "detail": null}
{"ts": "2026-07-23T16:31:32.942627", "event": "checkpoint:heartbeat", "session_sec": 182292.0, "sec_since_checkpoint": 0.0, "store_size": 40707, "vnn_nodes": 47891, "vnn_archways": 215218, "detail": null}
{"ts": "2026-07-23T17:31:33.373453", "event": "checkpoint:heartbeat", "session_sec": 185892.4, "sec_since_checkpoint": 0.0, "store_size": 40707, "vnn_nodes": 47896, "vnn_archways": 215218, "detail": null}
{"ts": "2026-07-23T18:31:34.718591", "event": "checkpoint:heartbeat", "session_sec": 189493.8, "sec_since_checkpoint": 0.0, "store_size": 40726, "vnn_nodes": 48135, "vnn_archways": 216214, "detail": null}
{"ts": "2026-07-23T19:31:35.240399", "event": "checkpoint:heartbeat", "session_sec": 193094.3, "sec_since_checkpoint": 0.0, "store_size": 40730, "vnn_nodes": 48140, "vnn_archways": 216214, "detail": null}
{"ts": "2026-07-23T20:31:35.734242", "event": "checkpoint:heartbeat", "session_sec": 196694.8, "sec_since_checkpoint": 0.0, "store_size": 40844, "vnn_nodes": 48197, "vnn_archways": 216422, "detail": null}
{"ts": "2026-07-24T07:39:29.418672", "event": "checkpoint:heartbeat", "session_sec": 236768.5, "sec_since_checkpoint": 0.0, "store_size": 38911, "vnn_nodes": 48315, "vnn_archways": 216982, "detail": null}
{"ts": "2026-07-24T08:39:30.247454", "event": "checkpoint:heartbeat", "session_sec": 240369.3, "sec_since_checkpoint": 0.0, "store_size": 39552, "vnn_nodes": 48337, "vnn_archways": 217014, "detail": null}
{"ts": "2026-07-24T09:13:22.973300", "event": "preserve:finally", "session_sec": 242402.0, "sec_since_checkpoint": 98.3, "store_size": 40309, "vnn_nodes": 50092, "vnn_archways": 226552, "detail": null}
{"ts": "2026-07-24T10:01:21.661481", "event": "session_start", "session_sec": 0.0, "sec_since_checkpoint": 0.0, "store_size": 40309, "vnn_nodes": 50092, "vnn_archways": 226552, "detail": null}
{"ts": "2026-07-24T10:40:04.819292", "event": "preserve:finally", "session_sec": 2323.2, "sec_since_checkpoint": 95.3, "store_size": 41133, "vnn_nodes": 50255, "vnn_archways": 227518, "detail": null}
{"ts": "2026-07-24T13:00:59.601979", "event": "session_start", "session_sec": 0.0, "sec_since_checkpoint": 0.0, "store_size": 41133, "vnn_nodes": 50255, "vnn_archways": 227518, "detail": null}
{"ts": "2026-07-24T13:51:40.436787", "event": "preserve:finally", "session_sec": 3040.8, "sec_since_checkpoint": 95.8, "store_size": 41868, "vnn_nodes": 50255, "vnn_archways": 227532, "detail": null}
{"ts": "2026-07-24T14:28:09.510991", "event": "session_start", "session_sec": 0.0, "sec_since_checkpoint": 0.0, "store_size": 41868, "vnn_nodes": 50255, "vnn_archways": 227532, "detail": null}
{"ts": "2026-07-24T14:38:45.339188", "event": "checkpoint:memory_pressure", "session_sec": 635.8, "sec_since_checkpoint": 0.0, "store_size": 41884, "vnn_nodes": 69972, "vnn_archways": 352346, "detail": null}
{"ts": "2026-07-24T14:41:20.859925", "event": "checkpoint:memory_pressure", "session_sec": 791.3, "sec_since_checkpoint": 0.0, "store_size": 41884, "vnn_nodes": 69972, "vnn_archways": 352346, "detail": null}
{"ts": "2026-07-24T14:43:53.768967", "event": "checkpoint:memory_pressure", "session_sec": 944.3, "sec_since_checkpoint": 0.0, "store_size": 41885, "vnn_nodes": 69972, "vnn_archways": 352346, "detail": null}
{"ts": "2026-07-24T14:46:31.177330", "event": "checkpoint:memory_pressure", "session_sec": 1101.7, "sec_since_checkpoint": 0.0, "store_size": 41885, "vnn_nodes": 69972, "vnn_archways": 352346, "detail": null}
{"ts": "2026-07-24T14:49:11.840146", "event": "checkpoint:memory_pressure", "session_sec": 1262.3, "sec_since_checkpoint": 0.0, "store_size": 41885, "vnn_nodes": 69973, "vnn_archways": 352346, "detail": null}
{"ts": "2026-07-24T14:51:51.243216", "event": "checkpoint:memory_pressure", "session_sec": 1421.7, "sec_since_checkpoint": 0.0, "store_size": 41885, "vnn_nodes": 69973, "vnn_archways": 352346, "detail": null}
{"ts": "2026-07-24T14:54:25.674560", "event": "checkpoint:memory_pressure", "session_sec": 1576.2, "sec_since_checkpoint": 0.0, "store_size": 41885, "vnn_nodes": 69973, "vnn_archways": 352346, "detail": null}
{"ts": "2026-07-24T14:57:05.114242", "event": "checkpoint:memory_pressure", "session_sec": 1735.6, "sec_since_checkpoint": 0.0, "store_size": 41885, "vnn_nodes": 69973, "vnn_archways": 352346, "detail": null}
{"ts": "2026-07-24T14:59:39.629999", "event": "checkpoint:memory_pressure", "session_sec": 1890.1, "sec_since_checkpoint": 0.0, "store_size": 41885, "vnn_nodes": 69974, "vnn_archways": 352346, "detail": null}
{"ts": "2026-07-24T15:02:27.838158", "event": "checkpoint:memory_pressure", "session_sec": 2058.3, "sec_since_checkpoint": 0.0, "store_size": 41885, "vnn_nodes": 69974, "vnn_archways": 352346, "detail": null}
{"ts": "2026-07-24T15:05:03.057380", "event": "checkpoint:memory_pressure", "session_sec": 2213.5, "sec_since_checkpoint": 0.0, "store_size": 41885, "vnn_nodes": 69974, "vnn_archways": 352346, "detail": null}
{"ts": "2026-07-24T15:07:43.128803", "event": "checkpoint:memory_pressure", "session_sec": 2373.6, "sec_since_checkpoint": 0.0, "store_size": 41885, "vnn_nodes": 69974, "vnn_archways": 352346, "detail": null}
{"ts": "2026-07-24T15:10:30.482350", "event": "checkpoint:memory_pressure", "session_sec": 2541.0, "sec_since_checkpoint": 0.0, "store_size": 41885, "vnn_nodes": 69975, "vnn_archways": 352346, "detail": null}
{"ts": "2026-07-24T15:13:08.396060", "event": "checkpoint:memory_pressure", "session_sec": 2698.9, "sec_since_checkpoint": 0.0, "store_size": 41885, "vnn_nodes": 69976, "vnn_archways": 352346, "detail": null}
{"ts": "2026-07-24T15:15:48.456320", "event": "checkpoint:memory_pressure", "session_sec": 2858.9, "sec_since_checkpoint": 0.0, "store_size": 41885, "vnn_nodes": 69976, "vnn_archways": 352346, "detail": null}
{"ts": "2026-07-24T15:18:49.236720", "event": "checkpoint:memory_pressure", "session_sec": 3039.7, "sec_since_checkpoint": 0.0, "store_size": 41885, "vnn_nodes": 70200, "vnn_archways": 353690, "detail": null}
{"ts": "2026-07-24T15:21:31.837130", "event": "checkpoint:memory_pressure", "session_sec": 3202.3, "sec_since_checkpoint": 0.0, "store_size": 41885, "vnn_nodes": 70200, "vnn_archways": 353690, "detail": null}
{"ts": "2026-07-24T15:24:18.566692", "event": "checkpoint:memory_pressure", "session_sec": 3369.1, "sec_since_checkpoint": 0.0, "store_size": 41885, "vnn_nodes": 70200, "vnn_archways": 353690, "detail": null}
{"ts": "2026-07-24T15:26:57.118655", "event": "checkpoint:memory_pressure", "session_sec": 3527.6, "sec_since_checkpoint": 0.0, "store_size": 41885, "vnn_nodes": 70201, "vnn_archways": 353690, "detail": null}
{"ts": "2026-07-24T15:29:43.680365", "event": "checkpoint:memory_pressure", "session_sec": 3694.2, "sec_since_checkpoint": 0.0, "store_size": 41885, "vnn_nodes": 70201, "vnn_archways": 353690, "detail": null}
{"ts": "2026-07-24T15:32:27.548392", "event": "checkpoint:memory_pressure", "session_sec": 3858.0, "sec_since_checkpoint": 0.0, "store_size": 41885, "vnn_nodes": 70201, "vnn_archways": 353690, "detail": null}
{"ts": "2026-07-24T15:35:17.487359", "event": "checkpoint:memory_pressure", "session_sec": 4028.0, "sec_since_checkpoint": 0.0, "store_size": 41885, "vnn_nodes": 70201, "vnn_archways": 353690, "detail": null}
{"ts": "2026-07-24T15:37:55.174843", "event": "checkpoint:memory_pressure", "session_sec": 4185.7, "sec_since_checkpoint": 0.0, "store_size": 41885, "vnn_nodes": 70201, "vnn_archways": 353690, "detail": null}
{"ts": "2026-07-24T15:44:38.479775", "event": "checkpoint:memory_pressure", "session_sec": 4589.0, "sec_since_checkpoint": 0.0, "store_size": 41885, "vnn_nodes": 70201, "vnn_archways": 353690, "detail": null}
{"ts": "2026-07-24T15:47:30.533572", "event": "checkpoint:memory_pressure", "session_sec": 4761.0, "sec_since_checkpoint": 0.0, "store_size": 41885, "vnn_nodes": 70201, "vnn_archways": 353690, "detail": null}
{"ts": "2026-07-24T15:49:58.995638", "event": "preserve:finally", "session_sec": 4909.5, "sec_since_checkpoint": 113.1, "store_size": 41885, "vnn_nodes": 70201, "vnn_archways": 353690, "detail": null}
{"ts": "2026-07-24T16:02:49.549201", "event": "session_start", "session_sec": 0.0, "sec_since_checkpoint": 0.0, "store_size": 41885, "vnn_nodes": 70201, "vnn_archways": 353690, "detail": null}
{"ts": "2026-07-24T16:08:48.954458", "event": "preserve:finally", "session_sec": 359.4, "sec_since_checkpoint": 109.3, "store_size": 42084, "vnn_nodes": 70236, "vnn_archways": 353946, "detail": null}
{"ts": "2026-07-24T16:11:55.025209", "event": "session_start", "session_sec": 0.0, "sec_since_checkpoint": 0.0, "store_size": 42084, "vnn_nodes": 70236, "vnn_archways": 353946, "detail": null}
{"ts": "2026-07-24T17:11:55.429015", "event": "checkpoint:heartbeat", "session_sec": 3600.4, "sec_since_checkpoint": 0.0, "store_size": 43860, "vnn_nodes": 71376, "vnn_archways": 358742, "detail": null}
{"ts": "2026-07-24T17:16:54.508904", "event": "checkpoint:memory_pressure", "session_sec": 3899.5, "sec_since_checkpoint": 0.0, "store_size": 43860, "vnn_nodes": 71063, "vnn_archways": 356742, "detail": null}
{"ts": "2026-07-24T17:20:50.532261", "event": "preserve:finally", "session_sec": 4135.5, "sec_since_checkpoint": 114.9, "store_size": 43860, "vnn_nodes": 71063, "vnn_archways": 356742, "detail": null}
{"ts": "2026-07-24T19:07:50.602006", "event": "session_start", "session_sec": 0.0, "sec_since_checkpoint": 0.0, "store_size": 43860, "vnn_nodes": 71063, "vnn_archways": 356742, "detail": null}
{"ts": "2026-07-24T19:26:40.371584", "event": "preserve:finally", "session_sec": 1129.8, "sec_since_checkpoint": 8.5, "store_size": 44278, "vnn_nodes": 71967, "vnn_archways": 362314, "detail": null}
{"ts": "2026-07-24T20:28:07.955472", "event": "session_start", "session_sec": 0.0, "sec_since_checkpoint": 0.0, "store_size": 44278, "vnn_nodes": 71967, "vnn_archways": 362314, "detail": null}
{"ts": "2026-07-24T20:49:08.847376", "event": "preserve:finally", "session_sec": 1260.9, "sec_since_checkpoint": 10.7, "store_size": 44585, "vnn_nodes": 72415, "vnn_archways": 364928, "detail": null}
{"ts": "2026-07-25T09:20:40.878398", "event": "session_start", "session_sec": 0.0, "sec_since_checkpoint": 0.0, "store_size": 44585, "vnn_nodes": 72415, "vnn_archways": 364928, "detail": null}
{"ts": "2026-07-25T09:22:24.539350", "event": "preserve:finally", "session_sec": 103.7, "sec_since_checkpoint": 8.9, "store_size": 44615, "vnn_nodes": 72416, "vnn_archways": 364928, "detail": null}
{"ts": "2026-07-25T14:24:53.068796", "event": "session_start", "session_sec": 0.0, "sec_since_checkpoint": 0.0, "store_size": 44615, "vnn_nodes": 72416, "vnn_archways": 364928, "detail": null}
{"ts": "2026-07-25T14:25:59.714077", "event": "preserve:finally", "session_sec": 66.6, "sec_since_checkpoint": 10.1, "store_size": 44649, "vnn_nodes": 72418, "vnn_archways": 364928, "detail": null}
{"ts": "2026-07-25T14:35:49.164141", "event": "session_start", "session_sec": 0.0, "sec_since_checkpoint": 0.0, "store_size": 44649, "vnn_nodes": 72418, "vnn_archways": 364928, "detail": null}
{"ts": "2026-07-25T14:36:25.560082", "event": "preserve:finally", "session_sec": 36.4, "sec_since_checkpoint": 8.5, "store_size": 44662, "vnn_nodes": 72418, "vnn_archways": 364928, "detail": null}
{"ts": "2026-07-25T15:03:23.468115", "event": "session_start", "session_sec": 0.0, "sec_since_checkpoint": 0.0, "store_size": 44662, "vnn_nodes": 72418, "vnn_archways": 364928, "detail": null}
{"ts": "2026-07-25T15:40:54.758197", "event": "preserve:finally", "session_sec": 2251.3, "sec_since_checkpoint": 8.3, "store_size": 45007, "vnn_nodes": 74206, "vnn_archways": 372254, "detail": null}
{"ts": "2026-07-25T15:48:28.205107", "event": "session_start", "session_sec": 0.0, "sec_since_checkpoint": 0.0, "store_size": 45007, "vnn_nodes": 74206, "vnn_archways": 372254, "detail": null}
{"ts": "2026-07-25T16:44:40.789403", "event": "preserve:finally", "session_sec": 3372.6, "sec_since_checkpoint": 9.8, "store_size": 45023, "vnn_nodes": 98911, "vnn_archways": 393768, "detail": null}
{"ts": "2026-07-25T16:46:04.991931", "event": "session_start", "session_sec": 0.0, "sec_since_checkpoint": 0.0, "store_size": 0, "vnn_nodes": 0, "vnn_archways": 0, "detail": null}
{"ts": "2026-07-25T16:50:05.595300", "event": "preserve:finally", "session_sec": 240.6, "sec_since_checkpoint": 2.2, "store_size": 389, "vnn_nodes": 161, "vnn_archways": 0, "detail": null}
{"ts": "2026-07-26T19:08:50.632626", "event": "session_start", "session_sec": 0.0, "sec_since_checkpoint": 0.0, "store_size": 45023, "vnn_nodes": 98911, "vnn_archways": 393768, "detail": null}
{"ts": "2026-07-26T19:10:26.811463", "event": "preserve:finally", "session_sec": 96.2, "sec_since_checkpoint": 9.0, "store_size": 45183, "vnn_nodes": 98915, "vnn_archways": 393804, "detail": null}
{"ts": "2026-07-27T16:53:19.952754", "event": "session_start", "session_sec": 0.0, "sec_since_checkpoint": 0.0, "store_size": 45183, "vnn_nodes": 98915, "vnn_archways": 393804, "detail": null}
{"ts": "2026-07-27T17:18:29.165704", "event": "preserve:finally", "session_sec": 1509.2, "sec_since_checkpoint": 11.7, "store_size": 46155, "vnn_nodes": 98989, "vnn_archways": 394096, "detail": null}
{"ts": "2026-07-27T17:19:31.653388", "event": "session_start", "session_sec": 0.0, "sec_since_checkpoint": 0.0, "store_size": 46155, "vnn_nodes": 98989, "vnn_archways": 394096, "detail": null}
{"ts": "2026-07-27T17:21:36.453456", "event": "preserve:finally", "session_sec": 124.8, "sec_since_checkpoint": 24.6, "store_size": 46174, "vnn_nodes": 98990, "vnn_archways": 394096, "detail": null}
{"ts": "2026-07-27T19:25:08.036987", "event": "session_start", "session_sec": 0.0, "sec_since_checkpoint": 0.0, "store_size": 46174, "vnn_nodes": 98990, "vnn_archways": 394096, "detail": null}
{"ts": "2026-07-27T19:58:04.251824", "event": "preserve:finally", "session_sec": 1976.2, "sec_since_checkpoint": 14.9, "store_size": 46794, "vnn_nodes": 103079, "vnn_archways": 416476, "detail": null}
{"ts": "2026-07-28T12:53:40.402006", "event": "session_start", "session_sec": 0.0, "sec_since_checkpoint": 0.0, "store_size": 0, "vnn_nodes": 0, "vnn_archways": 0, "detail": null}
{"ts": "2026-07-28T12:56:25.770348", "event": "preserve:finally", "session_sec": 165.4, "sec_since_checkpoint": 2.4, "store_size": 223, "vnn_nodes": 1200, "vnn_archways": 4168, "detail": null}
{"ts": "2026-07-28T13:08:11.230133", "event": "session_start", "session_sec": 0.0, "sec_since_checkpoint": 0.0, "store_size": 223, "vnn_nodes": 1200, "vnn_archways": 4168, "detail": null}
{"ts": "2026-07-28T13:08:38.808122", "event": "preserve:finally", "session_sec": 27.6, "sec_since_checkpoint": 1.1, "store_size": 246, "vnn_nodes": 1201, "vnn_archways": 4168, "detail": null}
{"ts": "2026-07-28T13:20:25.711841", "event": "session_start", "session_sec": 0.0, "sec_since_checkpoint": 0.0, "store_size": 246, "vnn_nodes": 1201, "vnn_archways": 4168, "detail": null}
{"ts": "2026-07-28T14:05:22.131822", "event": "preserve:finally", "session_sec": 2696.4, "sec_since_checkpoint": 2.1, "store_size": 3115, "vnn_nodes": 3406, "vnn_archways": 12724, "detail": null}
{"ts": "2026-07-28T14:29:47.788180", "event": "session_start", "session_sec": 0.0, "sec_since_checkpoint": 0.0, "store_size": 3115, "vnn_nodes": 3406, "vnn_archways": 12724, "detail": null}
{"ts": "2026-07-28T15:29:47.845048", "event": "checkpoint:heartbeat", "session_sec": 3600.1, "sec_since_checkpoint": 0.0, "store_size": 7998, "vnn_nodes": 3654, "vnn_archways": 13628, "detail": null}
{"ts": "2026-07-28T16:29:47.972749", "event": "checkpoint:heartbeat", "session_sec": 7200.2, "sec_since_checkpoint": 0.0, "store_size": 12636, "vnn_nodes": 3932, "vnn_archways": 14932, "detail": null}
{"ts": "2026-07-28T17:29:48.134003", "event": "checkpoint:heartbeat", "session_sec": 10800.3, "sec_since_checkpoint": 0.0, "store_size": 15575, "vnn_nodes": 4253, "vnn_archways": 16286, "detail": null}
{"ts": "2026-07-28T18:28:38.262915", "event": "preserve:finally", "session_sec": 14330.5, "sec_since_checkpoint": 3.2, "store_size": 17595, "vnn_nodes": 4960, "vnn_archways": 20432, "detail": null}
{"ts": "2026-07-28T20:37:19.700301", "event": "session_start", "session_sec": 0.0, "sec_since_checkpoint": 0.0, "store_size": 17595, "vnn_nodes": 4960, "vnn_archways": 20432, "detail": null}
{"ts": "2026-07-28T20:40:36.340229", "event": "preserve:finally", "session_sec": 196.6, "sec_since_checkpoint": 3.3, "store_size": 17638, "vnn_nodes": 5024, "vnn_archways": 20824, "detail": null}
{"ts": "2026-07-28T20:54:37.028174", "event": "session_start", "session_sec": 0.0, "sec_since_checkpoint": 0.0, "store_size": 0, "vnn_nodes": 0, "vnn_archways": 0, "detail": null}
{"ts": "2026-07-28T21:01:29.911486", "event": "preserve:finally", "session_sec": 412.9, "sec_since_checkpoint": 1.8, "store_size": 87, "vnn_nodes": 124, "vnn_archways": 80, "detail": null}
{"ts": "2026-07-28T21:10:43.396533", "event": "session_start", "session_sec": 0.0, "sec_since_checkpoint": 0.0, "store_size": 87, "vnn_nodes": 124, "vnn_archways": 80, "detail": null}
{"ts": "2026-07-28T21:16:38.613106", "event": "preserve:finally", "session_sec": 355.2, "sec_since_checkpoint": 2.2, "store_size": 339, "vnn_nodes": 2472, "vnn_archways": 13196, "detail": null}
{"ts": "2026-07-30T10:07:44.341454", "event": "session_start", "session_sec": 0.0, "sec_since_checkpoint": 0.0, "store_size": 46794, "vnn_nodes": 103079, "vnn_archways": 416476, "detail": null}
{"ts": "2026-07-30T10:10:58.511994", "event": "preserve:finally", "session_sec": 194.2, "sec_since_checkpoint": 12.5, "store_size": 46964, "vnn_nodes": 103407, "vnn_archways": 418698, "detail": null}
{"ts": "2026-07-30T11:02:43.702950", "event": "session_start", "session_sec": 0.0, "sec_since_checkpoint": 0.0, "store_size": 46964, "vnn_nodes": 103407, "vnn_archways": 418698, "detail": null}
{"ts": "2026-07-30T11:19:17.184805", "event": "preserve:finally", "session_sec": 993.5, "sec_since_checkpoint": 9.3, "store_size": 47373, "vnn_nodes": 103910, "vnn_archways": 421184, "detail": null}
{"ts": "2026-07-30T11:42:11.998902", "event": "session_start", "session_sec": 0.0, "sec_since_checkpoint": 0.0, "store_size": 47373, "vnn_nodes": 103910, "vnn_archways": 421184, "detail": null}
{"ts": "2026-07-30T11:43:41.924982", "event": "preserve:finally", "session_sec": 89.9, "sec_since_checkpoint": 8.9, "store_size": 47427, "vnn_nodes": 103952, "vnn_archways": 421324, "detail": null}
{"ts": "2026-07-30T11:57:13.597490", "event": "session_start", "session_sec": 0.0, "sec_since_checkpoint": 0.0, "store_size": 47427, "vnn_nodes": 103952, "vnn_archways": 421324, "detail": null}
{"ts": "2026-07-30T12:02:45.669488", "event": "preserve:finally", "session_sec": 332.1, "sec_since_checkpoint": 10.1, "store_size": 47535, "vnn_nodes": 104086, "vnn_archways": 421968, "detail": null}
{"ts": "2026-07-30T12:06:46.357811", "event": "session_start", "session_sec": 0.0, "sec_since_checkpoint": 0.0, "store_size": 47535, "vnn_nodes": 104086, "vnn_archways": 421968, "detail": null}
{"ts": "2026-07-30T12:20:46.018838", "event": "preserve:finally", "session_sec": 839.7, "sec_since_checkpoint": 9.6, "store_size": 47823, "vnn_nodes": 104313, "vnn_archways": 423386, "detail": null}
{"ts": "2026-07-30T12:21:26.437590", "event": "session_start", "session_sec": 0.0, "sec_since_checkpoint": 0.0, "store_size": 47823, "vnn_nodes": 104313, "vnn_archways": 423386, "detail": null}
{"ts": "2026-07-30T12:24:26.180786", "event": "preserve:finally", "session_sec": 179.7, "sec_since_checkpoint": 19.9, "store_size": 47873, "vnn_nodes": 104314, "vnn_archways": 430192, "detail": null}
{"ts": "2026-07-30T12:24:41.595342", "event": "session_start", "session_sec": 0.0, "sec_since_checkpoint": 0.0, "store_size": 47873, "vnn_nodes": 104314, "vnn_archways": 430192, "detail": null}
{"ts": "2026-07-30T12:34:25.016191", "event": "preserve:finally", "session_sec": 583.4, "sec_since_checkpoint": 33.6, "store_size": 47946, "vnn_nodes": 104314, "vnn_archways": 436998, "detail": null}
{"ts": "2026-07-30T12:38:42.112135", "event": "session_start", "session_sec": 0.0, "sec_since_checkpoint": 0.0, "store_size": 47946, "vnn_nodes": 104314, "vnn_archways": 436998, "detail": null}
{"ts": "2026-07-30T12:48:03.012792", "event": "preserve:finally", "session_sec": 560.9, "sec_since_checkpoint": 10.1, "store_size": 47993, "vnn_nodes": 104346, "vnn_archways": 443876, "detail": null}
{"ts": "2026-07-30T12:52:11.702605", "event": "session_start", "session_sec": 0.0, "sec_since_checkpoint": 0.0, "store_size": 47993, "vnn_nodes": 104346, "vnn_archways": 443876, "detail": null}
{"ts": "2026-07-30T12:56:22.782052", "event": "preserve:finally", "session_sec": 251.1, "sec_since_checkpoint": 11.4, "store_size": 48015, "vnn_nodes": 104359, "vnn_archways": 450684, "detail": null}
{"ts": "2026-07-30T13:00:35.126165", "event": "session_start", "session_sec": 0.0, "sec_since_checkpoint": 0.0, "store_size": 48015, "vnn_nodes": 104359, "vnn_archways": 450684, "detail": null}
{"ts": "2026-07-30T13:08:05.966586", "event": "preserve:finally", "session_sec": 450.8, "sec_since_checkpoint": 9.6, "store_size": 48123, "vnn_nodes": 108460, "vnn_archways": 474528, "detail": null}
{"ts": "2026-07-30T13:17:36.881551", "event": "session_start", "session_sec": 0.0, "sec_since_checkpoint": 0.0, "store_size": 48123, "vnn_nodes": 108460, "vnn_archways": 474528, "detail": null}
{"ts": "2026-07-30T13:23:37.574578", "event": "preserve:finally", "session_sec": 360.7, "sec_since_checkpoint": 11.3, "store_size": 48328, "vnn_nodes": 108853, "vnn_archways": 476890, "detail": null}
{"ts": "2026-07-30T13:32:10.120389", "event": "session_start", "session_sec": 0.0, "sec_since_checkpoint": 0.0, "store_size": 48328, "vnn_nodes": 108853, "vnn_archways": 476890, "detail": null}
{"ts": "2026-07-30T13:33:57.485399", "event": "preserve:finally", "session_sec": 107.4, "sec_since_checkpoint": 10.1, "store_size": 48377, "vnn_nodes": 108875, "vnn_archways": 476968, "detail": null}
{"ts": "2026-07-30T13:38:49.619441", "event": "session_start", "session_sec": 0.0, "sec_since_checkpoint": 0.0, "store_size": 48377, "vnn_nodes": 108875, "vnn_archways": 476968, "detail": null}
{"ts": "2026-07-30T13:41:49.455434", "event": "preserve:finally", "session_sec": 179.8, "sec_since_checkpoint": 20.0, "store_size": 48392, "vnn_nodes": 108931, "vnn_archways": 484782, "detail": null}
{"ts": "2026-07-30T13:42:22.898980", "event": "session_start", "session_sec": 0.0, "sec_since_checkpoint": 0.0, "store_size": 48392, "vnn_nodes": 108931, "vnn_archways": 484782, "detail": null}
{"ts": "2026-07-30T13:42:58.783789", "event": "preserve:finally", "session_sec": 35.9, "sec_since_checkpoint": 11.5, "store_size": 48396, "vnn_nodes": 108931, "vnn_archways": 484782, "detail": null}
{"ts": "2026-07-30T13:46:08.150386", "event": "session_start", "session_sec": 0.0, "sec_since_checkpoint": 0.0, "store_size": 48396, "vnn_nodes": 108931, "vnn_archways": 484782, "detail": null}
{"ts": "2026-07-30T13:48:55.545934", "event": "preserve:finally", "session_sec": 167.4, "sec_since_checkpoint": 10.7, "store_size": 48410, "vnn_nodes": 108944, "vnn_archways": 491696, "detail": null}
{"ts": "2026-07-30T14:12:00.769211", "event": "session_start", "session_sec": 0.0, "sec_since_checkpoint": 0.0, "store_size": 48410, "vnn_nodes": 108944, "vnn_archways": 491696, "detail": null}
{"ts": "2026-07-30T14:13:16.410145", "event": "preserve:finally", "session_sec": 75.6, "sec_since_checkpoint": 10.1, "store_size": 48416, "vnn_nodes": 108945, "vnn_archways": 491696, "detail": null}
{"ts": "2026-07-30T14:16:42.626021", "event": "session_start", "session_sec": 0.0, "sec_since_checkpoint": 0.0, "store_size": 48416, "vnn_nodes": 108945, "vnn_archways": 491696, "detail": null}
{"ts": "2026-07-30T14:18:29.412753", "event": "preserve:finally", "session_sec": 106.8, "sec_since_checkpoint": 14.3, "store_size": 48424, "vnn_nodes": 108957, "vnn_archways": 498774, "detail": null}
{"ts": "2026-07-30T14:21:25.691877", "event": "session_start", "session_sec": 0.0, "sec_since_checkpoint": 0.0, "store_size": 0, "vnn_nodes": 0, "vnn_archways": 0, "detail": null}
{"ts": "2026-07-30T14:25:26.769518", "event": "preserve:finally", "session_sec": 241.1, "sec_since_checkpoint": 2.3, "store_size": 279, "vnn_nodes": 747, "vnn_archways": 1958, "detail": null}
{"ts": "2026-07-30T14:29:53.726243", "event": "session_start", "session_sec": 0.0, "sec_since_checkpoint": 0.0, "store_size": 48424, "vnn_nodes": 108957, "vnn_archways": 498774, "detail": null}
{"ts": "2026-07-30T14:30:20.416121", "event": "preserve:finally", "session_sec": 26.7, "sec_since_checkpoint": 13.4, "store_size": 48428, "vnn_nodes": 108958, "vnn_archways": 498774, "detail": null}
{"ts": "2026-07-30T14:30:56.695906", "event": "session_start", "session_sec": 0.0, "sec_since_checkpoint": 0.0, "store_size": 0, "vnn_nodes": 0, "vnn_archways": 0, "detail": null}
{"ts": "2026-07-30T14:33:31.820507", "event": "preserve:finally", "session_sec": 155.1, "sec_since_checkpoint": 2.2, "store_size": 187, "vnn_nodes": 1227, "vnn_archways": 6064, "detail": null}
{"ts": "2026-07-30T14:34:06.768569", "event": "session_start", "session_sec": 0.0, "sec_since_checkpoint": 0.0, "store_size": 187, "vnn_nodes": 1227, "vnn_archways": 6064, "detail": null}
{"ts": "2026-07-30T14:35:27.989473", "event": "preserve:finally", "session_sec": 81.2, "sec_since_checkpoint": 2.2, "store_size": 226, "vnn_nodes": 1231, "vnn_archways": 6064, "detail": null}
{"ts": "2026-07-30T14:35:38.662805", "event": "session_start", "session_sec": 0.0, "sec_since_checkpoint": 0.0, "store_size": 226, "vnn_nodes": 1231, "vnn_archways": 6064, "detail": null}
{"ts": "2026-07-30T14:47:02.346521", "event": "preserve:finally", "session_sec": 683.7, "sec_since_checkpoint": 2.1, "store_size": 733, "vnn_nodes": 9536, "vnn_archways": 52230, "detail": null}
{"ts": "2026-07-30T16:11:57.635752", "event": "session_start", "session_sec": 0.0, "sec_since_checkpoint": 0.0, "store_size": 48428, "vnn_nodes": 108958, "vnn_archways": 498774, "detail": null}
{"ts": "2026-07-30T16:14:06.350034", "event": "preserve:finally", "session_sec": 128.7, "sec_since_checkpoint": 17.1, "store_size": 48438, "vnn_nodes": 108961, "vnn_archways": 505592, "detail": null}
{"ts": "2026-07-30T16:23:55.153483", "event": "session_start", "session_sec": 0.0, "sec_since_checkpoint": 0.0, "store_size": 48438, "vnn_nodes": 108961, "vnn_archways": 505592, "detail": null}
{"ts": "2026-07-30T16:30:33.547948", "event": "preserve:finally", "session_sec": 398.4, "sec_since_checkpoint": 9.5, "store_size": 48625, "vnn_nodes": 111169, "vnn_archways": 516762, "detail": null}
{"ts": "2026-07-30T17:10:02.741526", "event": "session_start", "session_sec": 0.0, "sec_since_checkpoint": 0.0, "store_size": 48625, "vnn_nodes": 111169, "vnn_archways": 516762, "detail": null}
{"ts": "2026-07-30T17:15:31.276685", "event": "preserve:finally", "session_sec": 328.5, "sec_since_checkpoint": 12.5, "store_size": 48754, "vnn_nodes": 111965, "vnn_archways": 521890, "detail": null}
{"ts": "2026-07-30T18:04:09.102741", "event": "session_start", "session_sec": 0.0, "sec_since_checkpoint": 0.0, "store_size": 48754, "vnn_nodes": 111965, "vnn_archways": 521890, "detail": null}
{"ts": "2026-07-30T18:06:31.600515", "event": "preserve:finally", "session_sec": 142.5, "sec_since_checkpoint": 20.9, "store_size": 48785, "vnn_nodes": 112132, "vnn_archways": 523092, "detail": null}
{"ts": "2026-07-30T18:06:58.572648", "event": "session_start", "session_sec": 0.0, "sec_since_checkpoint": 0.0, "store_size": 48785, "vnn_nodes": 112132, "vnn_archways": 523092, "detail": null}
{"ts": "2026-07-30T18:13:49.091700", "event": "preserve:finally", "session_sec": 410.5, "sec_since_checkpoint": 11.1, "store_size": 49001, "vnn_nodes": 113368, "vnn_archways": 530610, "detail": null}
{"ts": "2026-07-30T20:12:36.150731", "event": "session_start", "session_sec": 0.0, "sec_since_checkpoint": 0.0, "store_size": 49001, "vnn_nodes": 113368, "vnn_archways": 530610, "detail": null}
{"ts": "2026-07-30T20:18:57.164967", "event": "preserve:finally", "session_sec": 381.0, "sec_since_checkpoint": 9.5, "store_size": 49180, "vnn_nodes": 114009, "vnn_archways": 534896, "detail": null}
{"ts": "2026-07-31T07:36:03.193366", "event": "session_start", "session_sec": 0.0, "sec_since_checkpoint": 0.0, "store_size": 49180, "vnn_nodes": 114009, "vnn_archways": 534896, "detail": null}
{"ts": "2026-07-31T07:38:56.995824", "event": "preserve:finally", "session_sec": 173.8, "sec_since_checkpoint": 11.6, "store_size": 49198, "vnn_nodes": 114078, "vnn_archways": 542976, "detail": null}
{"ts": "2026-07-31T07:53:01.558868", "event": "session_start", "session_sec": 0.0, "sec_since_checkpoint": 0.0, "store_size": 49198, "vnn_nodes": 114078, "vnn_archways": 542976, "detail": null}
{"ts": "2026-07-31T07:57:01.627879", "event": "preserve:finally", "session_sec": 240.1, "sec_since_checkpoint": 11.3, "store_size": 49256, "vnn_nodes": 114411, "vnn_archways": 545340, "detail": null}
